customer_id,city,customer_type
CUST-00001,Makassar,Individual
CUST-00002,Makassar,Individual
CUST-00003,Makassar,Individual
CUST-00004,Denpasar,Individual
CUST-00005,Medan,nan
CUST-00006,Balikpapan,Corporate
CUST-00007,Bandung,nan
CUST-00008,Denpasar,Individual
CUST-00009,Bandung,Individual
CUST-00010,Semarang,Individual
CUST-00011,Palembang,Individual
CUST-00012,Balikpapan,Individual
CUST-00013,Palembang,nan
CUST-00014,Surabaya,nan
CUST-00015,Jakarta,Corporate
CUST-00016,Semarang,Individual
CUST-00017,Bandung,Corporate
CUST-00018,Yogyakarta,Corporate
CUST-00019,Denpasar,Corporate
CUST-00020,Semarang,Individual
CUST-00021,Yogyakarta,Individual
CUST-00022,Denpasar,Individual
CUST-00023,Yogyakarta,Corporate
CUST-00024,Semarang,Individual
CUST-00025,Denpasar,Individual
CUST-00026,Bandung,Individual
CUST-00027,Denpasar,Corporate
CUST-00028,Makassar,Individual
CUST-00029,Medan,Individual
CUST-00030,Palembang,Individual
CUST-00031,Balikpapan,Individual
CUST-00032,Medan,Individual
CUST-00033,Surabaya,Individual
CUST-00034,Denpasar,Corporate
CUST-00035,Semarang,Individual
CUST-00036,Yogyakarta,Corporate
CUST-00037,Makassar,Corporate
CUST-00038,Surabaya,Individual
CUST-00039,Surabaya,Individual
CUST-00040,Palembang,Individual
CUST-00041,Semarang,Individual
CUST-00042,Palembang,Individual
CUST-00043,Balikpapan,nan
CUST-00044,Denpasar,Individual
CUST-00045,Semarang,Individual
CUST-00046,Jakarta,Individual
CUST-00047,Surabaya,Individual
CUST-00048,Balikpapan,Individual
CUST-00049,Medan,Individual
CUST-00050,Makassar,Individual
CUST-00051,Yogyakarta,Corporate
CUST-00052,Yogyakarta,Individual
CUST-00053,Yogyakarta,Corporate
CUST-00054,Jakarta,Individual
CUST-00055,Surabaya,Individual
CUST-00056,Jakarta,Individual
CUST-00057,Palembang,Corporate
CUST-00058,Bandung,Individual
CUST-00059,Denpasar,nan
CUST-00060,Balikpapan,Individual
CUST-00061,Palembang,Individual
CUST-00062,Bandung,Corporate
CUST-00063,Semarang,nan
CUST-00064,Bandung,Corporate
CUST-00065,Semarang,Individual
CUST-00066,Balikpapan,Corporate
CUST-00067,Surabaya,Individual
CUST-00068,Palembang,Individual
CUST-00069,Makassar,Individual
CUST-00070,Denpasar,Corporate
CUST-00071,Medan,nan
CUST-00072,Balikpapan,Individual
CUST-00073,Balikpapan,Corporate
CUST-00074,Yogyakarta,Corporate
CUST-00075,Jakarta,Corporate
CUST-00076,Jakarta,nan
CUST-00077,Bandung,Individual
CUST-00078,Yogyakarta,Individual
CUST-00079,Balikpapan,nan
CUST-00080,Jakarta,Individual
CUST-00081,Bandung,Corporate
CUST-00082,Palembang,Individual
CUST-00083,Yogyakarta,Individual
CUST-00084,Makassar,nan
CUST-00085,Palembang,Individual
CUST-00086,Medan,nan
CUST-00087,Semarang,Individual
CUST-00088,Surabaya,Individual
CUST-00089,Jakarta,Individual
CUST-00090,Bandung,Individual
CUST-00091,Surabaya,nan
CUST-00092,Bandung,Individual
CUST-00093,Semarang,Individual
CUST-00094,Palembang,nan
CUST-00095,Denpasar,Individual
CUST-00096,Semarang,Corporate
CUST-00097,Denpasar,Individual
CUST-00098,Jakarta,Individual
CUST-00099,Makassar,Individual
CUST-00100,Denpasar,Individual
CUST-00101,Yogyakarta,Individual
CUST-00102,Bandung,Corporate
CUST-00103,Balikpapan,Individual
CUST-00104,Palembang,Individual
CUST-00105,Makassar,Individual
CUST-00106,Makassar,nan
CUST-00107,Bandung,Corporate
CUST-00108,Yogyakarta,Corporate
CUST-00109,Semarang,nan
CUST-00110,Yogyakarta,Corporate
CUST-00111,Jakarta,Individual
CUST-00112,Balikpapan,Corporate
CUST-00113,Palembang,Corporate
CUST-00114,Denpasar,Individual
CUST-00115,Bandung,Individual
CUST-00116,Balikpapan,nan
CUST-00117,Surabaya,Individual
CUST-00118,Jakarta,Individual
CUST-00119,Denpasar,Individual
CUST-00120,Jakarta,Individual
CUST-00121,Bandung,Corporate
CUST-00122,Makassar,Individual
CUST-00123,Bandung,Individual
CUST-00124,Makassar,Corporate
CUST-00125,Bandung,Individual
CUST-00126,Jakarta,Corporate
CUST-00127,Bandung,Individual
CUST-00128,Makassar,nan
CUST-00129,Medan,nan
CUST-00130,Yogyakarta,Individual
CUST-00131,Jakarta,nan
CUST-00132,Semarang,Individual
CUST-00133,Bandung,Corporate
CUST-00134,Bandung,Individual
CUST-00135,Semarang,Individual
CUST-00136,Surabaya,Individual
CUST-00137,Surabaya,Corporate
CUST-00138,Denpasar,Individual
CUST-00139,Medan,Individual
CUST-00140,Semarang,nan
CUST-00141,Balikpapan,Individual
CUST-00142,Makassar,Corporate
CUST-00143,Denpasar,Individual
CUST-00144,Balikpapan,Individual
CUST-00145,Balikpapan,Corporate
CUST-00146,Bandung,Individual
CUST-00147,Jakarta,Individual
CUST-00148,Surabaya,Individual
CUST-00149,Jakarta,Individual
CUST-00150,Jakarta,Individual
CUST-00151,Surabaya,Individual
CUST-00152,Semarang,Individual
CUST-00153,Balikpapan,Corporate
CUST-00154,Semarang,Individual
CUST-00155,Balikpapan,Corporate
CUST-00156,Semarang,Corporate
CUST-00157,Medan,Individual
CUST-00158,Makassar,Individual
CUST-00159,Medan,Corporate
CUST-00160,Semarang,Individual
CUST-00161,Denpasar,Individual
CUST-00162,Yogyakarta,nan
CUST-00163,Balikpapan,Individual
CUST-00164,Balikpapan,Corporate
CUST-00165,Balikpapan,Corporate
CUST-00166,Bandung,nan
CUST-00167,Medan,Corporate
CUST-00168,Denpasar,nan
CUST-00169,Bandung,Individual
CUST-00170,Yogyakarta,Individual
CUST-00171,Medan,Individual
CUST-00172,Palembang,Individual
CUST-00173,Makassar,Individual
CUST-00174,Medan,Corporate
CUST-00175,Balikpapan,Individual
CUST-00176,Jakarta,Corporate
CUST-00177,Semarang,Individual
CUST-00178,Medan,Individual
CUST-00179,Palembang,nan
CUST-00180,Surabaya,Individual
CUST-00181,Bandung,Corporate
CUST-00182,Surabaya,Individual
CUST-00183,Semarang,Individual
CUST-00184,Surabaya,Individual
CUST-00185,Balikpapan,Corporate
CUST-00186,Surabaya,Individual
CUST-00187,Balikpapan,Individual
CUST-00188,Makassar,Individual
CUST-00189,Yogyakarta,Individual
CUST-00190,Balikpapan,Individual
CUST-00191,Denpasar,Individual
CUST-00192,Medan,Corporate
CUST-00193,Surabaya,Corporate
CUST-00194,Surabaya,Individual
CUST-00195,Makassar,Individual
CUST-00196,Medan,Individual
CUST-00197,Makassar,Corporate
CUST-00198,Semarang,Corporate
CUST-00199,Yogyakarta,Individual
CUST-00200,Palembang,Individual
CUST-00201,Medan,Corporate
CUST-00202,Medan,Corporate
CUST-00203,Jakarta,Individual
CUST-00204,Semarang,nan
CUST-00205,Surabaya,Individual
CUST-00206,Bandung,Individual
CUST-00207,Balikpapan,Corporate
CUST-00208,Bandung,Individual
CUST-00209,Medan,nan
CUST-00210,Palembang,Individual
CUST-00211,Makassar,Individual
CUST-00212,Balikpapan,Individual
CUST-00213,Surabaya,nan
CUST-00214,Balikpapan,nan
CUST-00215,Denpasar,Individual
CUST-00216,Semarang,nan
CUST-00217,Surabaya,Individual
CUST-00218,Yogyakarta,Corporate
CUST-00219,Palembang,Individual
CUST-00220,Medan,Individual
CUST-00221,Medan,Individual
CUST-00222,Denpasar,Individual
CUST-00223,Balikpapan,nan
CUST-00224,Palembang,Individual
CUST-00225,Makassar,Corporate
CUST-00226,Medan,Individual
CUST-00227,Semarang,Individual
CUST-00228,Makassar,Individual
CUST-00229,Makassar,Individual
CUST-00230,Semarang,Corporate
CUST-00231,Denpasar,Individual
CUST-00232,Yogyakarta,nan
CUST-00233,Bandung,Individual
CUST-00234,Makassar,Corporate
CUST-00235,Bandung,Individual
CUST-00236,Semarang,Individual
CUST-00237,Surabaya,Individual
CUST-00238,Medan,Individual
CUST-00239,Denpasar,nan
CUST-00240,Makassar,Individual
CUST-00241,Yogyakarta,Individual
CUST-00242,Yogyakarta,Corporate
CUST-00243,Denpasar,Individual
CUST-00244,Semarang,Individual
CUST-00245,Semarang,Individual
CUST-00246,Semarang,Corporate
CUST-00247,Palembang,Individual
CUST-00248,Palembang,Individual
CUST-00249,Surabaya,Corporate
CUST-00250,Palembang,Individual
CUST-00251,Semarang,Corporate
CUST-00252,Palembang,Individual
CUST-00253,Bandung,Corporate
CUST-00254,Makassar,Individual
CUST-00255,Makassar,Individual
CUST-00256,Balikpapan,Individual
CUST-00257,Bandung,Individual
CUST-00258,Makassar,nan
CUST-00259,Semarang,Individual
CUST-00260,Semarang,Individual
CUST-00261,Surabaya,Individual
CUST-00262,Jakarta,Corporate
CUST-00263,Semarang,Corporate
CUST-00264,Denpasar,Corporate
CUST-00265,Jakarta,Individual
CUST-00266,Jakarta,Individual
CUST-00267,Yogyakarta,Individual
CUST-00268,Makassar,Individual
CUST-00269,Palembang,nan
CUST-00270,Palembang,Individual
CUST-00271,Medan,Individual
CUST-00272,Semarang,Individual
CUST-00273,Makassar,Corporate
CUST-00274,Surabaya,Individual
CUST-00275,Surabaya,Corporate
CUST-00276,Makassar,Individual
CUST-00277,Surabaya,Individual
CUST-00278,Medan,Individual
CUST-00279,Yogyakarta,Individual
CUST-00280,Palembang,Individual
CUST-00281,Surabaya,Individual
CUST-00282,Balikpapan,nan
CUST-00283,Medan,Individual
CUST-00284,Jakarta,Individual
CUST-00285,Palembang,Individual
CUST-00286,Bandung,Corporate
CUST-00287,Makassar,Individual
CUST-00288,Jakarta,Individual
CUST-00289,Yogyakarta,nan
CUST-00290,Bandung,Individual
CUST-00291,Denpasar,nan
CUST-00292,Jakarta,Corporate
CUST-00293,Makassar,nan
CUST-00294,Yogyakarta,Corporate
CUST-00295,Makassar,Individual
CUST-00296,Palembang,Individual
CUST-00297,Yogyakarta,Individual
CUST-00298,Yogyakarta,Individual
CUST-00299,Makassar,Individual
CUST-00300,Bandung,Individual
CUST-00301,Denpasar,Corporate
CUST-00302,Medan,nan
CUST-00303,Jakarta,Individual
CUST-00304,Bandung,nan
CUST-00305,Jakarta,nan
CUST-00306,Palembang,Individual
CUST-00307,Surabaya,Individual
CUST-00308,Jakarta,Individual
CUST-00309,Balikpapan,nan
CUST-00310,Denpasar,Individual
CUST-00311,Balikpapan,Individual
CUST-00312,Palembang,Individual
CUST-00313,Semarang,Individual
CUST-00314,Denpasar,Corporate
CUST-00315,Balikpapan,Corporate
CUST-00316,Yogyakarta,Individual
CUST-00317,Bandung,Individual
CUST-00318,Denpasar,nan
CUST-00319,Denpasar,Individual
CUST-00320,Balikpapan,nan
CUST-00321,Medan,Corporate
CUST-00322,Palembang,Individual
CUST-00323,Bandung,Individual
CUST-00324,Jakarta,Corporate
CUST-00325,Makassar,Corporate
CUST-00326,Jakarta,Individual
CUST-00327,Bandung,Individual
CUST-00328,Yogyakarta,Corporate
CUST-00329,Jakarta,Individual
CUST-00330,Balikpapan,Corporate
CUST-00331,Jakarta,nan
CUST-00332,Semarang,Corporate
CUST-00333,Palembang,Individual
CUST-00334,Balikpapan,Individual
CUST-00335,Makassar,Individual
CUST-00336,Palembang,nan
CUST-00337,Yogyakarta,nan
CUST-00338,Jakarta,Individual
CUST-00339,Yogyakarta,Individual
CUST-00340,Surabaya,Individual
CUST-00341,Bandung,Corporate
CUST-00342,Medan,Individual
CUST-00343,Yogyakarta,Individual
CUST-00344,Balikpapan,Individual
CUST-00345,Surabaya,Individual
CUST-00346,Makassar,nan
CUST-00347,Makassar,Corporate
CUST-00348,Jakarta,nan
CUST-00349,Denpasar,nan
CUST-00350,Surabaya,Individual
CUST-00351,Makassar,Individual
CUST-00352,Bandung,Individual
CUST-00353,Surabaya,Individual
CUST-00354,Bandung,Individual
CUST-00355,Denpasar,nan
CUST-00356,Semarang,Individual
CUST-00357,Semarang,Individual
CUST-00358,Surabaya,Individual
CUST-00359,Balikpapan,Individual
CUST-00360,Makassar,Corporate
CUST-00361,Makassar,Corporate
CUST-00362,Balikpapan,Corporate
CUST-00363,Medan,Individual
CUST-00364,Jakarta,Individual
CUST-00365,Medan,Individual
CUST-00366,Palembang,Corporate
CUST-00367,Yogyakarta,Individual
CUST-00368,Medan,Corporate
CUST-00369,Denpasar,Corporate
CUST-00370,Bandung,Individual
CUST-00371,Yogyakarta,Individual
CUST-00372,Jakarta,Individual
CUST-00373,Makassar,Corporate
CUST-00374,Yogyakarta,Individual
CUST-00375,Yogyakarta,nan
CUST-00376,Yogyakarta,Individual
CUST-00377,Makassar,Individual
CUST-00378,Semarang,Individual
CUST-00379,Balikpapan,Corporate
CUST-00380,Bandung,Individual
CUST-00381,Medan,Individual
CUST-00382,Yogyakarta,Individual
CUST-00383,Semarang,Corporate
CUST-00384,Balikpapan,nan
CUST-00385,Balikpapan,Corporate
CUST-00386,Balikpapan,Individual
CUST-00387,Bandung,Corporate
CUST-00388,Medan,Corporate
CUST-00389,Surabaya,Individual
CUST-00390,Yogyakarta,Corporate
CUST-00391,Denpasar,nan
CUST-00392,Jakarta,Individual
CUST-00393,Medan,Corporate
CUST-00394,Medan,Individual
CUST-00395,Denpasar,nan
CUST-00396,Yogyakarta,Corporate
CUST-00397,Balikpapan,Individual
CUST-00398,Denpasar,Individual
CUST-00399,Jakarta,Individual
CUST-00400,Balikpapan,Individual
CUST-00401,Medan,Individual
CUST-00402,Makassar,Individual
CUST-00403,Jakarta,Individual
CUST-00404,Makassar,Corporate
CUST-00405,Semarang,nan
CUST-00406,Bandung,Individual
CUST-00407,Surabaya,Individual
CUST-00408,Bandung,Individual
CUST-00409,Jakarta,Individual
CUST-00410,Jakarta,nan
CUST-00411,Medan,Corporate
CUST-00412,Jakarta,Individual
CUST-00413,Denpasar,nan
CUST-00414,Medan,Individual
CUST-00415,Bandung,Individual
CUST-00416,Balikpapan,Corporate
CUST-00417,Medan,Individual
CUST-00418,Semarang,Corporate
CUST-00419,Makassar,Individual
CUST-00420,Palembang,Individual
CUST-00421,Medan,Corporate
CUST-00422,Palembang,Individual
CUST-00423,Surabaya,Individual
CUST-00424,Medan,Individual
CUST-00425,Bandung,Individual
CUST-00426,Jakarta,nan
CUST-00427,Jakarta,Corporate
CUST-00428,Yogyakarta,nan
CUST-00429,Balikpapan,Corporate
CUST-00430,Balikpapan,Individual
CUST-00431,Palembang,Individual
CUST-00432,Jakarta,Individual
CUST-00433,Semarang,nan
CUST-00434,Surabaya,Individual
CUST-00435,Yogyakarta,Individual
CUST-00436,Surabaya,Corporate
CUST-00437,Balikpapan,Corporate
CUST-00438,Medan,nan
CUST-00439,Yogyakarta,Individual
CUST-00440,Semarang,nan
CUST-00441,Surabaya,Individual
CUST-00442,Balikpapan,Corporate
CUST-00443,Palembang,Corporate
CUST-00444,Balikpapan,Individual
CUST-00445,Bandung,Individual
CUST-00446,Bandung,Individual
CUST-00447,Yogyakarta,Individual
CUST-00448,Bandung,Individual
CUST-00449,Medan,Individual
CUST-00450,Bandung,nan
CUST-00451,Semarang,Individual
CUST-00452,Yogyakarta,Corporate
CUST-00453,Yogyakarta,Individual
CUST-00454,Palembang,Individual
CUST-00455,Semarang,nan
CUST-00456,Yogyakarta,Individual
CUST-00457,Surabaya,Individual
CUST-00458,Surabaya,Individual
CUST-00459,Denpasar,Corporate
CUST-00460,Semarang,Corporate
CUST-00461,Denpasar,Corporate
CUST-00462,Makassar,Individual
CUST-00463,Makassar,Corporate
CUST-00464,Surabaya,Individual
CUST-00465,Makassar,Individual
CUST-00466,Makassar,Corporate
CUST-00467,Surabaya,Corporate
CUST-00468,Balikpapan,Individual
CUST-00469,Surabaya,Individual
CUST-00470,Bandung,Individual
CUST-00471,Surabaya,Individual
CUST-00472,Yogyakarta,nan
CUST-00473,Yogyakarta,Corporate
CUST-00474,Surabaya,Individual
CUST-00475,Balikpapan,Corporate
CUST-00476,Makassar,nan
CUST-00477,Yogyakarta,Individual
CUST-00478,Medan,Individual
CUST-00479,Bandung,nan
CUST-00480,Denpasar,Individual
CUST-00481,Makassar,Individual
CUST-00482,Bandung,nan
CUST-00483,Jakarta,Individual
CUST-00484,Surabaya,Individual
CUST-00485,Palembang,Individual
CUST-00486,Makassar,Corporate
CUST-00487,Semarang,Individual
CUST-00488,Denpasar,Individual
CUST-00489,Jakarta,Corporate
CUST-00490,Palembang,Individual
CUST-00491,Yogyakarta,Individual
CUST-00492,Bandung,Corporate
CUST-00493,Bandung,Corporate
CUST-00494,Semarang,Individual
CUST-00495,Yogyakarta,Corporate
CUST-00496,Surabaya,Individual
CUST-00497,Yogyakarta,Individual
CUST-00498,Semarang,Individual
CUST-00499,Bandung,Individual
CUST-00500,Palembang,nan
CUST-00501,Medan,Individual
CUST-00502,Palembang,Individual
CUST-00503,Surabaya,Corporate
CUST-00504,Yogyakarta,Individual
CUST-00505,Surabaya,Individual
CUST-00506,Balikpapan,Individual
CUST-00507,Balikpapan,Corporate
CUST-00508,Medan,Individual
CUST-00509,Makassar,Individual
CUST-00510,Denpasar,Corporate
CUST-00511,Makassar,Corporate
CUST-00512,Jakarta,Individual
CUST-00513,Yogyakarta,Individual
CUST-00514,Surabaya,Individual
CUST-00515,Palembang,Corporate
CUST-00516,Makassar,Individual
CUST-00517,Makassar,Individual
CUST-00518,Yogyakarta,Corporate
CUST-00519,Yogyakarta,Individual
CUST-00520,Semarang,Individual
CUST-00521,Yogyakarta,Individual
CUST-00522,Makassar,Individual
CUST-00523,Surabaya,Corporate
CUST-00524,Palembang,Individual
CUST-00525,Bandung,Individual
CUST-00526,Medan,Individual
CUST-00527,Palembang,Corporate
CUST-00528,Bandung,Corporate
CUST-00529,Jakarta,Corporate
CUST-00530,Surabaya,Individual
CUST-00531,Yogyakarta,nan
CUST-00532,Jakarta,Individual
CUST-00533,Semarang,Individual
CUST-00534,Semarang,Individual
CUST-00535,Semarang,Individual
CUST-00536,Palembang,Corporate
CUST-00537,Jakarta,Corporate
CUST-00538,Jakarta,Individual
CUST-00539,Medan,Individual
CUST-00540,Semarang,nan
CUST-00541,Yogyakarta,Individual
CUST-00542,Semarang,Individual
CUST-00543,Surabaya,Individual
CUST-00544,Makassar,nan
CUST-00545,Palembang,Individual
CUST-00546,Balikpapan,Individual
CUST-00547,Medan,Individual
CUST-00548,Balikpapan,Individual
CUST-00549,Semarang,Individual
CUST-00550,Palembang,Individual
CUST-00551,Jakarta,Individual
CUST-00552,Balikpapan,Individual
CUST-00553,Balikpapan,Individual
CUST-00554,Denpasar,Individual
CUST-00555,Bandung,Individual
CUST-00556,Makassar,nan
CUST-00557,Jakarta,Corporate
CUST-00558,Medan,Individual
CUST-00559,Yogyakarta,Individual
CUST-00560,Makassar,Individual
CUST-00561,Surabaya,Individual
CUST-00562,Denpasar,Individual
CUST-00563,Balikpapan,Individual
CUST-00564,Balikpapan,Individual
CUST-00565,Palembang,Corporate
CUST-00566,Jakarta,Individual
CUST-00567,Semarang,Corporate
CUST-00568,Yogyakarta,nan
CUST-00569,Makassar,Individual
CUST-00570,Medan,Individual
CUST-00571,Medan,Individual
CUST-00572,Yogyakarta,Individual
CUST-00573,Medan,Individual
CUST-00574,Surabaya,nan
CUST-00575,Balikpapan,Individual
CUST-00576,Makassar,Corporate
CUST-00577,Denpasar,Individual
CUST-00578,Semarang,nan
CUST-00579,Jakarta,Individual
CUST-00580,Denpasar,nan
CUST-00581,Bandung,Corporate
CUST-00582,Balikpapan,Corporate
CUST-00583,Denpasar,Corporate
CUST-00584,Medan,Individual
CUST-00585,Denpasar,Individual
CUST-00586,Makassar,Individual
CUST-00587,Balikpapan,Corporate
CUST-00588,Balikpapan,nan
CUST-00589,Medan,Individual
CUST-00590,Jakarta,Corporate
CUST-00591,Bandung,Individual
CUST-00592,Makassar,nan
CUST-00593,Makassar,Individual
CUST-00594,Bandung,Corporate
CUST-00595,Palembang,Individual
CUST-00596,Yogyakarta,Individual
CUST-00597,Semarang,nan
CUST-00598,Yogyakarta,nan
CUST-00599,Denpasar,Individual
CUST-00600,Makassar,Corporate
CUST-00601,Palembang,nan
CUST-00602,Makassar,Individual
CUST-00603,Balikpapan,Corporate
CUST-00604,Medan,Individual
CUST-00605,Palembang,nan
CUST-00606,Balikpapan,nan
CUST-00607,Semarang,nan
CUST-00608,Palembang,Corporate
CUST-00609,Jakarta,nan
CUST-00610,Makassar,Individual
CUST-00611,Jakarta,Corporate
CUST-00612,Balikpapan,Individual
CUST-00613,Balikpapan,Individual
CUST-00614,Yogyakarta,Individual
CUST-00615,Bandung,Individual
CUST-00616,Semarang,nan
CUST-00617,Bandung,nan
CUST-00618,Medan,Individual
CUST-00619,Medan,Corporate
CUST-00620,Surabaya,Corporate
CUST-00621,Denpasar,Individual
CUST-00622,Denpasar,nan
CUST-00623,Makassar,Individual
CUST-00624,Semarang,Individual
CUST-00625,Balikpapan,Individual
CUST-00626,Semarang,Corporate
CUST-00627,Surabaya,Individual
CUST-00628,Semarang,Individual
CUST-00629,Palembang,Individual
CUST-00630,Jakarta,Individual
CUST-00631,Balikpapan,Individual
CUST-00632,Jakarta,Individual
CUST-00633,Palembang,Individual
CUST-00634,Makassar,Individual
CUST-00635,Medan,Corporate
CUST-00636,Medan,Corporate
CUST-00637,Surabaya,Corporate
CUST-00638,Bandung,Individual
CUST-00639,Palembang,Individual
CUST-00640,Surabaya,Individual
CUST-00641,Makassar,Corporate
CUST-00642,Palembang,Individual
CUST-00643,Yogyakarta,Corporate
CUST-00644,Jakarta,nan
CUST-00645,Semarang,nan
CUST-00646,Makassar,nan
CUST-00647,Bandung,Individual
CUST-00648,Surabaya,nan
CUST-00649,Jakarta,Individual
CUST-00650,Denpasar,Individual
CUST-00651,Palembang,Individual
CUST-00652,Balikpapan,Individual
CUST-00653,Makassar,Corporate
CUST-00654,Jakarta,Individual
CUST-00655,Bandung,Corporate
CUST-00656,Surabaya,Individual
CUST-00657,Bandung,nan
CUST-00658,Makassar,Corporate
CUST-00659,Semarang,nan
CUST-00660,Denpasar,nan
CUST-00661,Makassar,Individual
CUST-00662,Denpasar,Individual
CUST-00663,Jakarta,Individual
CUST-00664,Denpasar,Corporate
CUST-00665,Yogyakarta,Individual
CUST-00666,Medan,Individual
CUST-00667,Makassar,nan
CUST-00668,Jakarta,Individual
CUST-00669,Bandung,Individual
CUST-00670,Bandung,Corporate
CUST-00671,Balikpapan,Individual
CUST-00672,Bandung,Corporate
CUST-00673,Makassar,Individual
CUST-00674,Denpasar,Individual
CUST-00675,Makassar,Individual
CUST-00676,Surabaya,Individual
CUST-00677,Balikpapan,Individual
CUST-00678,Surabaya,Individual
CUST-00679,Makassar,nan
CUST-00680,Surabaya,Corporate
CUST-00681,Medan,nan
CUST-00682,Palembang,Individual
CUST-00683,Jakarta,Individual
CUST-00684,Semarang,nan
CUST-00685,Jakarta,Individual
CUST-00686,Makassar,Corporate
CUST-00687,Palembang,Corporate
CUST-00688,Bandung,Individual
CUST-00689,Balikpapan,Individual
CUST-00690,Denpasar,nan
CUST-00691,Balikpapan,Individual
CUST-00692,Surabaya,Individual
CUST-00693,Semarang,Corporate
CUST-00694,Medan,Individual
CUST-00695,Balikpapan,Individual
CUST-00696,Makassar,nan
CUST-00697,Balikpapan,Corporate
CUST-00698,Surabaya,Individual
CUST-00699,Semarang,nan
CUST-00700,Yogyakarta,Individual
CUST-00701,Surabaya,Corporate
CUST-00702,Jakarta,Individual
CUST-00703,Surabaya,nan
CUST-00704,Semarang,nan
CUST-00705,Medan,Individual
CUST-00706,Medan,Corporate
CUST-00707,Yogyakarta,Individual
CUST-00708,Bandung,Individual
CUST-00709,Medan,Individual
CUST-00710,Yogyakarta,Individual
CUST-00711,Jakarta,nan
CUST-00712,Jakarta,Individual
CUST-00713,Denpasar,Corporate
CUST-00714,Medan,nan
CUST-00715,Palembang,nan
CUST-00716,Bandung,nan
CUST-00717,Denpasar,Individual
CUST-00718,Jakarta,nan
CUST-00719,Balikpapan,Corporate
CUST-00720,Bandung,Individual
CUST-00721,Bandung,nan
CUST-00722,Palembang,Individual
CUST-00723,Medan,Corporate
CUST-00724,Yogyakarta,Individual
CUST-00725,Jakarta,nan
CUST-00726,Palembang,Individual
CUST-00727,Palembang,Individual
CUST-00728,Yogyakarta,Individual
CUST-00729,Bandung,Individual
CUST-00730,Palembang,Individual
CUST-00731,Semarang,Individual
CUST-00732,Jakarta,Corporate
CUST-00733,Denpasar,Individual
CUST-00734,Semarang,Individual
CUST-00735,Jakarta,Corporate
CUST-00736,Yogyakarta,Individual
CUST-00737,Semarang,Individual
CUST-00738,Yogyakarta,Corporate
CUST-00739,Bandung,Corporate
CUST-00740,Yogyakarta,Individual
CUST-00741,Surabaya,Individual
CUST-00742,Yogyakarta,Corporate
CUST-00743,Balikpapan,Individual
CUST-00744,Jakarta,Individual
CUST-00745,Balikpapan,Corporate
CUST-00746,Palembang,Individual
CUST-00747,Bandung,Individual
CUST-00748,Denpasar,Individual
CUST-00749,Semarang,Corporate
CUST-00750,Semarang,nan
CUST-00751,Balikpapan,Individual
CUST-00752,Medan,Individual
CUST-00753,Denpasar,Individual
CUST-00754,Denpasar,nan
CUST-00755,Jakarta,Corporate
CUST-00756,Denpasar,Individual
CUST-00757,Jakarta,Corporate
CUST-00758,Balikpapan,Individual
CUST-00759,Makassar,Corporate
CUST-00760,Bandung,Individual
CUST-00761,Denpasar,Individual
CUST-00762,Medan,Corporate
CUST-00763,Semarang,Individual
CUST-00764,Palembang,Individual
CUST-00765,Makassar,Individual
CUST-00766,Yogyakarta,nan
CUST-00767,Surabaya,Corporate
CUST-00768,Denpasar,Individual
CUST-00769,Makassar,nan
CUST-00770,Makassar,Individual
CUST-00771,Makassar,Corporate
CUST-00772,Balikpapan,nan
CUST-00773,Medan,Individual
CUST-00774,Bandung,Corporate
CUST-00775,Palembang,Corporate
CUST-00776,Surabaya,Corporate
CUST-00777,Yogyakarta,Individual
CUST-00778,Medan,Individual
CUST-00779,Balikpapan,Corporate
CUST-00780,Bandung,Individual
CUST-00781,Denpasar,Individual
CUST-00782,Bandung,Individual
CUST-00783,Medan,Individual
CUST-00784,Bandung,Individual
CUST-00785,Semarang,nan
CUST-00786,Bandung,Individual
CUST-00787,Medan,Corporate
CUST-00788,Makassar,Individual
CUST-00789,Denpasar,Individual
CUST-00790,Jakarta,Corporate
CUST-00791,Bandung,Individual
CUST-00792,Medan,nan
CUST-00793,Denpasar,Individual
CUST-00794,Semarang,Individual
CUST-00795,Yogyakarta,Individual
CUST-00796,Balikpapan,Corporate
CUST-00797,Balikpapan,nan
CUST-00798,Denpasar,Individual
CUST-00799,Denpasar,Individual
CUST-00800,Palembang,Individual
CUST-00801,Makassar,Individual
CUST-00802,Yogyakarta,Corporate
CUST-00803,Makassar,Corporate
CUST-00804,Balikpapan,Corporate
CUST-00805,Semarang,nan
CUST-00806,Denpasar,Corporate
CUST-00807,Palembang,Individual
CUST-00808,Balikpapan,Individual
CUST-00809,Yogyakarta,nan
CUST-00810,Jakarta,nan
CUST-00811,Makassar,Individual
CUST-00812,Jakarta,Individual
CUST-00813,Jakarta,nan
CUST-00814,Jakarta,Individual
CUST-00815,Semarang,Individual
CUST-00816,Denpasar,Individual
CUST-00817,Denpasar,Individual
CUST-00818,Bandung,Individual
CUST-00819,Medan,Individual
CUST-00820,Surabaya,Corporate
CUST-00821,Semarang,nan
CUST-00822,Denpasar,Individual
CUST-00823,Makassar,Individual
CUST-00824,Bandung,Individual
CUST-00825,Semarang,Corporate
CUST-00826,Balikpapan,Individual
CUST-00827,Yogyakarta,Individual
CUST-00828,Yogyakarta,Individual
CUST-00829,Bandung,nan
CUST-00830,Balikpapan,nan
CUST-00831,Palembang,Individual
CUST-00832,Bandung,Corporate
CUST-00833,Yogyakarta,Individual
CUST-00834,Palembang,Corporate
CUST-00835,Bandung,Individual
CUST-00836,Surabaya,Individual
CUST-00837,Yogyakarta,Corporate
CUST-00838,Semarang,nan
CUST-00839,Balikpapan,Corporate
CUST-00840,Yogyakarta,nan
CUST-00841,Makassar,Individual
CUST-00842,Yogyakarta,Individual
CUST-00843,Yogyakarta,Individual
CUST-00844,Denpasar,Individual
CUST-00845,Balikpapan,Corporate
CUST-00846,Makassar,Individual
CUST-00847,Balikpapan,Individual
CUST-00848,Bandung,Individual
CUST-00849,Surabaya,Corporate
CUST-00850,Medan,Corporate
CUST-00851,Jakarta,Individual
CUST-00852,Denpasar,nan
CUST-00853,Denpasar,Corporate
CUST-00854,Palembang,Individual
CUST-00855,Denpasar,Corporate
CUST-00856,Balikpapan,Individual
CUST-00857,Medan,Corporate
CUST-00858,Makassar,Individual
CUST-00859,Surabaya,Individual
CUST-00860,Semarang,Corporate
CUST-00861,Jakarta,Individual
CUST-00862,Balikpapan,Individual
CUST-00863,Jakarta,Individual
CUST-00864,Bandung,Individual
CUST-00865,Denpasar,nan
CUST-00866,Palembang,Individual
CUST-00867,Palembang,nan
CUST-00868,Surabaya,Corporate
CUST-00869,Jakarta,nan
CUST-00870,Semarang,Individual
CUST-00871,Semarang,nan
CUST-00872,Palembang,Individual
CUST-00873,Medan,Individual
CUST-00874,Balikpapan,Individual
CUST-00875,Surabaya,Individual
CUST-00876,Yogyakarta,Corporate
CUST-00877,Surabaya,Individual
CUST-00878,Jakarta,Individual
CUST-00879,Medan,Corporate
CUST-00880,Yogyakarta,Individual
CUST-00881,Palembang,Individual
CUST-00882,Balikpapan,nan
CUST-00883,Surabaya,Individual
CUST-00884,Yogyakarta,Individual
CUST-00885,Jakarta,Individual
CUST-00886,Palembang,nan
CUST-00887,Bandung,nan
CUST-00888,Makassar,Individual
CUST-00889,Surabaya,Individual
CUST-00890,Yogyakarta,Individual
CUST-00891,Bandung,Individual
CUST-00892,Medan,nan
CUST-00893,Surabaya,Individual
CUST-00894,Medan,Individual
CUST-00895,Palembang,Corporate
CUST-00896,Semarang,Individual
CUST-00897,Medan,Individual
CUST-00898,Palembang,Corporate
CUST-00899,Jakarta,Individual
CUST-00900,Jakarta,Individual
CUST-00901,Semarang,nan
CUST-00902,Denpasar,Individual
CUST-00903,Palembang,Corporate
CUST-00904,Yogyakarta,Individual
CUST-00905,Jakarta,Corporate
CUST-00906,Medan,Individual
CUST-00907,Palembang,Individual
CUST-00908,Makassar,Individual
CUST-00909,Denpasar,Individual
CUST-00910,Makassar,nan
CUST-00911,Yogyakarta,Individual
CUST-00912,Denpasar,Corporate
CUST-00913,Medan,Corporate
CUST-00914,Semarang,Individual
CUST-00915,Semarang,Individual
CUST-00916,Medan,Individual
CUST-00917,Semarang,Individual
CUST-00918,Jakarta,Individual
CUST-00919,Yogyakarta,Individual
CUST-00920,Surabaya,Individual
CUST-00921,Semarang,nan
CUST-00922,Surabaya,Individual
CUST-00923,Palembang,Corporate
CUST-00924,Semarang,Individual
CUST-00925,Surabaya,Individual
CUST-00926,Jakarta,Individual
CUST-00927,Jakarta,Individual
CUST-00928,Makassar,Individual
CUST-00929,Bandung,Corporate
CUST-00930,Surabaya,Individual
CUST-00931,Medan,Corporate
CUST-00932,Balikpapan,Individual
CUST-00933,Surabaya,nan
CUST-00934,Balikpapan,Corporate
CUST-00935,Balikpapan,Corporate
CUST-00936,Yogyakarta,Individual
CUST-00937,Balikpapan,Corporate
CUST-00938,Balikpapan,nan
CUST-00939,Semarang,Corporate
CUST-00940,Jakarta,Corporate
CUST-00941,Semarang,Corporate
CUST-00942,Balikpapan,Individual
CUST-00943,Bandung,Individual
CUST-00944,Yogyakarta,Corporate
CUST-00945,Makassar,Individual
CUST-00946,Balikpapan,Corporate
CUST-00947,Makassar,Corporate
CUST-00948,Makassar,nan
CUST-00949,Palembang,nan
CUST-00950,Denpasar,Corporate
CUST-00951,Denpasar,Corporate
CUST-00952,Semarang,Individual
CUST-00953,Semarang,Individual
CUST-00954,Balikpapan,Corporate
CUST-00955,Jakarta,nan
CUST-00956,Balikpapan,Individual
CUST-00957,Semarang,Individual
CUST-00958,Makassar,Individual
CUST-00959,Makassar,nan
CUST-00960,Makassar,Individual
CUST-00961,Denpasar,Individual
CUST-00962,Balikpapan,Individual
CUST-00963,Jakarta,Individual
CUST-00964,Denpasar,nan
CUST-00965,Yogyakarta,Individual
CUST-00966,Medan,Individual
CUST-00967,Makassar,Individual
CUST-00968,Denpasar,nan
CUST-00969,Surabaya,Individual
CUST-00970,Semarang,nan
CUST-00971,Balikpapan,Individual
CUST-00972,Palembang,Individual
CUST-00973,Surabaya,nan
CUST-00974,Makassar,nan
CUST-00975,Medan,Corporate
CUST-00976,Makassar,nan
CUST-00977,Surabaya,Individual
CUST-00978,Semarang,Individual
CUST-00979,Denpasar,Individual
CUST-00980,Medan,Corporate
CUST-00981,Medan,Corporate
CUST-00982,Bandung,Individual
CUST-00983,Semarang,Individual
CUST-00984,Semarang,nan
CUST-00985,Makassar,Individual
CUST-00986,Yogyakarta,Individual
CUST-00987,Semarang,Individual
CUST-00988,Jakarta,Individual
CUST-00989,Medan,Corporate
CUST-00990,Balikpapan,Corporate
CUST-00991,Semarang,Individual
CUST-00992,Bandung,Individual
CUST-00993,Makassar,Individual
CUST-00994,Palembang,Corporate
CUST-00995,Denpasar,Individual
CUST-00996,Surabaya,nan
CUST-00997,Surabaya,Individual
CUST-00998,Jakarta,nan
CUST-00999,Denpasar,Individual
CUST-01000,Makassar,Individual
CUST-01001,Yogyakarta,Corporate
CUST-01002,Palembang,Individual
CUST-01003,Surabaya,Individual
CUST-01004,Makassar,Individual
CUST-01005,Makassar,Corporate
CUST-01006,Yogyakarta,Individual
CUST-01007,Balikpapan,Corporate
CUST-01008,Palembang,nan
CUST-01009,Medan,Individual
CUST-01010,Jakarta,Corporate
CUST-01011,Bandung,Individual
CUST-01012,Makassar,Individual
CUST-01013,Makassar,Individual
CUST-01014,Yogyakarta,Corporate
CUST-01015,Medan,Individual
CUST-01016,Denpasar,Corporate
CUST-01017,Medan,nan
CUST-01018,Balikpapan,Corporate
CUST-01019,Semarang,Corporate
CUST-01020,Jakarta,Individual
CUST-01021,Yogyakarta,Individual
CUST-01022,Bandung,nan
CUST-01023,Palembang,Individual
CUST-01024,Semarang,Corporate
CUST-01025,Makassar,Individual
CUST-01026,Surabaya,Corporate
CUST-01027,Semarang,Corporate
CUST-01028,Palembang,Individual
CUST-01029,Palembang,Individual
CUST-01030,Semarang,nan
CUST-01031,Denpasar,Corporate
CUST-01032,Surabaya,Corporate
CUST-01033,Bandung,Individual
CUST-01034,Yogyakarta,nan
CUST-01035,Semarang,Corporate
CUST-01036,Jakarta,Individual
CUST-01037,Makassar,nan
CUST-01038,Balikpapan,nan
CUST-01039,Surabaya,nan
CUST-01040,Makassar,Corporate
CUST-01041,Balikpapan,Corporate
CUST-01042,Jakarta,Individual
CUST-01043,Medan,Individual
CUST-01044,Semarang,Individual
CUST-01045,Medan,Individual
CUST-01046,Jakarta,Individual
CUST-01047,Palembang,Individual
CUST-01048,Palembang,Individual
CUST-01049,Denpasar,Corporate
CUST-01050,Denpasar,Individual
CUST-01051,Medan,Individual
CUST-01052,Bandung,nan
CUST-01053,Surabaya,Individual
CUST-01054,Surabaya,Individual
CUST-01055,Denpasar,Corporate
CUST-01056,Denpasar,Individual
CUST-01057,Medan,Corporate
CUST-01058,Jakarta,Individual
CUST-01059,Bandung,Individual
CUST-01060,Jakarta,Corporate
CUST-01061,Makassar,Individual
CUST-01062,Yogyakarta,Individual
CUST-01063,Balikpapan,Corporate
CUST-01064,Yogyakarta,Corporate
CUST-01065,Balikpapan,nan
CUST-01066,Surabaya,Individual
CUST-01067,Bandung,Individual
CUST-01068,Semarang,Individual
CUST-01069,Semarang,Individual
CUST-01070,Denpasar,Individual
CUST-01071,Semarang,Individual
CUST-01072,Surabaya,Individual
CUST-01073,Balikpapan,Individual
CUST-01074,Jakarta,Corporate
CUST-01075,Balikpapan,Corporate
CUST-01076,Denpasar,Individual
CUST-01077,Semarang,Individual
CUST-01078,Semarang,Individual
CUST-01079,Surabaya,Corporate
CUST-01080,Medan,Individual
CUST-01081,Balikpapan,Individual
CUST-01082,Bandung,Individual
CUST-01083,Bandung,Corporate
CUST-01084,Balikpapan,Individual
CUST-01085,Semarang,Individual
CUST-01086,Palembang,Individual
CUST-01087,Balikpapan,Individual
CUST-01088,Palembang,Individual
CUST-01089,Balikpapan,Individual
CUST-01090,Makassar,Corporate
CUST-01091,Palembang,nan
CUST-01092,Jakarta,Individual
CUST-01093,Jakarta,Individual
CUST-01094,Palembang,Corporate
CUST-01095,Surabaya,nan
CUST-01096,Denpasar,Individual
CUST-01097,Surabaya,Corporate
CUST-01098,Yogyakarta,Individual
CUST-01099,Balikpapan,Individual
CUST-01100,Balikpapan,nan
CUST-01101,Palembang,Corporate
CUST-01102,Medan,Individual
CUST-01103,Surabaya,Individual
CUST-01104,Denpasar,nan
CUST-01105,Jakarta,Corporate
CUST-01106,Balikpapan,Corporate
CUST-01107,Makassar,Individual
CUST-01108,Makassar,nan
CUST-01109,Semarang,Individual
CUST-01110,Palembang,nan
CUST-01111,Yogyakarta,Individual
CUST-01112,Denpasar,Individual
CUST-01113,Semarang,Corporate
CUST-01114,Palembang,Individual
CUST-01115,Bandung,Individual
CUST-01116,Yogyakarta,Individual
CUST-01117,Makassar,Individual
CUST-01118,Denpasar,nan
CUST-01119,Bandung,Individual
CUST-01120,Semarang,Corporate
CUST-01121,Surabaya,nan
CUST-01122,Balikpapan,Corporate
CUST-01123,Surabaya,Individual
CUST-01124,Palembang,Corporate
CUST-01125,Makassar,Individual
CUST-01126,Medan,Individual
CUST-01127,Medan,Corporate
CUST-01128,Yogyakarta,Individual
CUST-01129,Medan,Corporate
CUST-01130,Balikpapan,Individual
CUST-01131,Jakarta,Individual
CUST-01132,Palembang,Corporate
CUST-01133,Makassar,nan
CUST-01134,Balikpapan,Corporate
CUST-01135,Bandung,Individual
CUST-01136,Medan,Individual
CUST-01137,Bandung,Individual
CUST-01138,Semarang,Individual
CUST-01139,Jakarta,Individual
CUST-01140,Makassar,Individual
CUST-01141,Balikpapan,nan
CUST-01142,Palembang,Individual
CUST-01143,Semarang,Individual
CUST-01144,Palembang,Corporate
CUST-01145,Medan,Corporate
CUST-01146,Bandung,nan
CUST-01147,Semarang,Individual
CUST-01148,Bandung,Individual
CUST-01149,Palembang,Corporate
CUST-01150,Yogyakarta,Individual
CUST-01151,Semarang,Individual
CUST-01152,Denpasar,Individual
CUST-01153,Medan,Individual
CUST-01154,Bandung,Individual
CUST-01155,Yogyakarta,Individual
CUST-01156,Semarang,Individual
CUST-01157,Bandung,Corporate
CUST-01158,Jakarta,Individual
CUST-01159,Yogyakarta,Individual
CUST-01160,Palembang,Individual
CUST-01161,Jakarta,nan
CUST-01162,Yogyakarta,Individual
CUST-01163,Jakarta,Corporate
CUST-01164,Denpasar,Individual
CUST-01165,Medan,Individual
CUST-01166,Yogyakarta,Individual
CUST-01167,Balikpapan,Corporate
CUST-01168,Makassar,Individual
CUST-01169,Balikpapan,Corporate
CUST-01170,Denpasar,Individual
CUST-01171,Balikpapan,nan
CUST-01172,Palembang,Corporate
CUST-01173,Yogyakarta,Individual
CUST-01174,Balikpapan,Corporate
CUST-01175,Denpasar,Individual
CUST-01176,Yogyakarta,Individual
CUST-01177,Balikpapan,Corporate
CUST-01178,Surabaya,Corporate
CUST-01179,Semarang,Corporate
CUST-01180,Palembang,Corporate
CUST-01181,Surabaya,Individual
CUST-01182,Makassar,Individual
CUST-01183,Palembang,Individual
CUST-01184,Makassar,Individual
CUST-01185,Surabaya,Individual
CUST-01186,Yogyakarta,Individual
CUST-01187,Balikpapan,nan
CUST-01188,Yogyakarta,Individual
CUST-01189,Yogyakarta,Corporate
CUST-01190,Jakarta,Individual
CUST-01191,Balikpapan,Individual
CUST-01192,Makassar,Individual
CUST-01193,Bandung,Corporate
CUST-01194,Bandung,Individual
CUST-01195,Makassar,Individual
CUST-01196,Surabaya,Individual
CUST-01197,Medan,Corporate
CUST-01198,Semarang,Individual
CUST-01199,Balikpapan,Corporate
CUST-01200,Balikpapan,nan
CUST-01201,Medan,Individual
CUST-01202,Yogyakarta,Individual
CUST-01203,Bandung,Individual
CUST-01204,Jakarta,Individual
CUST-01205,Surabaya,Corporate
CUST-01206,Balikpapan,Corporate
CUST-01207,Yogyakarta,Individual
CUST-01208,Balikpapan,Corporate
CUST-01209,Medan,Individual
CUST-01210,Palembang,Individual
CUST-01211,Jakarta,nan
CUST-01212,Denpasar,Individual
CUST-01213,Balikpapan,Individual
CUST-01214,Jakarta,Corporate
CUST-01215,Semarang,Individual
CUST-01216,Balikpapan,nan
CUST-01217,Jakarta,Corporate
CUST-01218,Medan,Corporate
CUST-01219,Palembang,Corporate
CUST-01220,Bandung,Individual
CUST-01221,Jakarta,Individual
CUST-01222,Surabaya,Individual
CUST-01223,Semarang,nan
CUST-01224,Yogyakarta,nan
CUST-01225,Jakarta,nan
CUST-01226,Medan,Individual
CUST-01227,Surabaya,Individual
CUST-01228,Yogyakarta,Individual
CUST-01229,Jakarta,nan
CUST-01230,Medan,Corporate
CUST-01231,Makassar,Individual
CUST-01232,Yogyakarta,Corporate
CUST-01233,Bandung,Individual
CUST-01234,Semarang,Individual
CUST-01235,Surabaya,Individual
CUST-01236,Semarang,Individual
CUST-01237,Denpasar,nan
CUST-01238,Yogyakarta,Individual
CUST-01239,Makassar,Corporate
CUST-01240,Yogyakarta,Corporate
CUST-01241,Medan,Corporate
CUST-01242,Balikpapan,Corporate
CUST-01243,Makassar,Individual
CUST-01244,Bandung,Corporate
CUST-01245,Yogyakarta,nan
CUST-01246,Surabaya,Corporate
CUST-01247,Jakarta,Individual
CUST-01248,Bandung,Corporate
CUST-01249,Bandung,nan
CUST-01250,Denpasar,Corporate
CUST-01251,Surabaya,nan
CUST-01252,Jakarta,Individual
CUST-01253,Yogyakarta,Individual
CUST-01254,Semarang,Individual
CUST-01255,Makassar,Individual
CUST-01256,Palembang,Individual
CUST-01257,Semarang,Individual
CUST-01258,Bandung,Individual
CUST-01259,Bandung,nan
CUST-01260,Makassar,nan
CUST-01261,Semarang,Individual
CUST-01262,Palembang,Individual
CUST-01263,Semarang,Individual
CUST-01264,Makassar,Individual
CUST-01265,Palembang,Corporate
CUST-01266,Jakarta,Individual
CUST-01267,Balikpapan,Individual
CUST-01268,Jakarta,Individual
CUST-01269,Yogyakarta,nan
CUST-01270,Bandung,Corporate
CUST-01271,Yogyakarta,Individual
CUST-01272,Medan,Corporate
CUST-01273,Semarang,Individual
CUST-01274,Balikpapan,nan
CUST-01275,Makassar,nan
CUST-01276,Denpasar,Corporate
CUST-01277,Palembang,Individual
CUST-01278,Makassar,Individual
CUST-01279,Palembang,Corporate
CUST-01280,Palembang,Individual
CUST-01281,Jakarta,Individual
CUST-01282,Surabaya,Corporate
CUST-01283,Bandung,nan
CUST-01284,Jakarta,Corporate
CUST-01285,Denpasar,Individual
CUST-01286,Yogyakarta,Individual
CUST-01287,Medan,Corporate
CUST-01288,Palembang,nan
CUST-01289,Denpasar,Individual
CUST-01290,Yogyakarta,Corporate
CUST-01291,Yogyakarta,Corporate
CUST-01292,Denpasar,Corporate
CUST-01293,Bandung,Individual
CUST-01294,Semarang,Corporate
CUST-01295,Balikpapan,Individual
CUST-01296,Bandung,Individual
CUST-01297,Bandung,Corporate
CUST-01298,Balikpapan,nan
CUST-01299,Surabaya,Individual
CUST-01300,Balikpapan,Individual
CUST-01301,Medan,Corporate
CUST-01302,Semarang,Individual
CUST-01303,Semarang,Individual
CUST-01304,Jakarta,Individual
CUST-01305,Semarang,Corporate
CUST-01306,Semarang,Individual
CUST-01307,Yogyakarta,Corporate
CUST-01308,Balikpapan,Individual
CUST-01309,Makassar,nan
CUST-01310,Medan,Individual
CUST-01311,Yogyakarta,Individual
CUST-01312,Surabaya,Individual
CUST-01313,Jakarta,Individual
CUST-01314,Surabaya,Individual
CUST-01315,Bandung,Individual
CUST-01316,Semarang,nan
CUST-01317,Semarang,Individual
CUST-01318,Surabaya,Individual
CUST-01319,Denpasar,nan
CUST-01320,Balikpapan,Individual
CUST-01321,Palembang,Individual
CUST-01322,Surabaya,Individual
CUST-01323,Balikpapan,Individual
CUST-01324,Palembang,Individual
CUST-01325,Medan,Individual
CUST-01326,Semarang,nan
CUST-01327,Semarang,Individual
CUST-01328,Balikpapan,Individual
CUST-01329,Denpasar,Corporate
CUST-01330,Makassar,Corporate
CUST-01331,Surabaya,Individual
CUST-01332,Medan,Individual
CUST-01333,Makassar,Corporate
CUST-01334,Jakarta,Individual
CUST-01335,Bandung,Corporate
CUST-01336,Palembang,Individual
CUST-01337,Surabaya,Individual
CUST-01338,Semarang,Corporate
CUST-01339,Palembang,Corporate
CUST-01340,Semarang,Individual
CUST-01341,Semarang,Individual
CUST-01342,Jakarta,Individual
CUST-01343,Denpasar,nan
CUST-01344,Denpasar,Individual
CUST-01345,Balikpapan,Individual
CUST-01346,Palembang,Individual
CUST-01347,Makassar,Individual
CUST-01348,Jakarta,Corporate
CUST-01349,Denpasar,Corporate
CUST-01350,Surabaya,Individual
CUST-01351,Palembang,Corporate
CUST-01352,Yogyakarta,Individual
CUST-01353,Jakarta,Individual
CUST-01354,Semarang,Individual
CUST-01355,Semarang,Corporate
CUST-01356,Yogyakarta,Individual
CUST-01357,Medan,nan
CUST-01358,Yogyakarta,Individual
CUST-01359,Yogyakarta,Individual
CUST-01360,Medan,Individual
CUST-01361,Jakarta,Individual
CUST-01362,Surabaya,Individual
CUST-01363,Medan,Corporate
CUST-01364,Medan,Corporate
CUST-01365,Surabaya,nan
CUST-01366,Yogyakarta,Individual
CUST-01367,Denpasar,Individual
CUST-01368,Bandung,Corporate
CUST-01369,Yogyakarta,Corporate
CUST-01370,Bandung,nan
CUST-01371,Denpasar,Individual
CUST-01372,Surabaya,Individual
CUST-01373,Balikpapan,Individual
CUST-01374,Bandung,Corporate
CUST-01375,Makassar,Individual
CUST-01376,Yogyakarta,Individual
CUST-01377,Surabaya,Corporate
CUST-01378,Bandung,Individual
CUST-01379,Bandung,Corporate
CUST-01380,Denpasar,Individual
CUST-01381,Makassar,nan
CUST-01382,Bandung,Individual
CUST-01383,Surabaya,Individual
CUST-01384,Yogyakarta,Individual
CUST-01385,Medan,Corporate
CUST-01386,Palembang,Individual
CUST-01387,Jakarta,Individual
CUST-01388,Medan,nan
CUST-01389,Jakarta,nan
CUST-01390,Surabaya,Individual
CUST-01391,Makassar,Individual
CUST-01392,Yogyakarta,nan
CUST-01393,Surabaya,Corporate
CUST-01394,Balikpapan,Individual
CUST-01395,Jakarta,nan
CUST-01396,Denpasar,Individual
CUST-01397,Bandung,Individual
CUST-01398,Yogyakarta,nan
CUST-01399,Balikpapan,Corporate
CUST-01400,Medan,nan
CUST-01401,Semarang,Individual
CUST-01402,Surabaya,Individual
CUST-01403,Palembang,Corporate
CUST-01404,Palembang,nan
CUST-01405,Medan,Corporate
CUST-01406,Yogyakarta,Individual
CUST-01407,Bandung,Individual
CUST-01408,Yogyakarta,Individual
CUST-01409,Yogyakarta,Corporate
CUST-01410,Semarang,Individual
CUST-01411,Denpasar,Individual
CUST-01412,Yogyakarta,Corporate
CUST-01413,Medan,Corporate
CUST-01414,Denpasar,Individual
CUST-01415,Jakarta,Corporate
CUST-01416,Denpasar,Individual
CUST-01417,Makassar,Individual
CUST-01418,Medan,nan
CUST-01419,Makassar,Corporate
CUST-01420,Bandung,Individual
CUST-01421,Medan,Individual
CUST-01422,Bandung,Individual
CUST-01423,Yogyakarta,Individual
CUST-01424,Medan,Corporate
CUST-01425,Denpasar,Individual
CUST-01426,Semarang,Corporate
CUST-01427,Denpasar,Individual
CUST-01428,Jakarta,Individual
CUST-01429,Makassar,Individual
CUST-01430,Jakarta,nan
CUST-01431,Denpasar,Individual
CUST-01432,Balikpapan,Corporate
CUST-01433,Balikpapan,Individual
CUST-01434,Surabaya,Corporate
CUST-01435,Balikpapan,nan
CUST-01436,Makassar,nan
CUST-01437,Semarang,Individual
CUST-01438,Semarang,Individual
CUST-01439,Surabaya,Individual
CUST-01440,Yogyakarta,nan
CUST-01441,Makassar,Individual
CUST-01442,Bandung,nan
CUST-01443,Jakarta,nan
CUST-01444,Surabaya,Individual
CUST-01445,Bandung,Individual
CUST-01446,Semarang,Corporate
CUST-01447,Jakarta,Individual
CUST-01448,Medan,Individual
CUST-01449,Semarang,Corporate
CUST-01450,Medan,Individual
CUST-01451,Yogyakarta,Individual
CUST-01452,Surabaya,Individual
CUST-01453,Denpasar,Individual
CUST-01454,Surabaya,Individual
CUST-01455,Denpasar,Individual
CUST-01456,Makassar,Individual
CUST-01457,Yogyakarta,Individual
CUST-01458,Makassar,nan
CUST-01459,Surabaya,nan
CUST-01460,Surabaya,Corporate
CUST-01461,Jakarta,Individual
CUST-01462,Bandung,Individual
CUST-01463,Palembang,nan
CUST-01464,Medan,Individual
CUST-01465,Palembang,Individual
CUST-01466,Semarang,Individual
CUST-01467,Yogyakarta,Corporate
CUST-01468,Bandung,Individual
CUST-01469,Jakarta,Individual
CUST-01470,Palembang,Individual
CUST-01471,Medan,Individual
CUST-01472,Jakarta,Individual
CUST-01473,Balikpapan,Individual
CUST-01474,Makassar,Corporate
CUST-01475,Semarang,Individual
CUST-01476,Balikpapan,Individual
CUST-01477,Bandung,Corporate
CUST-01478,Makassar,Corporate
CUST-01479,Surabaya,Individual
CUST-01480,Jakarta,nan
CUST-01481,Palembang,nan
CUST-01482,Yogyakarta,Corporate
CUST-01483,Yogyakarta,Corporate
CUST-01484,Surabaya,nan
CUST-01485,Surabaya,Individual
CUST-01486,Denpasar,Individual
CUST-01487,Bandung,Individual
CUST-01488,Jakarta,Individual
CUST-01489,Surabaya,Individual
CUST-01490,Balikpapan,Individual
CUST-01491,Bandung,Individual
CUST-01492,Semarang,Individual
CUST-01493,Surabaya,Corporate
CUST-01494,Denpasar,Individual
CUST-01495,Semarang,nan
CUST-01496,Palembang,nan
CUST-01497,Balikpapan,Individual
CUST-01498,Surabaya,Individual
CUST-01499,Palembang,Individual
CUST-01500,Semarang,Individual
CUST-01501,Yogyakarta,Individual
CUST-01502,Balikpapan,Individual
CUST-01503,Jakarta,Individual
CUST-01504,Makassar,Individual
CUST-01505,Medan,Corporate
CUST-01506,Medan,nan
CUST-01507,Balikpapan,Corporate
CUST-01508,Bandung,Individual
CUST-01509,Denpasar,Individual
CUST-01510,Palembang,Individual
CUST-01511,Jakarta,Individual
CUST-01512,Makassar,Individual
CUST-01513,Denpasar,Individual
CUST-01514,Jakarta,Individual
CUST-01515,Yogyakarta,Corporate
CUST-01516,Yogyakarta,Individual
CUST-01517,Yogyakarta,Individual
CUST-01518,Yogyakarta,Corporate
CUST-01519,Makassar,Individual
CUST-01520,Semarang,Corporate
CUST-01521,Makassar,Corporate
CUST-01522,Yogyakarta,Corporate
CUST-01523,Balikpapan,Corporate
CUST-01524,Yogyakarta,Individual
CUST-01525,Surabaya,Corporate
CUST-01526,Denpasar,Individual
CUST-01527,Surabaya,nan
CUST-01528,Balikpapan,Individual
CUST-01529,Semarang,Corporate
CUST-01530,Jakarta,Individual
CUST-01531,Makassar,Individual
CUST-01532,Bandung,Individual
CUST-01533,Jakarta,Corporate
CUST-01534,Medan,Corporate
CUST-01535,Bandung,Individual
CUST-01536,Denpasar,Individual
CUST-01537,Bandung,Individual
CUST-01538,Bandung,Individual
CUST-01539,Makassar,Individual
CUST-01540,Yogyakarta,Individual
CUST-01541,Yogyakarta,Corporate
CUST-01542,Semarang,Corporate
CUST-01543,Palembang,nan
CUST-01544,Yogyakarta,Individual
CUST-01545,Palembang,Corporate
CUST-01546,Makassar,nan
CUST-01547,Jakarta,Corporate
CUST-01548,Makassar,Individual
CUST-01549,Semarang,Individual
CUST-01550,Surabaya,Individual
CUST-01551,Denpasar,Individual
CUST-01552,Denpasar,Individual
CUST-01553,Semarang,Individual
CUST-01554,Yogyakarta,Corporate
CUST-01555,Denpasar,nan
CUST-01556,Jakarta,Individual
CUST-01557,Surabaya,Individual
CUST-01558,Medan,Individual
CUST-01559,Makassar,Individual
CUST-01560,Medan,Individual
CUST-01561,Palembang,Individual
CUST-01562,Jakarta,Individual
CUST-01563,Balikpapan,Individual
CUST-01564,Bandung,Corporate
CUST-01565,Balikpapan,Corporate
CUST-01566,Surabaya,Corporate
CUST-01567,Surabaya,Individual
CUST-01568,Yogyakarta,nan
CUST-01569,Denpasar,Individual
CUST-01570,Palembang,nan
CUST-01571,Medan,Corporate
CUST-01572,Medan,Corporate
CUST-01573,Medan,Individual
CUST-01574,Bandung,Individual
CUST-01575,Medan,Individual
CUST-01576,Jakarta,Corporate
CUST-01577,Semarang,Individual
CUST-01578,Surabaya,Individual
CUST-01579,Medan,Corporate
CUST-01580,Balikpapan,Individual
CUST-01581,Surabaya,nan
CUST-01582,Bandung,Corporate
CUST-01583,Yogyakarta,Individual
CUST-01584,Bandung,nan
CUST-01585,Surabaya,Individual
CUST-01586,Surabaya,Corporate
CUST-01587,Palembang,Corporate
CUST-01588,Surabaya,Corporate
CUST-01589,Jakarta,Individual
CUST-01590,Palembang,Individual
CUST-01591,Medan,Individual
CUST-01592,Surabaya,Individual
CUST-01593,Jakarta,nan
CUST-01594,Semarang,Individual
CUST-01595,Surabaya,Individual
CUST-01596,Jakarta,Individual
CUST-01597,Surabaya,Corporate
CUST-01598,Denpasar,Corporate
CUST-01599,Surabaya,Corporate
CUST-01600,Bandung,Individual
CUST-01601,Balikpapan,nan
CUST-01602,Makassar,Individual
CUST-01603,Jakarta,Individual
CUST-01604,Makassar,Individual
CUST-01605,Surabaya,nan
CUST-01606,Bandung,Corporate
CUST-01607,Palembang,Individual
CUST-01608,Bandung,Individual
CUST-01609,Makassar,nan
CUST-01610,Jakarta,Individual
CUST-01611,Makassar,Individual
CUST-01612,Surabaya,Corporate
CUST-01613,Makassar,Corporate
CUST-01614,Semarang,Individual
CUST-01615,Balikpapan,Corporate
CUST-01616,Balikpapan,Corporate
CUST-01617,Denpasar,Individual
CUST-01618,Medan,Corporate
CUST-01619,Makassar,nan
CUST-01620,Bandung,nan
CUST-01621,Jakarta,nan
CUST-01622,Jakarta,Corporate
CUST-01623,Denpasar,Corporate
CUST-01624,Bandung,Individual
CUST-01625,Makassar,Corporate
CUST-01626,Denpasar,Corporate
CUST-01627,Balikpapan,Individual
CUST-01628,Balikpapan,Individual
CUST-01629,Yogyakarta,Individual
CUST-01630,Medan,Corporate
CUST-01631,Semarang,Individual
CUST-01632,Surabaya,Individual
CUST-01633,Balikpapan,Individual
CUST-01634,Denpasar,Individual
CUST-01635,Medan,Corporate
CUST-01636,Medan,Corporate
CUST-01637,Palembang,Individual
CUST-01638,Balikpapan,Individual
CUST-01639,Denpasar,Individual
CUST-01640,Yogyakarta,nan
CUST-01641,Denpasar,Individual
CUST-01642,Medan,nan
CUST-01643,Surabaya,Individual
CUST-01644,Balikpapan,nan
CUST-01645,Jakarta,Individual
CUST-01646,Makassar,nan
CUST-01647,Semarang,Individual
CUST-01648,Semarang,Corporate
CUST-01649,Semarang,Individual
CUST-01650,Medan,nan
CUST-01651,Semarang,Corporate
CUST-01652,Balikpapan,Corporate
CUST-01653,Jakarta,Corporate
CUST-01654,Surabaya,Individual
CUST-01655,Medan,Individual
CUST-01656,Medan,Individual
CUST-01657,Yogyakarta,Individual
CUST-01658,Surabaya,Individual
CUST-01659,Surabaya,Individual
CUST-01660,Palembang,Individual
CUST-01661,Balikpapan,Corporate
CUST-01662,Medan,Individual
CUST-01663,Denpasar,Individual
CUST-01664,Medan,Individual
CUST-01665,Surabaya,Individual
CUST-01666,Medan,Individual
CUST-01667,Jakarta,Corporate
CUST-01668,Denpasar,Individual
CUST-01669,Makassar,Individual
CUST-01670,Balikpapan,nan
CUST-01671,Palembang,nan
CUST-01672,Makassar,Individual
CUST-01673,Balikpapan,Individual
CUST-01674,Denpasar,Individual
CUST-01675,Surabaya,Individual
CUST-01676,Medan,Individual
CUST-01677,Palembang,Individual
CUST-01678,Medan,Corporate
CUST-01679,Semarang,nan
CUST-01680,Semarang,Individual
CUST-01681,Balikpapan,Individual
CUST-01682,Bandung,Individual
CUST-01683,Makassar,Individual
CUST-01684,Balikpapan,Individual
CUST-01685,Jakarta,Corporate
CUST-01686,Makassar,Individual
CUST-01687,Surabaya,Individual
CUST-01688,Jakarta,Corporate
CUST-01689,Medan,Individual
CUST-01690,Denpasar,Individual
CUST-01691,Yogyakarta,Individual
CUST-01692,Yogyakarta,Individual
CUST-01693,Palembang,nan
CUST-01694,Jakarta,Individual
CUST-01695,Denpasar,Corporate
CUST-01696,Bandung,Individual
CUST-01697,Bandung,Individual
CUST-01698,Makassar,Individual
CUST-01699,Makassar,Individual
CUST-01700,Surabaya,Individual
CUST-01701,Palembang,nan
CUST-01702,Makassar,Corporate
CUST-01703,Makassar,Individual
CUST-01704,Yogyakarta,Individual
CUST-01705,Jakarta,Corporate
CUST-01706,Surabaya,nan
CUST-01707,Denpasar,Corporate
CUST-01708,Bandung,Individual
CUST-01709,Semarang,Individual
CUST-01710,Makassar,Corporate
CUST-01711,Yogyakarta,Individual
CUST-01712,Denpasar,Corporate
CUST-01713,Yogyakarta,Individual
CUST-01714,Bandung,Individual
CUST-01715,Jakarta,nan
CUST-01716,Jakarta,Individual
CUST-01717,Makassar,Individual
CUST-01718,Bandung,Corporate
CUST-01719,Denpasar,Individual
CUST-01720,Balikpapan,Corporate
CUST-01721,Semarang,Corporate
CUST-01722,Palembang,Individual
CUST-01723,Bandung,Corporate
CUST-01724,Makassar,Individual
CUST-01725,Bandung,Individual
CUST-01726,Bandung,Corporate
CUST-01727,Medan,Corporate
CUST-01728,Semarang,nan
CUST-01729,Bandung,Individual
CUST-01730,Makassar,Individual
CUST-01731,Bandung,nan
CUST-01732,Bandung,Corporate
CUST-01733,Surabaya,Individual
CUST-01734,Bandung,Individual
CUST-01735,Semarang,Corporate
CUST-01736,Semarang,nan
CUST-01737,Medan,Individual
CUST-01738,Yogyakarta,Corporate
CUST-01739,Balikpapan,nan
CUST-01740,Palembang,Individual
CUST-01741,Bandung,nan
CUST-01742,Yogyakarta,Corporate
CUST-01743,Bandung,Individual
CUST-01744,Balikpapan,Individual
CUST-01745,Yogyakarta,Individual
CUST-01746,Surabaya,Individual
CUST-01747,Palembang,Individual
CUST-01748,Denpasar,Individual
CUST-01749,Balikpapan,nan
CUST-01750,Palembang,Individual
CUST-01751,Surabaya,Individual
CUST-01752,Jakarta,Individual
CUST-01753,Bandung,nan
CUST-01754,Yogyakarta,Individual
CUST-01755,Jakarta,Corporate
CUST-01756,Jakarta,Corporate
CUST-01757,Palembang,Individual
CUST-01758,Makassar,Individual
CUST-01759,Makassar,Individual
CUST-01760,Bandung,nan
CUST-01761,Balikpapan,Individual
CUST-01762,Makassar,Individual
CUST-01763,Denpasar,Corporate
CUST-01764,Semarang,Individual
CUST-01765,Palembang,Corporate
CUST-01766,Semarang,Individual
CUST-01767,Semarang,Corporate
CUST-01768,Bandung,Individual
CUST-01769,Semarang,Corporate
CUST-01770,Balikpapan,Corporate
CUST-01771,Surabaya,Individual
CUST-01772,Palembang,nan
CUST-01773,Semarang,nan
CUST-01774,Denpasar,Corporate
CUST-01775,Yogyakarta,Individual
CUST-01776,Bandung,nan
CUST-01777,Semarang,Individual
CUST-01778,Surabaya,Individual
CUST-01779,Denpasar,nan
CUST-01780,Medan,Individual
CUST-01781,Palembang,Individual
CUST-01782,Palembang,Individual
CUST-01783,Makassar,Individual
CUST-01784,Semarang,Corporate
CUST-01785,Denpasar,Individual
CUST-01786,Bandung,Individual
CUST-01787,Medan,Individual
CUST-01788,Palembang,Individual
CUST-01789,Jakarta,Individual
CUST-01790,Palembang,nan
CUST-01791,Balikpapan,Individual
CUST-01792,Medan,Individual
CUST-01793,Surabaya,Corporate
CUST-01794,Semarang,nan
CUST-01795,Palembang,Individual
CUST-01796,Jakarta,Individual
CUST-01797,Semarang,Individual
CUST-01798,Surabaya,Corporate
CUST-01799,Palembang,Individual
CUST-01800,Palembang,Individual
CUST-01801,Balikpapan,Individual
CUST-01802,Denpasar,Individual
CUST-01803,Surabaya,Corporate
CUST-01804,Semarang,nan
CUST-01805,Jakarta,Individual
CUST-01806,Medan,Corporate
CUST-01807,Semarang,Individual
CUST-01808,Palembang,Individual
CUST-01809,Denpasar,Individual
CUST-01810,Jakarta,Individual
CUST-01811,Palembang,Individual
CUST-01812,Yogyakarta,nan
CUST-01813,Palembang,Corporate
CUST-01814,Semarang,Individual
CUST-01815,Surabaya,nan
CUST-01816,Medan,nan
CUST-01817,Surabaya,Individual
CUST-01818,Surabaya,Corporate
CUST-01819,Jakarta,nan
CUST-01820,Medan,Corporate
CUST-01821,Semarang,Individual
CUST-01822,Jakarta,Individual
CUST-01823,Yogyakarta,Corporate
CUST-01824,Semarang,Corporate
CUST-01825,Denpasar,Individual
CUST-01826,Yogyakarta,Individual
CUST-01827,Jakarta,nan
CUST-01828,Denpasar,Individual
CUST-01829,Denpasar,Individual
CUST-01830,Surabaya,Individual
CUST-01831,Jakarta,Individual
CUST-01832,Medan,Individual
CUST-01833,Makassar,Individual
CUST-01834,Palembang,Individual
CUST-01835,Yogyakarta,Corporate
CUST-01836,Surabaya,Corporate
CUST-01837,Balikpapan,nan
CUST-01838,Bandung,Individual
CUST-01839,Balikpapan,Corporate
CUST-01840,Surabaya,Individual
CUST-01841,Palembang,Individual
CUST-01842,Yogyakarta,nan
CUST-01843,Balikpapan,Individual
CUST-01844,Palembang,Corporate
CUST-01845,Jakarta,Corporate
CUST-01846,Denpasar,Individual
CUST-01847,Jakarta,Individual
CUST-01848,Yogyakarta,Individual
CUST-01849,Jakarta,Individual
CUST-01850,Balikpapan,Individual
CUST-01851,Surabaya,Individual
CUST-01852,Jakarta,Individual
CUST-01853,Makassar,Individual
CUST-01854,Denpasar,nan
CUST-01855,Bandung,Corporate
CUST-01856,Surabaya,Individual
CUST-01857,Jakarta,Individual
CUST-01858,Jakarta,Individual
CUST-01859,Yogyakarta,nan
CUST-01860,Makassar,Individual
CUST-01861,Palembang,Corporate
CUST-01862,Semarang,Individual
CUST-01863,Palembang,Individual
CUST-01864,Jakarta,Individual
CUST-01865,Surabaya,Individual
CUST-01866,Makassar,Individual
CUST-01867,Balikpapan,Individual
CUST-01868,Medan,Individual
CUST-01869,Makassar,Individual
CUST-01870,Jakarta,Individual
CUST-01871,Jakarta,Corporate
CUST-01872,Denpasar,Corporate
CUST-01873,Balikpapan,Corporate
CUST-01874,Makassar,nan
CUST-01875,Bandung,Corporate
CUST-01876,Surabaya,nan
CUST-01877,Balikpapan,Individual
CUST-01878,Balikpapan,Individual
CUST-01879,Yogyakarta,Corporate
CUST-01880,Balikpapan,nan
CUST-01881,Medan,Individual
CUST-01882,Balikpapan,nan
CUST-01883,Denpasar,nan
CUST-01884,Bandung,Individual
CUST-01885,Surabaya,Individual
CUST-01886,Surabaya,Corporate
CUST-01887,Denpasar,Individual
CUST-01888,Balikpapan,Individual
CUST-01889,Palembang,Individual
CUST-01890,Palembang,Individual
CUST-01891,Semarang,Corporate
CUST-01892,Jakarta,nan
CUST-01893,Makassar,Corporate
CUST-01894,Makassar,Corporate
CUST-01895,Denpasar,Corporate
CUST-01896,Palembang,Individual
CUST-01897,Bandung,nan
CUST-01898,Denpasar,Individual
CUST-01899,Yogyakarta,Individual
CUST-01900,Yogyakarta,Corporate
CUST-01901,Makassar,Individual
CUST-01902,Denpasar,Corporate
CUST-01903,Yogyakarta,Individual
CUST-01904,Balikpapan,Individual
CUST-01905,Surabaya,Individual
CUST-01906,Medan,Corporate
CUST-01907,Denpasar,Corporate
CUST-01908,Medan,nan
CUST-01909,Surabaya,Corporate
CUST-01910,Bandung,Individual
CUST-01911,Bandung,Corporate
CUST-01912,Makassar,Individual
CUST-01913,Balikpapan,Corporate
CUST-01914,Balikpapan,Corporate
CUST-01915,Bandung,Individual
CUST-01916,Denpasar,Corporate
CUST-01917,Yogyakarta,Corporate
CUST-01918,Balikpapan,Individual
CUST-01919,Palembang,Individual
CUST-01920,Yogyakarta,Individual
CUST-01921,Denpasar,Individual
CUST-01922,Palembang,Individual
CUST-01923,Bandung,Corporate
CUST-01924,Bandung,nan
CUST-01925,Denpasar,Corporate
CUST-01926,Makassar,Corporate
CUST-01927,Jakarta,Individual
CUST-01928,Bandung,Individual
CUST-01929,Balikpapan,Individual
CUST-01930,Surabaya,Individual
CUST-01931,Denpasar,nan
CUST-01932,Denpasar,nan
CUST-01933,Yogyakarta,Individual
CUST-01934,Semarang,Individual
CUST-01935,Balikpapan,Individual
CUST-01936,Palembang,Corporate
CUST-01937,Denpasar,Corporate
CUST-01938,Yogyakarta,Individual
CUST-01939,Surabaya,nan
CUST-01940,Medan,Corporate
CUST-01941,Palembang,Individual
CUST-01942,Jakarta,Individual
CUST-01943,Surabaya,Corporate
CUST-01944,Denpasar,Individual
CUST-01945,Makassar,Individual
CUST-01946,Jakarta,Individual
CUST-01947,Makassar,Individual
CUST-01948,Makassar,nan
CUST-01949,Denpasar,Corporate
CUST-01950,Semarang,nan
CUST-01951,Jakarta,nan
CUST-01952,Yogyakarta,Individual
CUST-01953,Yogyakarta,Individual
CUST-01954,Yogyakarta,Individual
CUST-01955,Surabaya,Individual
CUST-01956,Palembang,nan
CUST-01957,Palembang,Individual
CUST-01958,Palembang,Individual
CUST-01959,Jakarta,nan
CUST-01960,Jakarta,nan
CUST-01961,Semarang,Corporate
CUST-01962,Medan,Individual
CUST-01963,Balikpapan,nan
CUST-01964,Surabaya,Corporate
CUST-01965,Balikpapan,Corporate
CUST-01966,Palembang,Individual
CUST-01967,Semarang,nan
CUST-01968,Bandung,nan
CUST-01969,Bandung,Individual
CUST-01970,Makassar,nan
CUST-01971,Semarang,Corporate
CUST-01972,Yogyakarta,Individual
CUST-01973,Balikpapan,Individual
CUST-01974,Makassar,Corporate
CUST-01975,Semarang,nan
CUST-01976,Bandung,nan
CUST-01977,Medan,Individual
CUST-01978,Bandung,Individual
CUST-01979,Jakarta,nan
CUST-01980,Balikpapan,Individual
CUST-01981,Jakarta,Individual
CUST-01982,Bandung,Individual
CUST-01983,Balikpapan,Individual
CUST-01984,Medan,Individual
CUST-01985,Bandung,Individual
CUST-01986,Palembang,Individual
CUST-01987,Denpasar,Corporate
CUST-01988,Medan,Corporate
CUST-01989,Jakarta,Individual
CUST-01990,Balikpapan,Corporate
CUST-01991,Denpasar,Individual
CUST-01992,Bandung,Individual
CUST-01993,Jakarta,Individual
CUST-01994,Yogyakarta,Corporate
CUST-01995,Makassar,Individual
CUST-01996,Medan,Individual
CUST-01997,Makassar,Individual
CUST-01998,Jakarta,Corporate
CUST-01999,Makassar,nan
CUST-02000,Palembang,Corporate
CUST-02001,Jakarta,nan
CUST-02002,Medan,Individual
CUST-02003,Jakarta,Individual
CUST-02004,Denpasar,nan
CUST-02005,Semarang,Individual
CUST-02006,Surabaya,Individual
CUST-02007,Bandung,Corporate
CUST-02008,Makassar,Individual
CUST-02009,Denpasar,Individual
CUST-02010,Surabaya,Individual
CUST-02011,Denpasar,Individual
CUST-02012,Yogyakarta,Individual
CUST-02013,Medan,Corporate
CUST-02014,Bandung,Individual
CUST-02015,Yogyakarta,nan
CUST-02016,Medan,Individual
CUST-02017,Semarang,Individual
CUST-02018,Surabaya,Corporate
CUST-02019,Yogyakarta,nan
CUST-02020,Balikpapan,Individual
CUST-02021,Bandung,Individual
CUST-02022,Jakarta,Corporate
CUST-02023,Surabaya,Individual
CUST-02024,Balikpapan,nan
CUST-02025,Palembang,Individual
CUST-02026,Medan,Individual
CUST-02027,Denpasar,Individual
CUST-02028,Palembang,nan
CUST-02029,Yogyakarta,Individual
CUST-02030,Surabaya,nan
CUST-02031,Medan,Individual
CUST-02032,Palembang,nan
CUST-02033,Semarang,Individual
CUST-02034,Yogyakarta,Individual
CUST-02035,Medan,Individual
CUST-02036,Yogyakarta,Individual
CUST-02037,Palembang,nan
CUST-02038,Medan,Individual
CUST-02039,Bandung,Individual
CUST-02040,Surabaya,Individual
CUST-02041,Surabaya,Individual
CUST-02042,Balikpapan,Individual
CUST-02043,Semarang,Corporate
CUST-02044,Semarang,Individual
CUST-02045,Yogyakarta,Individual
CUST-02046,Medan,nan
CUST-02047,Palembang,Individual
CUST-02048,Denpasar,Individual
CUST-02049,Jakarta,Corporate
CUST-02050,Medan,Individual
CUST-02051,Makassar,Individual
CUST-02052,Denpasar,Individual
CUST-02053,Semarang,Individual
CUST-02054,Surabaya,Individual
CUST-02055,Surabaya,Individual
CUST-02056,Surabaya,nan
CUST-02057,Jakarta,Individual
CUST-02058,Balikpapan,Individual
CUST-02059,Palembang,Individual
CUST-02060,Semarang,Corporate
CUST-02061,Makassar,Individual
CUST-02062,Jakarta,nan
CUST-02063,Bandung,nan
CUST-02064,Palembang,Corporate
CUST-02065,Denpasar,Individual
CUST-02066,Medan,nan
CUST-02067,Medan,Corporate
CUST-02068,Surabaya,nan
CUST-02069,Medan,nan
CUST-02070,Palembang,Individual
CUST-02071,Bandung,Individual
CUST-02072,Palembang,Individual
CUST-02073,Medan,Individual
CUST-02074,Makassar,Individual
CUST-02075,Semarang,Individual
CUST-02076,Jakarta,Corporate
CUST-02077,Medan,Corporate
CUST-02078,Jakarta,Individual
CUST-02079,Medan,Individual
CUST-02080,Medan,Individual
CUST-02081,Bandung,Individual
CUST-02082,Bandung,Corporate
CUST-02083,Balikpapan,Individual
CUST-02084,Surabaya,nan
CUST-02085,Bandung,Individual
CUST-02086,Yogyakarta,Individual
CUST-02087,Medan,Corporate
CUST-02088,Surabaya,Individual
CUST-02089,Bandung,nan
CUST-02090,Makassar,Individual
CUST-02091,Balikpapan,Individual
CUST-02092,Palembang,Corporate
CUST-02093,Denpasar,Individual
CUST-02094,Makassar,Individual
CUST-02095,Balikpapan,Individual
CUST-02096,Denpasar,Individual
CUST-02097,Medan,nan
CUST-02098,Denpasar,Individual
CUST-02099,Bandung,Corporate
CUST-02100,Makassar,Corporate
CUST-02101,Surabaya,nan
CUST-02102,Makassar,Individual
CUST-02103,Medan,Individual
CUST-02104,Bandung,Individual
CUST-02105,Denpasar,Individual
CUST-02106,Jakarta,Individual
CUST-02107,Jakarta,Individual
CUST-02108,Surabaya,Corporate
CUST-02109,Yogyakarta,Individual
CUST-02110,Denpasar,Corporate
CUST-02111,Bandung,nan
CUST-02112,Semarang,Corporate
CUST-02113,Palembang,Individual
CUST-02114,Palembang,nan
CUST-02115,Denpasar,Corporate
CUST-02116,Palembang,Individual
CUST-02117,Bandung,Individual
CUST-02118,Semarang,Individual
CUST-02119,Bandung,Corporate
CUST-02120,Denpasar,Individual
CUST-02121,Bandung,Individual
CUST-02122,Palembang,Individual
CUST-02123,Semarang,Individual
CUST-02124,Balikpapan,Individual
CUST-02125,Palembang,Individual
CUST-02126,Surabaya,Corporate
CUST-02127,Medan,Corporate
CUST-02128,Bandung,Individual
CUST-02129,Makassar,Individual
CUST-02130,Bandung,Individual
CUST-02131,Denpasar,Individual
CUST-02132,Jakarta,Individual
CUST-02133,Yogyakarta,nan
CUST-02134,Palembang,nan
CUST-02135,Surabaya,Individual
CUST-02136,Semarang,nan
CUST-02137,Semarang,Individual
CUST-02138,Yogyakarta,Individual
CUST-02139,Jakarta,nan
CUST-02140,Palembang,Individual
CUST-02141,Semarang,Individual
CUST-02142,Jakarta,Individual
CUST-02143,Medan,Individual
CUST-02144,Semarang,nan
CUST-02145,Palembang,nan
CUST-02146,Medan,Individual
CUST-02147,Yogyakarta,nan
CUST-02148,Jakarta,Individual
CUST-02149,Bandung,Individual
CUST-02150,Balikpapan,Corporate
CUST-02151,Balikpapan,Individual
CUST-02152,Makassar,nan
CUST-02153,Denpasar,Corporate
CUST-02154,Bandung,Individual
CUST-02155,Bandung,Individual
CUST-02156,Bandung,Individual
CUST-02157,Denpasar,nan
CUST-02158,Balikpapan,Individual
CUST-02159,Medan,Individual
CUST-02160,Semarang,nan
CUST-02161,Yogyakarta,Corporate
CUST-02162,Palembang,Individual
CUST-02163,Yogyakarta,Individual
CUST-02164,Balikpapan,Individual
CUST-02165,Medan,Corporate
CUST-02166,Balikpapan,Corporate
CUST-02167,Surabaya,Individual
CUST-02168,Medan,Individual
CUST-02169,Yogyakarta,Individual
CUST-02170,Bandung,Individual
CUST-02171,Yogyakarta,nan
CUST-02172,Yogyakarta,Corporate
CUST-02173,Denpasar,Individual
CUST-02174,Denpasar,Individual
CUST-02175,Makassar,Individual
CUST-02176,Palembang,Individual
CUST-02177,Bandung,Individual
CUST-02178,Palembang,Individual
CUST-02179,Medan,Individual
CUST-02180,Medan,Individual
CUST-02181,Semarang,nan
CUST-02182,Semarang,Individual
CUST-02183,Makassar,Individual
CUST-02184,Denpasar,Individual
CUST-02185,Balikpapan,Individual
CUST-02186,Semarang,Corporate
CUST-02187,Jakarta,Individual
CUST-02188,Medan,Corporate
CUST-02189,Palembang,Individual
CUST-02190,Denpasar,nan
CUST-02191,Denpasar,Individual
CUST-02192,Balikpapan,Individual
CUST-02193,Makassar,nan
CUST-02194,Jakarta,Corporate
CUST-02195,Denpasar,nan
CUST-02196,Surabaya,Individual
CUST-02197,Bandung,Individual
CUST-02198,Jakarta,Individual
CUST-02199,Bandung,Individual
CUST-02200,Denpasar,Individual
CUST-02201,Makassar,Individual
CUST-02202,Bandung,Individual
CUST-02203,Makassar,Individual
CUST-02204,Medan,Individual
CUST-02205,Jakarta,Individual
CUST-02206,Medan,Corporate
CUST-02207,Denpasar,Individual
CUST-02208,Palembang,Individual
CUST-02209,Denpasar,Corporate
CUST-02210,Semarang,Individual
CUST-02211,Medan,Individual
CUST-02212,Surabaya,Individual
CUST-02213,Surabaya,Individual
CUST-02214,Surabaya,Individual
CUST-02215,Denpasar,Corporate
CUST-02216,Balikpapan,nan
CUST-02217,Surabaya,nan
CUST-02218,Surabaya,Corporate
CUST-02219,Balikpapan,Individual
CUST-02220,Semarang,Individual
CUST-02221,Jakarta,Corporate
CUST-02222,Palembang,Individual
CUST-02223,Yogyakarta,Individual
CUST-02224,Surabaya,nan
CUST-02225,Yogyakarta,Individual
CUST-02226,Jakarta,Individual
CUST-02227,Surabaya,nan
CUST-02228,Bandung,Corporate
CUST-02229,Denpasar,Individual
CUST-02230,Jakarta,Individual
CUST-02231,Denpasar,Corporate
CUST-02232,Denpasar,nan
CUST-02233,Bandung,Individual
CUST-02234,Balikpapan,Individual
CUST-02235,Denpasar,nan
CUST-02236,Jakarta,Corporate
CUST-02237,Yogyakarta,Individual
CUST-02238,Surabaya,Individual
CUST-02239,Yogyakarta,Individual
CUST-02240,Balikpapan,Individual
CUST-02241,Balikpapan,Corporate
CUST-02242,Bandung,Individual
CUST-02243,Balikpapan,Individual
CUST-02244,Semarang,Corporate
CUST-02245,Makassar,Individual
CUST-02246,Makassar,Individual
CUST-02247,Medan,Corporate
CUST-02248,Jakarta,nan
CUST-02249,Surabaya,Individual
CUST-02250,Jakarta,Corporate
CUST-02251,Palembang,Individual
CUST-02252,Yogyakarta,nan
CUST-02253,Jakarta,nan
CUST-02254,Bandung,Individual
CUST-02255,Medan,Individual
CUST-02256,Balikpapan,Individual
CUST-02257,Balikpapan,nan
CUST-02258,Balikpapan,Individual
CUST-02259,Yogyakarta,Individual
CUST-02260,Bandung,Individual
CUST-02261,Makassar,Individual
CUST-02262,Denpasar,Individual
CUST-02263,Medan,nan
CUST-02264,Yogyakarta,Corporate
CUST-02265,Semarang,nan
CUST-02266,Semarang,Corporate
CUST-02267,Yogyakarta,Individual
CUST-02268,Semarang,Corporate
CUST-02269,Denpasar,Individual
CUST-02270,Makassar,Individual
CUST-02271,Surabaya,Individual
CUST-02272,Medan,Individual
CUST-02273,Jakarta,Individual
CUST-02274,Yogyakarta,nan
CUST-02275,Balikpapan,Corporate
CUST-02276,Medan,Individual
CUST-02277,Semarang,Individual
CUST-02278,Bandung,Individual
CUST-02279,Semarang,Corporate
CUST-02280,Makassar,nan
CUST-02281,Palembang,Individual
CUST-02282,Balikpapan,nan
CUST-02283,Medan,Individual
CUST-02284,Semarang,Individual
CUST-02285,Yogyakarta,Corporate
CUST-02286,Semarang,nan
CUST-02287,Medan,Corporate
CUST-02288,Yogyakarta,Individual
CUST-02289,Balikpapan,Individual
CUST-02290,Semarang,Individual
CUST-02291,Makassar,Individual
CUST-02292,Medan,nan
CUST-02293,Bandung,nan
CUST-02294,Medan,nan
CUST-02295,Makassar,nan
CUST-02296,Balikpapan,Individual
CUST-02297,Palembang,nan
CUST-02298,Medan,Individual
CUST-02299,Surabaya,Individual
CUST-02300,Makassar,Individual
CUST-02301,Balikpapan,Corporate
CUST-02302,Palembang,Individual
CUST-02303,Palembang,Corporate
CUST-02304,Surabaya,Corporate
CUST-02305,Bandung,Individual
CUST-02306,Denpasar,Corporate
CUST-02307,Jakarta,Individual
CUST-02308,Semarang,Individual
CUST-02309,Bandung,Corporate
CUST-02310,Palembang,Individual
CUST-02311,Jakarta,Individual
CUST-02312,Bandung,Individual
CUST-02313,Jakarta,Corporate
CUST-02314,Bandung,Corporate
CUST-02315,Balikpapan,nan
CUST-02316,Makassar,Individual
CUST-02317,Yogyakarta,Individual
CUST-02318,Bandung,Individual
CUST-02319,Denpasar,nan
CUST-02320,Palembang,nan
CUST-02321,Jakarta,Individual
CUST-02322,Palembang,Corporate
CUST-02323,Semarang,Individual
CUST-02324,Jakarta,Individual
CUST-02325,Yogyakarta,Individual
CUST-02326,Yogyakarta,Individual
CUST-02327,Medan,Corporate
CUST-02328,Yogyakarta,Individual
CUST-02329,Denpasar,Individual
CUST-02330,Bandung,Individual
CUST-02331,Semarang,Corporate
CUST-02332,Bandung,Corporate
CUST-02333,Surabaya,Individual
CUST-02334,Semarang,Corporate
CUST-02335,Yogyakarta,Corporate
CUST-02336,Medan,Corporate
CUST-02337,Makassar,Individual
CUST-02338,Palembang,Individual
CUST-02339,Yogyakarta,Individual
CUST-02340,Semarang,Individual
CUST-02341,Yogyakarta,Corporate
CUST-02342,Denpasar,Individual
CUST-02343,Medan,Individual
CUST-02344,Medan,Individual
CUST-02345,Denpasar,Individual
CUST-02346,Semarang,Individual
CUST-02347,Yogyakarta,Individual
CUST-02348,Semarang,Individual
CUST-02349,Semarang,Corporate
CUST-02350,Medan,nan
CUST-02351,Denpasar,Corporate
CUST-02352,Denpasar,Corporate
CUST-02353,Bandung,Individual
CUST-02354,Surabaya,Individual
CUST-02355,Medan,Individual
CUST-02356,Medan,Individual
CUST-02357,Surabaya,Individual
CUST-02358,Yogyakarta,nan
CUST-02359,Bandung,Individual
CUST-02360,Yogyakarta,Corporate
CUST-02361,Jakarta,nan
CUST-02362,Balikpapan,Corporate
CUST-02363,Surabaya,Individual
CUST-02364,Semarang,Individual
CUST-02365,Yogyakarta,Corporate
CUST-02366,Palembang,nan
CUST-02367,Jakarta,Corporate
CUST-02368,Medan,Individual
CUST-02369,Palembang,Corporate
CUST-02370,Medan,Individual
CUST-02371,Jakarta,Individual
CUST-02372,Makassar,Corporate
CUST-02373,Balikpapan,Individual
CUST-02374,Yogyakarta,nan
CUST-02375,Palembang,Individual
CUST-02376,Semarang,Individual
CUST-02377,Semarang,Corporate
CUST-02378,Makassar,Individual
CUST-02379,Yogyakarta,nan
CUST-02380,Medan,Individual
CUST-02381,Semarang,Individual
CUST-02382,Palembang,Individual
CUST-02383,Jakarta,nan
CUST-02384,Medan,Individual
CUST-02385,Bandung,Corporate
CUST-02386,Yogyakarta,Individual
CUST-02387,Jakarta,Individual
CUST-02388,Medan,Individual
CUST-02389,Bandung,nan
CUST-02390,Denpasar,Corporate
CUST-02391,Medan,Individual
CUST-02392,Balikpapan,nan
CUST-02393,Balikpapan,nan
CUST-02394,Jakarta,Individual
CUST-02395,Denpasar,Individual
CUST-02396,Jakarta,nan
CUST-02397,Medan,Corporate
CUST-02398,Yogyakarta,Individual
CUST-02399,Makassar,Individual
CUST-02400,Medan,Corporate
CUST-02401,Medan,nan
CUST-02402,Yogyakarta,nan
CUST-02403,Denpasar,Individual
CUST-02404,Semarang,Individual
CUST-02405,Jakarta,Individual
CUST-02406,Medan,Corporate
CUST-02407,Yogyakarta,Corporate
CUST-02408,Palembang,Individual
CUST-02409,Denpasar,Individual
CUST-02410,Makassar,Individual
CUST-02411,Palembang,nan
CUST-02412,Yogyakarta,Corporate
CUST-02413,Semarang,Individual
CUST-02414,Bandung,Individual
CUST-02415,Denpasar,Individual
CUST-02416,Makassar,Individual
CUST-02417,Jakarta,Corporate
CUST-02418,Yogyakarta,Individual
CUST-02419,Palembang,Individual
CUST-02420,Semarang,Corporate
CUST-02421,Jakarta,Individual
CUST-02422,Surabaya,Individual
CUST-02423,Balikpapan,Corporate
CUST-02424,Makassar,Individual
CUST-02425,Semarang,Corporate
CUST-02426,Bandung,Individual
CUST-02427,Balikpapan,Individual
CUST-02428,Balikpapan,Corporate
CUST-02429,Jakarta,Individual
CUST-02430,Yogyakarta,Corporate
CUST-02431,Makassar,Individual
CUST-02432,Makassar,nan
CUST-02433,Jakarta,Corporate
CUST-02434,Yogyakarta,Individual
CUST-02435,Palembang,Individual
CUST-02436,Medan,nan
CUST-02437,Surabaya,Individual
CUST-02438,Palembang,Individual
CUST-02439,Balikpapan,Individual
CUST-02440,Jakarta,Individual
CUST-02441,Surabaya,nan
CUST-02442,Makassar,Individual
CUST-02443,Makassar,Individual
CUST-02444,Surabaya,nan
CUST-02445,Bandung,Corporate
CUST-02446,Surabaya,Individual
CUST-02447,Balikpapan,nan
CUST-02448,Jakarta,Individual
CUST-02449,Surabaya,Individual
CUST-02450,Yogyakarta,Corporate
CUST-02451,Bandung,Individual
CUST-02452,Medan,Individual
CUST-02453,Surabaya,Corporate
CUST-02454,Jakarta,Corporate
CUST-02455,Palembang,Individual
CUST-02456,Medan,Individual
CUST-02457,Surabaya,Individual
CUST-02458,Jakarta,Individual
CUST-02459,Palembang,Individual
CUST-02460,Jakarta,Individual
CUST-02461,Denpasar,Individual
CUST-02462,Semarang,Individual
CUST-02463,Semarang,Individual
CUST-02464,Palembang,Individual
CUST-02465,Semarang,Individual
CUST-02466,Bandung,Corporate
CUST-02467,Surabaya,Individual
CUST-02468,Bandung,Corporate
CUST-02469,Medan,Individual
CUST-02470,Balikpapan,Individual
CUST-02471,Denpasar,Individual
CUST-02472,Denpasar,Individual
CUST-02473,Semarang,Individual
CUST-02474,Bandung,Individual
CUST-02475,Palembang,Individual
CUST-02476,Denpasar,nan
CUST-02477,Bandung,Individual
CUST-02478,Yogyakarta,Individual
CUST-02479,Denpasar,Individual
CUST-02480,Makassar,Individual
CUST-02481,Surabaya,Individual
CUST-02482,Jakarta,Corporate
CUST-02483,Bandung,Individual
CUST-02484,Semarang,Individual
CUST-02485,Denpasar,Individual
CUST-02486,Surabaya,nan
CUST-02487,Surabaya,Corporate
CUST-02488,Palembang,Individual
CUST-02489,Denpasar,Corporate
CUST-02490,Bandung,nan
CUST-02491,Makassar,Corporate
CUST-02492,Jakarta,Corporate
CUST-02493,Semarang,Individual
CUST-02494,Palembang,nan
CUST-02495,Makassar,nan
CUST-02496,Jakarta,Corporate
CUST-02497,Surabaya,Individual
CUST-02498,Balikpapan,Individual
CUST-02499,Yogyakarta,Individual
CUST-02500,Jakarta,Individual
CUST-02501,Bandung,Corporate
CUST-02502,Balikpapan,nan
CUST-02503,Palembang,Individual
CUST-02504,Surabaya,Individual
CUST-02505,Balikpapan,nan
CUST-02506,Surabaya,nan
CUST-02507,Yogyakarta,Corporate
CUST-02508,Semarang,Individual
CUST-02509,Bandung,Individual
CUST-02510,Jakarta,Individual
CUST-02511,Semarang,Individual
CUST-02512,Denpasar,Corporate
CUST-02513,Medan,Corporate
CUST-02514,Makassar,Individual
CUST-02515,Balikpapan,nan
CUST-02516,Makassar,Corporate
CUST-02517,Semarang,Individual
CUST-02518,Makassar,Individual
CUST-02519,Medan,Individual
CUST-02520,Denpasar,Corporate
CUST-02521,Yogyakarta,Individual
CUST-02522,Yogyakarta,Individual
CUST-02523,Bandung,Individual
CUST-02524,Makassar,Corporate
CUST-02525,Semarang,Individual
CUST-02526,Surabaya,Corporate
CUST-02527,Palembang,Corporate
CUST-02528,Denpasar,Individual
CUST-02529,Jakarta,nan
CUST-02530,Jakarta,nan
CUST-02531,Balikpapan,Individual
CUST-02532,Makassar,Individual
CUST-02533,Yogyakarta,Individual
CUST-02534,Makassar,Individual
CUST-02535,Surabaya,Individual
CUST-02536,Jakarta,Individual
CUST-02537,Denpasar,Individual
CUST-02538,Semarang,Individual
CUST-02539,Denpasar,Individual
CUST-02540,Balikpapan,Individual
CUST-02541,Balikpapan,Individual
CUST-02542,Yogyakarta,Individual
CUST-02543,Palembang,nan
CUST-02544,Semarang,Individual
CUST-02545,Denpasar,nan
CUST-02546,Surabaya,Individual
CUST-02547,Makassar,nan
CUST-02548,Yogyakarta,nan
CUST-02549,Yogyakarta,Individual
CUST-02550,Medan,Individual
CUST-02551,Makassar,Individual
CUST-02552,Surabaya,nan
CUST-02553,Surabaya,Individual
CUST-02554,Makassar,Individual
CUST-02555,Bandung,Corporate
CUST-02556,Balikpapan,nan
CUST-02557,Yogyakarta,Corporate
CUST-02558,Jakarta,Corporate
CUST-02559,Makassar,Individual
CUST-02560,Balikpapan,Corporate
CUST-02561,Surabaya,Individual
CUST-02562,Semarang,Corporate
CUST-02563,Palembang,Corporate
CUST-02564,Surabaya,Individual
CUST-02565,Bandung,Individual
CUST-02566,Semarang,Corporate
CUST-02567,Balikpapan,Individual
CUST-02568,Surabaya,Corporate
CUST-02569,Jakarta,Corporate
CUST-02570,Balikpapan,Individual
CUST-02571,Makassar,Individual
CUST-02572,Balikpapan,Individual
CUST-02573,Medan,Individual
CUST-02574,Balikpapan,Individual
CUST-02575,Jakarta,Corporate
CUST-02576,Semarang,nan
CUST-02577,Balikpapan,Individual
CUST-02578,Bandung,Corporate
CUST-02579,Semarang,nan
CUST-02580,Jakarta,Corporate
CUST-02581,Yogyakarta,Individual
CUST-02582,Surabaya,Individual
CUST-02583,Surabaya,Individual
CUST-02584,Bandung,Corporate
CUST-02585,Bandung,Individual
CUST-02586,Balikpapan,nan
CUST-02587,Bandung,Individual
CUST-02588,Balikpapan,Individual
CUST-02589,Jakarta,Individual
CUST-02590,Palembang,Individual
CUST-02591,Bandung,Individual
CUST-02592,Denpasar,Individual
CUST-02593,Bandung,Individual
CUST-02594,Palembang,Corporate
CUST-02595,Palembang,Individual
CUST-02596,Bandung,Individual
CUST-02597,Denpasar,nan
CUST-02598,Surabaya,nan
CUST-02599,Surabaya,Individual
CUST-02600,Semarang,Individual
CUST-02601,Makassar,Corporate
CUST-02602,Palembang,Individual
CUST-02603,Yogyakarta,Individual
CUST-02604,Balikpapan,Corporate
CUST-02605,Balikpapan,Individual
CUST-02606,Medan,Corporate
CUST-02607,Surabaya,nan
CUST-02608,Bandung,Corporate
CUST-02609,Surabaya,Individual
CUST-02610,Medan,Individual
CUST-02611,Balikpapan,Individual
CUST-02612,Denpasar,Individual
CUST-02613,Palembang,Individual
CUST-02614,Semarang,Corporate
CUST-02615,Makassar,Individual
CUST-02616,Makassar,Individual
CUST-02617,Makassar,Corporate
CUST-02618,Makassar,Individual
CUST-02619,Makassar,Individual
CUST-02620,Semarang,Corporate
CUST-02621,Jakarta,Corporate
CUST-02622,Denpasar,Individual
CUST-02623,Surabaya,Corporate
CUST-02624,Surabaya,Individual
CUST-02625,Yogyakarta,Individual
CUST-02626,Denpasar,nan
CUST-02627,Makassar,Individual
CUST-02628,Medan,nan
CUST-02629,Yogyakarta,Individual
CUST-02630,Makassar,Individual
CUST-02631,Palembang,Individual
CUST-02632,Yogyakarta,nan
CUST-02633,Balikpapan,Individual
CUST-02634,Makassar,Individual
CUST-02635,Medan,Individual
CUST-02636,Palembang,Corporate
CUST-02637,Semarang,Individual
CUST-02638,Semarang,Corporate
CUST-02639,Surabaya,Individual
CUST-02640,Medan,nan
CUST-02641,Yogyakarta,Individual
CUST-02642,Bandung,Corporate
CUST-02643,Balikpapan,Individual
CUST-02644,Medan,Individual
CUST-02645,Semarang,Individual
CUST-02646,Bandung,Individual
CUST-02647,Makassar,Corporate
CUST-02648,Makassar,Individual
CUST-02649,Bandung,Corporate
CUST-02650,Denpasar,Individual
CUST-02651,Medan,Individual
CUST-02652,Jakarta,Individual
CUST-02653,Medan,Individual
CUST-02654,Bandung,Individual
CUST-02655,Makassar,Individual
CUST-02656,Palembang,Individual
CUST-02657,Medan,nan
CUST-02658,Jakarta,nan
CUST-02659,Denpasar,nan
CUST-02660,Medan,Individual
CUST-02661,Bandung,Individual
CUST-02662,Denpasar,Corporate
CUST-02663,Balikpapan,Corporate
CUST-02664,Yogyakarta,Corporate
CUST-02665,Makassar,nan
CUST-02666,Palembang,nan
CUST-02667,Semarang,Individual
CUST-02668,Yogyakarta,Individual
CUST-02669,Denpasar,Individual
CUST-02670,Jakarta,Individual
CUST-02671,Surabaya,Individual
CUST-02672,Jakarta,Individual
CUST-02673,Palembang,Individual
CUST-02674,Palembang,nan
CUST-02675,Bandung,Corporate
CUST-02676,Balikpapan,Individual
CUST-02677,Medan,nan
CUST-02678,Medan,Corporate
CUST-02679,Surabaya,Individual
CUST-02680,Denpasar,Individual
CUST-02681,Medan,Individual
CUST-02682,Denpasar,Individual
CUST-02683,Jakarta,Corporate
CUST-02684,Yogyakarta,Corporate
CUST-02685,Jakarta,Corporate
CUST-02686,Palembang,Corporate
CUST-02687,Jakarta,Corporate
CUST-02688,Yogyakarta,Individual
CUST-02689,Medan,Individual
CUST-02690,Semarang,Individual
CUST-02691,Palembang,Corporate
CUST-02692,Surabaya,Corporate
CUST-02693,Surabaya,Corporate
CUST-02694,Medan,Individual
CUST-02695,Semarang,Individual
CUST-02696,Palembang,Corporate
CUST-02697,Balikpapan,Individual
CUST-02698,Bandung,Corporate
CUST-02699,Makassar,Corporate
CUST-02700,Palembang,Individual
CUST-02701,Bandung,Individual
CUST-02702,Surabaya,Corporate
CUST-02703,Yogyakarta,nan
CUST-02704,Balikpapan,Individual
CUST-02705,Jakarta,Individual
CUST-02706,Semarang,Corporate
CUST-02707,Bandung,Individual
CUST-02708,Medan,Individual
CUST-02709,Medan,Individual
CUST-02710,Semarang,Individual
CUST-02711,Yogyakarta,Individual
CUST-02712,Medan,nan
CUST-02713,Balikpapan,Individual
CUST-02714,Makassar,Individual
CUST-02715,Jakarta,Individual
CUST-02716,Makassar,Corporate
CUST-02717,Palembang,Corporate
CUST-02718,Makassar,nan
CUST-02719,Semarang,Individual
CUST-02720,Denpasar,Individual
CUST-02721,Yogyakarta,nan
CUST-02722,Denpasar,Individual
CUST-02723,Yogyakarta,nan
CUST-02724,Medan,nan
CUST-02725,Palembang,Corporate
CUST-02726,Bandung,Corporate
CUST-02727,Palembang,nan
CUST-02728,Balikpapan,Corporate
CUST-02729,Surabaya,Corporate
CUST-02730,Denpasar,Individual
CUST-02731,Surabaya,Individual
CUST-02732,Balikpapan,nan
CUST-02733,Surabaya,Individual
CUST-02734,Palembang,nan
CUST-02735,Yogyakarta,Individual
CUST-02736,Balikpapan,Individual
CUST-02737,Makassar,nan
CUST-02738,Palembang,Corporate
CUST-02739,Palembang,Individual
CUST-02740,Balikpapan,nan
CUST-02741,Makassar,Corporate
CUST-02742,Palembang,Individual
CUST-02743,Makassar,Individual
CUST-02744,Palembang,Individual
CUST-02745,Bandung,nan
CUST-02746,Yogyakarta,Individual
CUST-02747,Balikpapan,Corporate
CUST-02748,Denpasar,Individual
CUST-02749,Yogyakarta,nan
CUST-02750,Medan,Corporate
CUST-02751,Semarang,Individual
CUST-02752,Balikpapan,Individual
CUST-02753,Makassar,Individual
CUST-02754,Palembang,Corporate
CUST-02755,Makassar,Corporate
CUST-02756,Palembang,Individual
CUST-02757,Semarang,Individual
CUST-02758,Palembang,Individual
CUST-02759,Bandung,Corporate
CUST-02760,Semarang,Individual
CUST-02761,Makassar,Individual
CUST-02762,Bandung,Individual
CUST-02763,Makassar,Individual
CUST-02764,Yogyakarta,Individual
CUST-02765,Medan,nan
CUST-02766,Makassar,Individual
CUST-02767,Makassar,Individual
CUST-02768,Medan,Corporate
CUST-02769,Palembang,Individual
CUST-02770,Palembang,Corporate
CUST-02771,Makassar,Individual
CUST-02772,Jakarta,nan
CUST-02773,Balikpapan,Individual
CUST-02774,Jakarta,Corporate
CUST-02775,Makassar,Individual
CUST-02776,Bandung,nan
CUST-02777,Balikpapan,Individual
CUST-02778,Semarang,Individual
CUST-02779,Medan,Corporate
CUST-02780,Denpasar,Individual
CUST-02781,Palembang,Individual
CUST-02782,Balikpapan,Individual
CUST-02783,Makassar,Corporate
CUST-02784,Denpasar,Individual
CUST-02785,Bandung,Individual
CUST-02786,Balikpapan,Individual
CUST-02787,Denpasar,Individual
CUST-02788,Makassar,Individual
CUST-02789,Yogyakarta,Corporate
CUST-02790,Bandung,Corporate
CUST-02791,Palembang,Individual
CUST-02792,Jakarta,Corporate
CUST-02793,Balikpapan,nan
CUST-02794,Balikpapan,Individual
CUST-02795,Yogyakarta,Corporate
CUST-02796,Surabaya,Corporate
CUST-02797,Medan,Individual
CUST-02798,Surabaya,Individual
CUST-02799,Surabaya,nan
CUST-02800,Medan,nan
CUST-02801,Balikpapan,nan
CUST-02802,Jakarta,Corporate
CUST-02803,Balikpapan,nan
CUST-02804,Yogyakarta,Corporate
CUST-02805,Jakarta,Corporate
CUST-02806,Palembang,Individual
CUST-02807,Palembang,Individual
CUST-02808,Yogyakarta,Individual
CUST-02809,Denpasar,Individual
CUST-02810,Balikpapan,nan
CUST-02811,Makassar,Individual
CUST-02812,Medan,Corporate
CUST-02813,Bandung,Individual
CUST-02814,Yogyakarta,Individual
CUST-02815,Palembang,Individual
CUST-02816,Semarang,Individual
CUST-02817,Balikpapan,nan
CUST-02818,Balikpapan,Corporate
CUST-02819,Bandung,Individual
CUST-02820,Balikpapan,Individual
CUST-02821,Denpasar,nan
CUST-02822,Palembang,nan
CUST-02823,Jakarta,Individual
CUST-02824,Semarang,Individual
CUST-02825,Balikpapan,Corporate
CUST-02826,Surabaya,Individual
CUST-02827,Balikpapan,Individual
CUST-02828,Yogyakarta,Individual
CUST-02829,Denpasar,Individual
CUST-02830,Semarang,nan
CUST-02831,Yogyakarta,Individual
CUST-02832,Balikpapan,Corporate
CUST-02833,Palembang,nan
CUST-02834,Denpasar,Corporate
CUST-02835,Semarang,Corporate
CUST-02836,Surabaya,Individual
CUST-02837,Bandung,Individual
CUST-02838,Yogyakarta,Corporate
CUST-02839,Yogyakarta,Individual
CUST-02840,Surabaya,Individual
CUST-02841,Bandung,Individual
CUST-02842,Denpasar,Individual
CUST-02843,Palembang,nan
CUST-02844,Medan,Individual
CUST-02845,Medan,Individual
CUST-02846,Balikpapan,Individual
CUST-02847,Makassar,Corporate
CUST-02848,Bandung,Corporate
CUST-02849,Makassar,nan
CUST-02850,Yogyakarta,Corporate
CUST-02851,Yogyakarta,Corporate
CUST-02852,Balikpapan,Individual
CUST-02853,Bandung,Individual
CUST-02854,Medan,Corporate
CUST-02855,Surabaya,Individual
CUST-02856,Medan,Individual
CUST-02857,Balikpapan,Corporate
CUST-02858,Semarang,Individual
CUST-02859,Bandung,Individual
CUST-02860,Semarang,Individual
CUST-02861,Bandung,Corporate
CUST-02862,Balikpapan,Individual
CUST-02863,Palembang,Individual
CUST-02864,Bandung,Individual
CUST-02865,Makassar,Corporate
CUST-02866,Semarang,Individual
CUST-02867,Yogyakarta,Individual
CUST-02868,Palembang,Individual
CUST-02869,Yogyakarta,Individual
CUST-02870,Denpasar,Individual
CUST-02871,Semarang,Corporate
CUST-02872,Denpasar,Individual
CUST-02873,Semarang,Individual
CUST-02874,Bandung,Individual
CUST-02875,Yogyakarta,Individual
CUST-02876,Surabaya,Individual
CUST-02877,Balikpapan,Corporate
CUST-02878,Semarang,Individual
CUST-02879,Balikpapan,Corporate
CUST-02880,Balikpapan,Individual
CUST-02881,Jakarta,Individual
CUST-02882,Medan,nan
CUST-02883,Semarang,Individual
CUST-02884,Makassar,Individual
CUST-02885,Denpasar,nan
CUST-02886,Yogyakarta,Individual
CUST-02887,Medan,Individual
CUST-02888,Balikpapan,Individual
CUST-02889,Balikpapan,Individual
CUST-02890,Jakarta,Individual
CUST-02891,Semarang,Corporate
CUST-02892,Makassar,Individual
CUST-02893,Bandung,Individual
CUST-02894,Bandung,nan
CUST-02895,Denpasar,Individual
CUST-02896,Jakarta,Individual
CUST-02897,Balikpapan,Corporate
CUST-02898,Palembang,Individual
CUST-02899,Denpasar,Individual
CUST-02900,Makassar,nan
CUST-02901,Medan,nan
CUST-02902,Yogyakarta,nan
CUST-02903,Palembang,Corporate
CUST-02904,Medan,Individual
CUST-02905,Medan,Individual
CUST-02906,Balikpapan,nan
CUST-02907,Jakarta,Individual
CUST-02908,Semarang,Individual
CUST-02909,Denpasar,Corporate
CUST-02910,Semarang,nan
CUST-02911,Balikpapan,Corporate
CUST-02912,Semarang,Individual
CUST-02913,Jakarta,Corporate
CUST-02914,Bandung,Corporate
CUST-02915,Semarang,Individual
CUST-02916,Denpasar,Individual
CUST-02917,Denpasar,Corporate
CUST-02918,Denpasar,Individual
CUST-02919,Yogyakarta,Individual
CUST-02920,Bandung,Corporate
CUST-02921,Medan,nan
CUST-02922,Makassar,Corporate
CUST-02923,Denpasar,nan
CUST-02924,Bandung,Corporate
CUST-02925,Denpasar,Individual
CUST-02926,Yogyakarta,nan
CUST-02927,Balikpapan,Individual
CUST-02928,Medan,Individual
CUST-02929,Makassar,Individual
CUST-02930,Balikpapan,Individual
CUST-02931,Medan,nan
CUST-02932,Yogyakarta,Individual
CUST-02933,Makassar,Individual
CUST-02934,Yogyakarta,Individual
CUST-02935,Jakarta,Corporate
CUST-02936,Balikpapan,Individual
CUST-02937,Medan,Individual
CUST-02938,Semarang,Corporate
CUST-02939,Balikpapan,Individual
CUST-02940,Denpasar,Corporate
CUST-02941,Bandung,Individual
CUST-02942,Surabaya,Individual
CUST-02943,Jakarta,Corporate
CUST-02944,Jakarta,Individual
CUST-02945,Makassar,Corporate
CUST-02946,Palembang,Individual
CUST-02947,Balikpapan,Individual
CUST-02948,Yogyakarta,Individual
CUST-02949,Makassar,nan
CUST-02950,Jakarta,Corporate
CUST-02951,Yogyakarta,Corporate
CUST-02952,Jakarta,Individual
CUST-02953,Surabaya,nan
CUST-02954,Jakarta,nan
CUST-02955,Balikpapan,Individual
CUST-02956,Makassar,Individual
CUST-02957,Bandung,Corporate
CUST-02958,Balikpapan,Individual
CUST-02959,Balikpapan,Corporate
CUST-02960,Semarang,Individual
CUST-02961,Jakarta,Individual
CUST-02962,Semarang,nan
CUST-02963,Surabaya,Individual
CUST-02964,Yogyakarta,Corporate
CUST-02965,Semarang,Corporate
CUST-02966,Denpasar,Individual
CUST-02967,Denpasar,Individual
CUST-02968,Makassar,Individual
CUST-02969,Makassar,Corporate
CUST-02970,Denpasar,Individual
CUST-02971,Denpasar,Individual
CUST-02972,Semarang,Individual
CUST-02973,Bandung,Corporate
CUST-02974,Yogyakarta,Corporate
CUST-02975,Makassar,Corporate
CUST-02976,Makassar,Individual
CUST-02977,Balikpapan,Individual
CUST-02978,Makassar,Corporate
CUST-02979,Surabaya,Individual
CUST-02980,Semarang,nan
CUST-02981,Balikpapan,nan
CUST-02982,Palembang,nan
CUST-02983,Denpasar,Individual
CUST-02984,Semarang,Individual
CUST-02985,Palembang,Individual
CUST-02986,Surabaya,Corporate
CUST-02987,Balikpapan,Individual
CUST-02988,Medan,Individual
CUST-02989,Surabaya,Corporate
CUST-02990,Bandung,Individual
CUST-02991,Semarang,Individual
CUST-02992,Medan,Individual
CUST-02993,Palembang,Individual
CUST-02994,Jakarta,Individual
CUST-02995,Makassar,Individual
CUST-02996,Medan,Corporate
CUST-02997,Jakarta,Individual
CUST-02998,Makassar,Individual
CUST-02999,Denpasar,Corporate
CUST-03000,Denpasar,Individual
CUST-03001,Medan,Individual
CUST-03002,Surabaya,Corporate
CUST-03003,Denpasar,Individual
CUST-03004,Bandung,Individual
CUST-03005,Medan,Individual
CUST-03006,Semarang,Individual
CUST-03007,Medan,Corporate
CUST-03008,Denpasar,Corporate
CUST-03009,Medan,Individual
CUST-03010,Bandung,Individual
CUST-03011,Medan,Individual
CUST-03012,Semarang,Individual
CUST-03013,Yogyakarta,Corporate
CUST-03014,Jakarta,Individual
CUST-03015,Palembang,Individual
CUST-03016,Jakarta,Individual
CUST-03017,Makassar,Individual
CUST-03018,Yogyakarta,Corporate
CUST-03019,Medan,nan
CUST-03020,Medan,Corporate
CUST-03021,Yogyakarta,Individual
CUST-03022,Bandung,nan
CUST-03023,Makassar,Individual
CUST-03024,Medan,Corporate
CUST-03025,Surabaya,Individual
CUST-03026,Makassar,Corporate
CUST-03027,Jakarta,Individual
CUST-03028,Bandung,Individual
CUST-03029,Yogyakarta,Individual
CUST-03030,Yogyakarta,Individual
CUST-03031,Yogyakarta,Corporate
CUST-03032,Yogyakarta,Corporate
CUST-03033,Bandung,nan
CUST-03034,Semarang,Individual
CUST-03035,Yogyakarta,Individual
CUST-03036,Denpasar,nan
CUST-03037,Yogyakarta,Individual
CUST-03038,Makassar,Individual
CUST-03039,Palembang,Individual
CUST-03040,Bandung,Corporate
CUST-03041,Palembang,Individual
CUST-03042,Balikpapan,Individual
CUST-03043,Bandung,Individual
CUST-03044,Yogyakarta,nan
CUST-03045,Bandung,Individual
CUST-03046,Bandung,Corporate
CUST-03047,Bandung,Individual
CUST-03048,Balikpapan,Corporate
CUST-03049,Denpasar,Individual
CUST-03050,Yogyakarta,nan
CUST-03051,Yogyakarta,nan
CUST-03052,Jakarta,Individual
CUST-03053,Medan,Individual
CUST-03054,Palembang,Corporate
CUST-03055,Makassar,Individual
CUST-03056,Palembang,Individual
CUST-03057,Medan,Corporate
CUST-03058,Jakarta,Individual
CUST-03059,Yogyakarta,Individual
CUST-03060,Yogyakarta,Individual
CUST-03061,Jakarta,Individual
CUST-03062,Bandung,Corporate
CUST-03063,Denpasar,Individual
CUST-03064,Balikpapan,Individual
CUST-03065,Jakarta,Corporate
CUST-03066,Palembang,Individual
CUST-03067,Palembang,Individual
CUST-03068,Denpasar,nan
CUST-03069,Jakarta,Individual
CUST-03070,Semarang,Corporate
CUST-03071,Medan,Individual
CUST-03072,Jakarta,Corporate
CUST-03073,Denpasar,Individual
CUST-03074,Denpasar,Individual
CUST-03075,Balikpapan,Individual
CUST-03076,Jakarta,nan
CUST-03077,Denpasar,nan
CUST-03078,Surabaya,nan
CUST-03079,Surabaya,Individual
CUST-03080,Surabaya,Individual
CUST-03081,Yogyakarta,Individual
CUST-03082,Medan,Individual
CUST-03083,Surabaya,Corporate
CUST-03084,Yogyakarta,Individual
CUST-03085,Jakarta,Individual
CUST-03086,Palembang,Individual
CUST-03087,Jakarta,Individual
CUST-03088,Yogyakarta,Corporate
CUST-03089,Palembang,Individual
CUST-03090,Medan,Corporate
CUST-03091,Medan,Individual
CUST-03092,Denpasar,Individual
CUST-03093,Bandung,Individual
CUST-03094,Palembang,nan
CUST-03095,Jakarta,Individual
CUST-03096,Palembang,Individual
CUST-03097,Makassar,Individual
CUST-03098,Balikpapan,Corporate
CUST-03099,Semarang,Corporate
CUST-03100,Medan,nan
CUST-03101,Yogyakarta,Individual
CUST-03102,Balikpapan,Individual
CUST-03103,Denpasar,nan
CUST-03104,Semarang,Individual
CUST-03105,Surabaya,Corporate
CUST-03106,Medan,Corporate
CUST-03107,Bandung,Individual
CUST-03108,Semarang,Corporate
CUST-03109,Palembang,Corporate
CUST-03110,Yogyakarta,nan
CUST-03111,Bandung,Individual
CUST-03112,Makassar,Individual
CUST-03113,Palembang,Individual
CUST-03114,Semarang,nan
CUST-03115,Semarang,Individual
CUST-03116,Yogyakarta,Corporate
CUST-03117,Yogyakarta,Individual
CUST-03118,Yogyakarta,Individual
CUST-03119,Bandung,Corporate
CUST-03120,Yogyakarta,Corporate
CUST-03121,Balikpapan,Corporate
CUST-03122,Semarang,Individual
CUST-03123,Makassar,nan
CUST-03124,Yogyakarta,Individual
CUST-03125,Bandung,Individual
CUST-03126,Jakarta,Individual
CUST-03127,Semarang,Corporate
CUST-03128,Bandung,Corporate
CUST-03129,Makassar,Corporate
CUST-03130,Semarang,Corporate
CUST-03131,Semarang,Individual
CUST-03132,Balikpapan,Individual
CUST-03133,Jakarta,nan
CUST-03134,Palembang,Individual
CUST-03135,Denpasar,Individual
CUST-03136,Medan,Individual
CUST-03137,Jakarta,nan
CUST-03138,Palembang,Individual
CUST-03139,Surabaya,Corporate
CUST-03140,Jakarta,Individual
CUST-03141,Surabaya,Corporate
CUST-03142,Balikpapan,Individual
CUST-03143,Palembang,Individual
CUST-03144,Palembang,Individual
CUST-03145,Makassar,Individual
CUST-03146,Semarang,Corporate
CUST-03147,Semarang,nan
CUST-03148,Balikpapan,nan
CUST-03149,Bandung,Individual
CUST-03150,Bandung,Individual
CUST-03151,Yogyakarta,Individual
CUST-03152,Balikpapan,nan
CUST-03153,Balikpapan,Individual
CUST-03154,Medan,Individual
CUST-03155,Surabaya,Individual
CUST-03156,Jakarta,Individual
CUST-03157,Surabaya,Corporate
CUST-03158,Balikpapan,Individual
CUST-03159,Semarang,Individual
CUST-03160,Bandung,Individual
CUST-03161,Denpasar,Individual
CUST-03162,Makassar,Individual
CUST-03163,Jakarta,Individual
CUST-03164,Semarang,nan
CUST-03165,Bandung,Individual
CUST-03166,Semarang,Individual
CUST-03167,Jakarta,Individual
CUST-03168,Bandung,nan
CUST-03169,Denpasar,Individual
CUST-03170,Makassar,Individual
CUST-03171,Makassar,Individual
CUST-03172,Semarang,Corporate
CUST-03173,Makassar,Corporate
CUST-03174,Jakarta,Corporate
CUST-03175,Palembang,Individual
CUST-03176,Balikpapan,Individual
CUST-03177,Surabaya,Individual
CUST-03178,Yogyakarta,Individual
CUST-03179,Medan,Individual
CUST-03180,Surabaya,Individual
CUST-03181,Jakarta,nan
CUST-03182,Makassar,Individual
CUST-03183,Yogyakarta,Corporate
CUST-03184,Makassar,Individual
CUST-03185,Yogyakarta,Individual
CUST-03186,Balikpapan,Individual
CUST-03187,Medan,Individual
CUST-03188,Balikpapan,Corporate
CUST-03189,Semarang,Individual
CUST-03190,Bandung,Corporate
CUST-03191,Semarang,Individual
CUST-03192,Semarang,Individual
CUST-03193,Surabaya,Individual
CUST-03194,Semarang,Corporate
CUST-03195,Medan,nan
CUST-03196,Makassar,Individual
CUST-03197,Yogyakarta,Corporate
CUST-03198,Bandung,Corporate
CUST-03199,Balikpapan,Corporate
CUST-03200,Surabaya,Individual
CUST-03201,Makassar,Corporate
CUST-03202,Makassar,Individual
CUST-03203,Yogyakarta,Corporate
CUST-03204,Balikpapan,Individual
CUST-03205,Semarang,Individual
CUST-03206,Denpasar,Individual
CUST-03207,Balikpapan,nan
CUST-03208,Semarang,Individual
CUST-03209,Balikpapan,Individual
CUST-03210,Semarang,nan
CUST-03211,Semarang,Corporate
CUST-03212,Palembang,Individual
CUST-03213,Bandung,Individual
CUST-03214,Yogyakarta,Individual
CUST-03215,Denpasar,Corporate
CUST-03216,Balikpapan,Individual
CUST-03217,Bandung,Corporate
CUST-03218,Balikpapan,Individual
CUST-03219,Palembang,Individual
CUST-03220,Semarang,Corporate
CUST-03221,Semarang,nan
CUST-03222,Yogyakarta,Individual
CUST-03223,Semarang,nan
CUST-03224,Medan,nan
CUST-03225,Jakarta,Individual
CUST-03226,Jakarta,Individual
CUST-03227,Jakarta,nan
CUST-03228,Yogyakarta,Corporate
CUST-03229,Yogyakarta,Individual
CUST-03230,Palembang,Individual
CUST-03231,Makassar,Individual
CUST-03232,Palembang,Individual
CUST-03233,Balikpapan,Individual
CUST-03234,Semarang,Corporate
CUST-03235,Semarang,nan
CUST-03236,Medan,Corporate
CUST-03237,Semarang,Corporate
CUST-03238,Denpasar,Corporate
CUST-03239,Palembang,Individual
CUST-03240,Balikpapan,nan
CUST-03241,Medan,Individual
CUST-03242,Medan,Individual
CUST-03243,Makassar,Individual
CUST-03244,Medan,Individual
CUST-03245,Palembang,Corporate
CUST-03246,Balikpapan,Individual
CUST-03247,Palembang,Individual
CUST-03248,Medan,nan
CUST-03249,Balikpapan,Corporate
CUST-03250,Yogyakarta,Individual
CUST-03251,Balikpapan,Individual
CUST-03252,Surabaya,Individual
CUST-03253,Denpasar,Corporate
CUST-03254,Balikpapan,Individual
CUST-03255,Denpasar,nan
CUST-03256,Balikpapan,nan
CUST-03257,Denpasar,Individual
CUST-03258,Jakarta,Individual
CUST-03259,Denpasar,Corporate
CUST-03260,Palembang,nan
CUST-03261,Denpasar,nan
CUST-03262,Palembang,Individual
CUST-03263,Makassar,Individual
CUST-03264,Balikpapan,Corporate
CUST-03265,Medan,Individual
CUST-03266,Bandung,nan
CUST-03267,Denpasar,Corporate
CUST-03268,Yogyakarta,Corporate
CUST-03269,Medan,Individual
CUST-03270,Bandung,Individual
CUST-03271,Medan,Individual
CUST-03272,Makassar,Corporate
CUST-03273,Jakarta,Corporate
CUST-03274,Denpasar,Individual
CUST-03275,Semarang,Corporate
CUST-03276,Yogyakarta,nan
CUST-03277,Medan,Individual
CUST-03278,Semarang,Individual
CUST-03279,Semarang,Individual
CUST-03280,Medan,Individual
CUST-03281,Balikpapan,Corporate
CUST-03282,Makassar,Individual
CUST-03283,Bandung,Individual
CUST-03284,Denpasar,Individual
CUST-03285,Balikpapan,Individual
CUST-03286,Balikpapan,Corporate
CUST-03287,Jakarta,Individual
CUST-03288,Medan,Individual
CUST-03289,Palembang,nan
CUST-03290,Surabaya,Individual
CUST-03291,Balikpapan,Individual
CUST-03292,Semarang,Individual
CUST-03293,Makassar,Individual
CUST-03294,Semarang,Individual
CUST-03295,Palembang,Corporate
CUST-03296,Yogyakarta,Corporate
CUST-03297,Medan,Individual
CUST-03298,Denpasar,Corporate
CUST-03299,Makassar,Individual
CUST-03300,Bandung,Corporate
CUST-03301,Yogyakarta,Corporate
CUST-03302,Jakarta,Corporate
CUST-03303,Jakarta,Individual
CUST-03304,Bandung,Individual
CUST-03305,Makassar,Individual
CUST-03306,Semarang,nan
CUST-03307,Palembang,Corporate
CUST-03308,Semarang,Corporate
CUST-03309,Makassar,Individual
CUST-03310,Jakarta,nan
CUST-03311,Makassar,Individual
CUST-03312,Makassar,Individual
CUST-03313,Jakarta,Individual
CUST-03314,Surabaya,nan
CUST-03315,Balikpapan,Individual
CUST-03316,Denpasar,Individual
CUST-03317,Balikpapan,Individual
CUST-03318,Bandung,Individual
CUST-03319,Makassar,Corporate
CUST-03320,Yogyakarta,Individual
CUST-03321,Balikpapan,Corporate
CUST-03322,Jakarta,Individual
CUST-03323,Medan,Corporate
CUST-03324,Balikpapan,Individual
CUST-03325,Balikpapan,Individual
CUST-03326,Surabaya,Individual
CUST-03327,Balikpapan,nan
CUST-03328,Semarang,Individual
CUST-03329,Medan,Individual
CUST-03330,Balikpapan,Corporate
CUST-03331,Surabaya,Corporate
CUST-03332,Makassar,Individual
CUST-03333,Medan,Individual
CUST-03334,Surabaya,Individual
CUST-03335,Bandung,Individual
CUST-03336,Bandung,Individual
CUST-03337,Yogyakarta,Individual
CUST-03338,Semarang,Individual
CUST-03339,Surabaya,Individual
CUST-03340,Palembang,Individual
CUST-03341,Palembang,Corporate
CUST-03342,Medan,Individual
CUST-03343,Semarang,nan
CUST-03344,Yogyakarta,Corporate
CUST-03345,Bandung,Individual
CUST-03346,Medan,Individual
CUST-03347,Jakarta,nan
CUST-03348,Makassar,Corporate
CUST-03349,Medan,Corporate
CUST-03350,Surabaya,Corporate
CUST-03351,Denpasar,nan
CUST-03352,Surabaya,nan
CUST-03353,Makassar,Individual
CUST-03354,Yogyakarta,Individual
CUST-03355,Semarang,Corporate
CUST-03356,Makassar,Corporate
CUST-03357,Makassar,nan
CUST-03358,Makassar,Individual
CUST-03359,Denpasar,Individual
CUST-03360,Balikpapan,Corporate
CUST-03361,Yogyakarta,Individual
CUST-03362,Surabaya,Corporate
CUST-03363,Jakarta,Corporate
CUST-03364,Yogyakarta,Individual
CUST-03365,Yogyakarta,Individual
CUST-03366,Balikpapan,Individual
CUST-03367,Denpasar,Individual
CUST-03368,Surabaya,Individual
CUST-03369,Medan,Individual
CUST-03370,Medan,Individual
CUST-03371,Medan,Individual
CUST-03372,Makassar,Corporate
CUST-03373,Yogyakarta,nan
CUST-03374,Makassar,Corporate
CUST-03375,Surabaya,Corporate
CUST-03376,Semarang,nan
CUST-03377,Semarang,Corporate
CUST-03378,Makassar,Corporate
CUST-03379,Medan,nan
CUST-03380,Surabaya,Individual
CUST-03381,Semarang,Individual
CUST-03382,Semarang,Corporate
CUST-03383,Balikpapan,Individual
CUST-03384,Surabaya,Individual
CUST-03385,Yogyakarta,Individual
CUST-03386,Denpasar,Individual
CUST-03387,Surabaya,Individual
CUST-03388,Balikpapan,Individual
CUST-03389,Denpasar,Individual
CUST-03390,Palembang,Individual
CUST-03391,Bandung,Individual
CUST-03392,Jakarta,Individual
CUST-03393,Denpasar,Individual
CUST-03394,Palembang,Individual
CUST-03395,Yogyakarta,Individual
CUST-03396,Palembang,nan
CUST-03397,Balikpapan,Corporate
CUST-03398,Balikpapan,Individual
CUST-03399,Denpasar,nan
CUST-03400,Semarang,Individual
CUST-03401,Semarang,Individual
CUST-03402,Surabaya,Corporate
CUST-03403,Balikpapan,Corporate
CUST-03404,Palembang,Individual
CUST-03405,Surabaya,Corporate
CUST-03406,Balikpapan,Individual
CUST-03407,Semarang,Individual
CUST-03408,Semarang,nan
CUST-03409,Balikpapan,Individual
CUST-03410,Palembang,Corporate
CUST-03411,Palembang,Corporate
CUST-03412,Jakarta,Individual
CUST-03413,Medan,Individual
CUST-03414,Balikpapan,Individual
CUST-03415,Surabaya,Corporate
CUST-03416,Surabaya,Corporate
CUST-03417,Semarang,Individual
CUST-03418,Makassar,Individual
CUST-03419,Medan,Individual
CUST-03420,Denpasar,Individual
CUST-03421,Jakarta,Corporate
CUST-03422,Semarang,nan
CUST-03423,Medan,Individual
CUST-03424,Makassar,nan
CUST-03425,Makassar,Individual
CUST-03426,Balikpapan,Individual
CUST-03427,Denpasar,Corporate
CUST-03428,Balikpapan,Individual
CUST-03429,Denpasar,Individual
CUST-03430,Makassar,nan
CUST-03431,Medan,Individual
CUST-03432,Semarang,Individual
CUST-03433,Denpasar,Individual
CUST-03434,Makassar,nan
CUST-03435,Jakarta,nan
CUST-03436,Bandung,Individual
CUST-03437,Semarang,Individual
CUST-03438,Palembang,Corporate
CUST-03439,Palembang,nan
CUST-03440,Bandung,Corporate
CUST-03441,Jakarta,Individual
CUST-03442,Palembang,Corporate
CUST-03443,Yogyakarta,Individual
CUST-03444,Jakarta,Individual
CUST-03445,Bandung,Corporate
CUST-03446,Makassar,Individual
CUST-03447,Surabaya,Individual
CUST-03448,Jakarta,nan
CUST-03449,Balikpapan,Corporate
CUST-03450,Medan,Individual
CUST-03451,Yogyakarta,Corporate
CUST-03452,Denpasar,Corporate
CUST-03453,Yogyakarta,Individual
CUST-03454,Bandung,Individual
CUST-03455,Palembang,Individual
CUST-03456,Surabaya,Individual
CUST-03457,Yogyakarta,Corporate
CUST-03458,Denpasar,Individual
CUST-03459,Surabaya,Corporate
CUST-03460,Semarang,Individual
CUST-03461,Bandung,Individual
CUST-03462,Denpasar,Individual
CUST-03463,Makassar,Individual
CUST-03464,Bandung,Individual
CUST-03465,Jakarta,Individual
CUST-03466,Jakarta,nan
CUST-03467,Semarang,Corporate
CUST-03468,Balikpapan,Corporate
CUST-03469,Palembang,nan
CUST-03470,Semarang,Individual
CUST-03471,Makassar,Individual
CUST-03472,Jakarta,Corporate
CUST-03473,Medan,Individual
CUST-03474,Medan,nan
CUST-03475,Jakarta,Corporate
CUST-03476,Surabaya,Corporate
CUST-03477,Jakarta,nan
CUST-03478,Yogyakarta,Individual
CUST-03479,Semarang,Individual
CUST-03480,Semarang,nan
CUST-03481,Palembang,Individual
CUST-03482,Yogyakarta,Individual
CUST-03483,Surabaya,nan
CUST-03484,Palembang,Individual
CUST-03485,Semarang,Individual
CUST-03486,Denpasar,nan
CUST-03487,Denpasar,nan
CUST-03488,Bandung,nan
CUST-03489,Makassar,Individual
CUST-03490,Denpasar,Corporate
CUST-03491,Yogyakarta,Corporate
CUST-03492,Denpasar,Individual
CUST-03493,Balikpapan,Individual
CUST-03494,Makassar,Individual
CUST-03495,Balikpapan,nan
CUST-03496,Semarang,Corporate
CUST-03497,Semarang,Individual
CUST-03498,Bandung,Individual
CUST-03499,Makassar,Corporate
CUST-03500,Medan,Individual
CUST-03501,Surabaya,Corporate
CUST-03502,Makassar,nan
CUST-03503,Medan,Individual
CUST-03504,Palembang,nan
CUST-03505,Jakarta,Individual
CUST-03506,Balikpapan,Individual
CUST-03507,Palembang,Individual
CUST-03508,Yogyakarta,Individual
CUST-03509,Semarang,Individual
CUST-03510,Semarang,Individual
CUST-03511,Jakarta,Corporate
CUST-03512,Balikpapan,Corporate
CUST-03513,Semarang,Corporate
CUST-03514,Balikpapan,Individual
CUST-03515,Makassar,Corporate
CUST-03516,Makassar,Individual
CUST-03517,Jakarta,Individual
CUST-03518,Medan,Individual
CUST-03519,Surabaya,Corporate
CUST-03520,Denpasar,Individual
CUST-03521,Yogyakarta,Individual
CUST-03522,Surabaya,Corporate
CUST-03523,Denpasar,nan
CUST-03524,Denpasar,Individual
CUST-03525,Balikpapan,Corporate
CUST-03526,Denpasar,Individual
CUST-03527,Denpasar,Individual
CUST-03528,Balikpapan,Individual
CUST-03529,Yogyakarta,nan
CUST-03530,Yogyakarta,Individual
CUST-03531,Denpasar,nan
CUST-03532,Denpasar,Individual
CUST-03533,Balikpapan,Individual
CUST-03534,Palembang,Individual
CUST-03535,Makassar,Individual
CUST-03536,Balikpapan,Corporate
CUST-03537,Surabaya,nan
CUST-03538,Palembang,Individual
CUST-03539,Surabaya,Corporate
CUST-03540,Semarang,Individual
CUST-03541,Surabaya,Corporate
CUST-03542,Medan,Individual
CUST-03543,Semarang,Individual
CUST-03544,Semarang,nan
CUST-03545,Balikpapan,Individual
CUST-03546,Balikpapan,Corporate
CUST-03547,Jakarta,Individual
CUST-03548,Medan,Individual
CUST-03549,Yogyakarta,Individual
CUST-03550,Palembang,Individual
CUST-03551,Jakarta,nan
CUST-03552,Semarang,Individual
CUST-03553,Medan,Corporate
CUST-03554,Denpasar,Individual
CUST-03555,Yogyakarta,Individual
CUST-03556,Medan,Individual
CUST-03557,Bandung,Individual
CUST-03558,Jakarta,Individual
CUST-03559,Medan,Individual
CUST-03560,Yogyakarta,Individual
CUST-03561,Surabaya,Individual
CUST-03562,Bandung,Corporate
CUST-03563,Balikpapan,Individual
CUST-03564,Bandung,nan
CUST-03565,Jakarta,Corporate
CUST-03566,Bandung,Individual
CUST-03567,Palembang,Individual
CUST-03568,Palembang,Individual
CUST-03569,Palembang,Corporate
CUST-03570,Surabaya,Individual
CUST-03571,Palembang,Individual
CUST-03572,Semarang,Individual
CUST-03573,Bandung,Individual
CUST-03574,Medan,Individual
CUST-03575,Surabaya,Individual
CUST-03576,Bandung,Individual
CUST-03577,Yogyakarta,Individual
CUST-03578,Semarang,Individual
CUST-03579,Surabaya,nan
CUST-03580,Semarang,Individual
CUST-03581,Medan,nan
CUST-03582,Balikpapan,Individual
CUST-03583,Medan,Individual
CUST-03584,Palembang,Individual
CUST-03585,Palembang,Corporate
CUST-03586,Surabaya,Individual
CUST-03587,Jakarta,Individual
CUST-03588,Jakarta,Individual
CUST-03589,Jakarta,Individual
CUST-03590,Semarang,Individual
CUST-03591,Makassar,Corporate
CUST-03592,Balikpapan,Individual
CUST-03593,Yogyakarta,Individual
CUST-03594,Surabaya,nan
CUST-03595,Balikpapan,Individual
CUST-03596,Makassar,Corporate
CUST-03597,Makassar,Corporate
CUST-03598,Surabaya,Individual
CUST-03599,Semarang,Corporate
CUST-03600,Yogyakarta,Individual
CUST-03601,Yogyakarta,Corporate
CUST-03602,Yogyakarta,Corporate
CUST-03603,Surabaya,Individual
CUST-03604,Makassar,Individual
CUST-03605,Yogyakarta,Individual
CUST-03606,Surabaya,Corporate
CUST-03607,Medan,Individual
CUST-03608,Jakarta,Corporate
CUST-03609,Yogyakarta,Individual
CUST-03610,Balikpapan,nan
CUST-03611,Semarang,Corporate
CUST-03612,Medan,nan
CUST-03613,Bandung,Individual
CUST-03614,Makassar,nan
CUST-03615,Palembang,nan
CUST-03616,Makassar,Individual
CUST-03617,Semarang,Corporate
CUST-03618,Denpasar,Individual
CUST-03619,Jakarta,Individual
CUST-03620,Bandung,Individual
CUST-03621,Bandung,Individual
CUST-03622,Palembang,Individual
CUST-03623,Semarang,Individual
CUST-03624,Surabaya,nan
CUST-03625,Semarang,Individual
CUST-03626,Medan,Individual
CUST-03627,Bandung,Individual
CUST-03628,Denpasar,Individual
CUST-03629,Yogyakarta,Individual
CUST-03630,Medan,Individual
CUST-03631,Palembang,Individual
CUST-03632,Palembang,Corporate
CUST-03633,Yogyakarta,Individual
CUST-03634,Medan,Corporate
CUST-03635,Medan,nan
CUST-03636,Surabaya,Corporate
CUST-03637,Surabaya,Individual
CUST-03638,Jakarta,Individual
CUST-03639,Semarang,Individual
CUST-03640,Bandung,Individual
CUST-03641,Palembang,Corporate
CUST-03642,Surabaya,nan
CUST-03643,Makassar,Individual
CUST-03644,Denpasar,Individual
CUST-03645,Yogyakarta,Individual
CUST-03646,Jakarta,nan
CUST-03647,Surabaya,Individual
CUST-03648,Bandung,Corporate
CUST-03649,Palembang,Individual
CUST-03650,Surabaya,Corporate
CUST-03651,Denpasar,Individual
CUST-03652,Medan,Corporate
CUST-03653,Yogyakarta,Individual
CUST-03654,Semarang,Individual
CUST-03655,Yogyakarta,Individual
CUST-03656,Denpasar,Corporate
CUST-03657,Balikpapan,Individual
CUST-03658,Makassar,Individual
CUST-03659,Makassar,Individual
CUST-03660,Bandung,Individual
CUST-03661,Balikpapan,nan
CUST-03662,Makassar,Individual
CUST-03663,Surabaya,Individual
CUST-03664,Palembang,Individual
CUST-03665,Semarang,Individual
CUST-03666,Balikpapan,Individual
CUST-03667,Makassar,Individual
CUST-03668,Bandung,Individual
CUST-03669,Bandung,Individual
CUST-03670,Jakarta,Corporate
CUST-03671,Makassar,Individual
CUST-03672,Makassar,Individual
CUST-03673,Surabaya,Individual
CUST-03674,Yogyakarta,Individual
CUST-03675,Palembang,Individual
CUST-03676,Bandung,Corporate
CUST-03677,Yogyakarta,Individual
CUST-03678,Semarang,Individual
CUST-03679,Balikpapan,Individual
CUST-03680,Surabaya,Individual
CUST-03681,Yogyakarta,Individual
CUST-03682,Makassar,Individual
CUST-03683,Jakarta,Individual
CUST-03684,Semarang,Corporate
CUST-03685,Yogyakarta,Corporate
CUST-03686,Makassar,Corporate
CUST-03687,Makassar,Individual
CUST-03688,Jakarta,Individual
CUST-03689,Bandung,Individual
CUST-03690,Bandung,Corporate
CUST-03691,Palembang,Individual
CUST-03692,Yogyakarta,Individual
CUST-03693,Surabaya,Individual
CUST-03694,Yogyakarta,Corporate
CUST-03695,Surabaya,nan
CUST-03696,Balikpapan,Corporate
CUST-03697,Makassar,Corporate
CUST-03698,Balikpapan,nan
CUST-03699,Balikpapan,Individual
CUST-03700,Palembang,nan
CUST-03701,Semarang,Corporate
CUST-03702,Semarang,Corporate
CUST-03703,Yogyakarta,Corporate
CUST-03704,Makassar,nan
CUST-03705,Palembang,Individual
CUST-03706,Medan,Individual
CUST-03707,Bandung,nan
CUST-03708,Balikpapan,Individual
CUST-03709,Jakarta,Individual
CUST-03710,Semarang,Corporate
CUST-03711,Palembang,Individual
CUST-03712,Yogyakarta,Individual
CUST-03713,Palembang,Corporate
CUST-03714,Surabaya,Individual
CUST-03715,Semarang,Individual
CUST-03716,Palembang,nan
CUST-03717,Palembang,Corporate
CUST-03718,Surabaya,Individual
CUST-03719,Medan,Individual
CUST-03720,Bandung,Individual
CUST-03721,Palembang,Individual
CUST-03722,Yogyakarta,Individual
CUST-03723,Makassar,Corporate
CUST-03724,Yogyakarta,Individual
CUST-03725,Medan,Individual
CUST-03726,Medan,Individual
CUST-03727,Medan,Corporate
CUST-03728,Yogyakarta,Individual
CUST-03729,Balikpapan,Individual
CUST-03730,Yogyakarta,Corporate
CUST-03731,Makassar,Corporate
CUST-03732,Denpasar,Individual
CUST-03733,Makassar,nan
CUST-03734,Denpasar,Corporate
CUST-03735,Bandung,Individual
CUST-03736,Makassar,nan
CUST-03737,Surabaya,Individual
CUST-03738,Denpasar,Individual
CUST-03739,Medan,Individual
CUST-03740,Jakarta,Corporate
CUST-03741,Semarang,Corporate
CUST-03742,Bandung,Corporate
CUST-03743,Denpasar,Individual
CUST-03744,Medan,Individual
CUST-03745,Surabaya,Corporate
CUST-03746,Denpasar,Individual
CUST-03747,Semarang,Individual
CUST-03748,Makassar,Individual
CUST-03749,Surabaya,Corporate
CUST-03750,Yogyakarta,Individual
CUST-03751,Makassar,Individual
CUST-03752,Yogyakarta,Individual
CUST-03753,Yogyakarta,Individual
CUST-03754,Palembang,nan
CUST-03755,Semarang,nan
CUST-03756,Balikpapan,Individual
CUST-03757,Yogyakarta,Individual
CUST-03758,Makassar,Individual
CUST-03759,Balikpapan,Individual
CUST-03760,Yogyakarta,Individual
CUST-03761,Bandung,Individual
CUST-03762,Semarang,Individual
CUST-03763,Jakarta,Individual
CUST-03764,Denpasar,Individual
CUST-03765,Yogyakarta,nan
CUST-03766,Yogyakarta,Individual
CUST-03767,Balikpapan,Individual
CUST-03768,Denpasar,nan
CUST-03769,Denpasar,nan
CUST-03770,Jakarta,Individual
CUST-03771,Medan,Corporate
CUST-03772,Denpasar,nan
CUST-03773,Jakarta,Individual
CUST-03774,Surabaya,Individual
CUST-03775,Bandung,Individual
CUST-03776,Jakarta,Individual
CUST-03777,Yogyakarta,Individual
CUST-03778,Makassar,nan
CUST-03779,Jakarta,Individual
CUST-03780,Medan,Individual
CUST-03781,Semarang,Individual
CUST-03782,Makassar,Individual
CUST-03783,Palembang,Individual
CUST-03784,Surabaya,Individual
CUST-03785,Semarang,nan
CUST-03786,Jakarta,Individual
CUST-03787,Bandung,Individual
CUST-03788,Denpasar,Individual
CUST-03789,Yogyakarta,Individual
CUST-03790,Medan,Corporate
CUST-03791,Palembang,Individual
CUST-03792,Makassar,Individual
CUST-03793,Palembang,nan
CUST-03794,Denpasar,Corporate
CUST-03795,Denpasar,Corporate
CUST-03796,Balikpapan,Corporate
CUST-03797,Makassar,Individual
CUST-03798,Jakarta,nan
CUST-03799,Makassar,Individual
CUST-03800,Denpasar,Individual
CUST-03801,Bandung,Corporate
CUST-03802,Bandung,nan
CUST-03803,Palembang,Individual
CUST-03804,Palembang,Individual
CUST-03805,Palembang,Corporate
CUST-03806,Semarang,Corporate
CUST-03807,Medan,Individual
CUST-03808,Balikpapan,nan
CUST-03809,Medan,Individual
CUST-03810,Bandung,Individual
CUST-03811,Semarang,Individual
CUST-03812,Jakarta,Individual
CUST-03813,Yogyakarta,Individual
CUST-03814,Palembang,Individual
CUST-03815,Palembang,Individual
CUST-03816,Palembang,Individual
CUST-03817,Medan,Corporate
CUST-03818,Medan,Individual
CUST-03819,Jakarta,Individual
CUST-03820,Balikpapan,nan
CUST-03821,Semarang,nan
CUST-03822,Medan,Corporate
CUST-03823,Palembang,Individual
CUST-03824,Jakarta,Corporate
CUST-03825,Makassar,Individual
CUST-03826,Semarang,Corporate
CUST-03827,Semarang,Individual
CUST-03828,Yogyakarta,Corporate
CUST-03829,Palembang,Individual
CUST-03830,Makassar,Corporate
CUST-03831,Surabaya,nan
CUST-03832,Palembang,Individual
CUST-03833,Semarang,Individual
CUST-03834,Semarang,Corporate
CUST-03835,Denpasar,Individual
CUST-03836,Medan,Individual
CUST-03837,Makassar,Individual
CUST-03838,Jakarta,Corporate
CUST-03839,Palembang,Individual
CUST-03840,Palembang,Corporate
CUST-03841,Semarang,Individual
CUST-03842,Palembang,Individual
CUST-03843,Bandung,Individual
CUST-03844,Jakarta,Individual
CUST-03845,Medan,Individual
CUST-03846,Denpasar,Individual
CUST-03847,Medan,Individual
CUST-03848,Surabaya,Individual
CUST-03849,Balikpapan,Individual
CUST-03850,Makassar,Corporate
CUST-03851,Balikpapan,Individual
CUST-03852,Bandung,Individual
CUST-03853,Surabaya,Individual
CUST-03854,Bandung,Individual
CUST-03855,Semarang,nan
CUST-03856,Semarang,Individual
CUST-03857,Jakarta,Individual
CUST-03858,Palembang,Individual
CUST-03859,Jakarta,Individual
CUST-03860,Balikpapan,Individual
CUST-03861,Medan,Individual
CUST-03862,Makassar,Corporate
CUST-03863,Denpasar,Individual
CUST-03864,Denpasar,Individual
CUST-03865,Surabaya,Individual
CUST-03866,Makassar,nan
CUST-03867,Denpasar,Individual
CUST-03868,Medan,Individual
CUST-03869,Balikpapan,Individual
CUST-03870,Medan,Individual
CUST-03871,Medan,Corporate
CUST-03872,Yogyakarta,Individual
CUST-03873,Denpasar,Individual
CUST-03874,Denpasar,Individual
CUST-03875,Denpasar,nan
CUST-03876,Yogyakarta,nan
CUST-03877,Semarang,Individual
CUST-03878,Surabaya,Corporate
CUST-03879,Bandung,nan
CUST-03880,Makassar,Individual
CUST-03881,Surabaya,Individual
CUST-03882,Denpasar,Individual
CUST-03883,Balikpapan,Individual
CUST-03884,Surabaya,nan
CUST-03885,Yogyakarta,Corporate
CUST-03886,Semarang,Individual
CUST-03887,Jakarta,Corporate
CUST-03888,Jakarta,Corporate
CUST-03889,Denpasar,Corporate
CUST-03890,Makassar,Individual
CUST-03891,Palembang,Individual
CUST-03892,Medan,Individual
CUST-03893,Yogyakarta,Individual
CUST-03894,Medan,Corporate
CUST-03895,Balikpapan,Corporate
CUST-03896,Surabaya,Individual
CUST-03897,Denpasar,nan
CUST-03898,Denpasar,nan
CUST-03899,Makassar,Individual
CUST-03900,Yogyakarta,nan
CUST-03901,Denpasar,Individual
CUST-03902,Palembang,Individual
CUST-03903,Bandung,Individual
CUST-03904,Semarang,Corporate
CUST-03905,Makassar,Corporate
CUST-03906,Medan,Individual
CUST-03907,Surabaya,Corporate
CUST-03908,Medan,Individual
CUST-03909,Semarang,Individual
CUST-03910,Bandung,Individual
CUST-03911,Jakarta,Individual
CUST-03912,Bandung,Corporate
CUST-03913,Surabaya,Individual
CUST-03914,Semarang,Individual
CUST-03915,Semarang,Individual
CUST-03916,Denpasar,Individual
CUST-03917,Yogyakarta,nan
CUST-03918,Yogyakarta,Individual
CUST-03919,Palembang,Individual
CUST-03920,Denpasar,Individual
CUST-03921,Surabaya,Corporate
CUST-03922,Denpasar,Individual
CUST-03923,Medan,Corporate
CUST-03924,Denpasar,Individual
CUST-03925,Semarang,nan
CUST-03926,Jakarta,Corporate
CUST-03927,Surabaya,Individual
CUST-03928,Balikpapan,nan
CUST-03929,Semarang,Individual
CUST-03930,Bandung,Corporate
CUST-03931,Makassar,Individual
CUST-03932,Palembang,nan
CUST-03933,Yogyakarta,Individual
CUST-03934,Bandung,Individual
CUST-03935,Palembang,Corporate
CUST-03936,Surabaya,Individual
CUST-03937,Palembang,Corporate
CUST-03938,Jakarta,Individual
CUST-03939,Denpasar,Individual
CUST-03940,Surabaya,Individual
CUST-03941,Bandung,nan
CUST-03942,Medan,Individual
CUST-03943,Palembang,Individual
CUST-03944,Palembang,Individual
CUST-03945,Surabaya,nan
CUST-03946,Yogyakarta,Individual
CUST-03947,Denpasar,nan
CUST-03948,Bandung,Individual
CUST-03949,Palembang,Individual
CUST-03950,Jakarta,Individual
CUST-03951,Palembang,Individual
CUST-03952,Medan,Corporate
CUST-03953,Medan,Individual
CUST-03954,Makassar,Individual
CUST-03955,Semarang,Individual
CUST-03956,Balikpapan,Individual
CUST-03957,Makassar,Individual
CUST-03958,Palembang,Individual
CUST-03959,Jakarta,Corporate
CUST-03960,Balikpapan,Individual
CUST-03961,Surabaya,Individual
CUST-03962,Makassar,Individual
CUST-03963,Bandung,Individual
CUST-03964,Denpasar,Individual
CUST-03965,Denpasar,nan
CUST-03966,Surabaya,Corporate
CUST-03967,Denpasar,Corporate
CUST-03968,Jakarta,Individual
CUST-03969,Palembang,Corporate
CUST-03970,Denpasar,Individual
CUST-03971,Denpasar,Individual
CUST-03972,Surabaya,Individual
CUST-03973,Semarang,Individual
CUST-03974,Denpasar,nan
CUST-03975,Yogyakarta,nan
CUST-03976,Yogyakarta,Individual
CUST-03977,Surabaya,nan
CUST-03978,Surabaya,Individual
CUST-03979,Denpasar,Individual
CUST-03980,Balikpapan,Individual
CUST-03981,Yogyakarta,nan
CUST-03982,Makassar,Corporate
CUST-03983,Yogyakarta,Individual
CUST-03984,Yogyakarta,Individual
CUST-03985,Makassar,Corporate
CUST-03986,Palembang,Corporate
CUST-03987,Bandung,nan
CUST-03988,Surabaya,Individual
CUST-03989,Semarang,Individual
CUST-03990,Surabaya,Individual
CUST-03991,Balikpapan,Corporate
CUST-03992,Yogyakarta,Individual
CUST-03993,Yogyakarta,Corporate
CUST-03994,Surabaya,Individual
CUST-03995,Denpasar,Individual
CUST-03996,Denpasar,Individual
CUST-03997,Semarang,Corporate
CUST-03998,Bandung,Individual
CUST-03999,Medan,nan
CUST-04000,Surabaya,Corporate
CUST-04001,Balikpapan,Corporate
CUST-04002,Denpasar,Corporate
CUST-04003,Jakarta,Corporate
CUST-04004,Medan,Individual
CUST-04005,Jakarta,Individual
CUST-04006,Makassar,Corporate
CUST-04007,Palembang,Individual
CUST-04008,Semarang,Corporate
CUST-04009,Palembang,Individual
CUST-04010,Semarang,Corporate
CUST-04011,Yogyakarta,Corporate
CUST-04012,Jakarta,Corporate
CUST-04013,Denpasar,Individual
CUST-04014,Bandung,Individual
CUST-04015,Semarang,Individual
CUST-04016,Bandung,Individual
CUST-04017,Denpasar,Individual
CUST-04018,Medan,Individual
CUST-04019,Semarang,nan
CUST-04020,Yogyakarta,Individual
CUST-04021,Makassar,Corporate
CUST-04022,Balikpapan,Individual
CUST-04023,Balikpapan,Individual
CUST-04024,Yogyakarta,Individual
CUST-04025,Semarang,Individual
CUST-04026,Jakarta,nan
CUST-04027,Balikpapan,Individual
CUST-04028,Palembang,Corporate
CUST-04029,Palembang,Individual
CUST-04030,Surabaya,nan
CUST-04031,Denpasar,Individual
CUST-04032,Semarang,Individual
CUST-04033,Bandung,Individual
CUST-04034,Semarang,Individual
CUST-04035,Semarang,Corporate
CUST-04036,Jakarta,Corporate
CUST-04037,Bandung,Corporate
CUST-04038,Surabaya,nan
CUST-04039,Semarang,Corporate
CUST-04040,Semarang,Individual
CUST-04041,Medan,nan
CUST-04042,Palembang,nan
CUST-04043,Yogyakarta,Individual
CUST-04044,Yogyakarta,Individual
CUST-04045,Semarang,Individual
CUST-04046,Balikpapan,nan
CUST-04047,Palembang,Individual
CUST-04048,Denpasar,Individual
CUST-04049,Jakarta,nan
CUST-04050,Medan,Individual
CUST-04051,Semarang,Individual
CUST-04052,Semarang,Corporate
CUST-04053,Balikpapan,Individual
CUST-04054,Yogyakarta,Corporate
CUST-04055,Denpasar,Individual
CUST-04056,Semarang,Corporate
CUST-04057,Palembang,Individual
CUST-04058,Surabaya,nan
CUST-04059,Makassar,Corporate
CUST-04060,Palembang,Corporate
CUST-04061,Denpasar,nan
CUST-04062,Medan,Individual
CUST-04063,Surabaya,Individual
CUST-04064,Medan,nan
CUST-04065,Surabaya,nan
CUST-04066,Semarang,Individual
CUST-04067,Surabaya,Individual
CUST-04068,Balikpapan,Individual
CUST-04069,Balikpapan,Corporate
CUST-04070,Balikpapan,Individual
CUST-04071,Palembang,Corporate
CUST-04072,Makassar,Individual
CUST-04073,Semarang,Corporate
CUST-04074,Jakarta,Individual
CUST-04075,Medan,Individual
CUST-04076,Bandung,nan
CUST-04077,Jakarta,Individual
CUST-04078,Yogyakarta,nan
CUST-04079,Denpasar,nan
CUST-04080,Medan,nan
CUST-04081,Bandung,Individual
CUST-04082,Denpasar,Individual
CUST-04083,Surabaya,Individual
CUST-04084,Medan,Individual
CUST-04085,Medan,Individual
CUST-04086,Semarang,Individual
CUST-04087,Jakarta,Corporate
CUST-04088,Bandung,Individual
CUST-04089,Makassar,Individual
CUST-04090,Surabaya,Individual
CUST-04091,Makassar,Individual
CUST-04092,Medan,Individual
CUST-04093,Denpasar,Individual
CUST-04094,Jakarta,nan
CUST-04095,Palembang,Individual
CUST-04096,Balikpapan,Individual
CUST-04097,Surabaya,Individual
CUST-04098,Surabaya,Individual
CUST-04099,Medan,Individual
CUST-04100,Balikpapan,Individual
CUST-04101,Semarang,Corporate
CUST-04102,Makassar,Corporate
CUST-04103,Bandung,Individual
CUST-04104,Yogyakarta,Corporate
CUST-04105,Semarang,Corporate
CUST-04106,Bandung,Individual
CUST-04107,Makassar,Corporate
CUST-04108,Yogyakarta,Individual
CUST-04109,Jakarta,nan
CUST-04110,Balikpapan,Corporate
CUST-04111,Balikpapan,Corporate
CUST-04112,Semarang,nan
CUST-04113,Bandung,Corporate
CUST-04114,Medan,Individual
CUST-04115,Surabaya,Individual
CUST-04116,Makassar,Individual
CUST-04117,Medan,Individual
CUST-04118,Palembang,Corporate
CUST-04119,Balikpapan,Individual
CUST-04120,Semarang,Individual
CUST-04121,Jakarta,Corporate
CUST-04122,Yogyakarta,Individual
CUST-04123,Semarang,Individual
CUST-04124,Palembang,nan
CUST-04125,Bandung,nan
CUST-04126,Surabaya,nan
CUST-04127,Denpasar,Individual
CUST-04128,Medan,Individual
CUST-04129,Medan,Individual
CUST-04130,Balikpapan,nan
CUST-04131,Jakarta,Corporate
CUST-04132,Bandung,Individual
CUST-04133,Jakarta,Individual
CUST-04134,Yogyakarta,nan
CUST-04135,Bandung,Individual
CUST-04136,Yogyakarta,Corporate
CUST-04137,Surabaya,nan
CUST-04138,Makassar,Individual
CUST-04139,Palembang,Individual
CUST-04140,Denpasar,Corporate
CUST-04141,Makassar,Corporate
CUST-04142,Balikpapan,Individual
CUST-04143,Surabaya,nan
CUST-04144,Balikpapan,Individual
CUST-04145,Makassar,Individual
CUST-04146,Balikpapan,Corporate
CUST-04147,Yogyakarta,Individual
CUST-04148,Bandung,Individual
CUST-04149,Makassar,Individual
CUST-04150,Jakarta,Individual
CUST-04151,Denpasar,Individual
CUST-04152,Yogyakarta,Corporate
CUST-04153,Palembang,nan
CUST-04154,Bandung,Individual
CUST-04155,Palembang,Individual
CUST-04156,Denpasar,Individual
CUST-04157,Balikpapan,Individual
CUST-04158,Bandung,Corporate
CUST-04159,Medan,Individual
CUST-04160,Bandung,Individual
CUST-04161,Makassar,Individual
CUST-04162,Jakarta,Individual
CUST-04163,Palembang,Individual
CUST-04164,Denpasar,Individual
CUST-04165,Makassar,Corporate
CUST-04166,Palembang,Individual
CUST-04167,Makassar,nan
CUST-04168,Makassar,nan
CUST-04169,Semarang,Individual
CUST-04170,Makassar,Individual
CUST-04171,Palembang,nan
CUST-04172,Semarang,Individual
CUST-04173,Bandung,nan
CUST-04174,Palembang,Individual
CUST-04175,Surabaya,Individual
CUST-04176,Denpasar,Individual
CUST-04177,Surabaya,Individual
CUST-04178,Jakarta,nan
CUST-04179,Jakarta,Individual
CUST-04180,Medan,nan
CUST-04181,Jakarta,Corporate
CUST-04182,Balikpapan,Corporate
CUST-04183,Palembang,nan
CUST-04184,Makassar,Corporate
CUST-04185,Makassar,nan
CUST-04186,Yogyakarta,Individual
CUST-04187,Palembang,Corporate
CUST-04188,Jakarta,Corporate
CUST-04189,Semarang,Individual
CUST-04190,Surabaya,Individual
CUST-04191,Makassar,Individual
CUST-04192,Denpasar,Individual
CUST-04193,Surabaya,Individual
CUST-04194,Denpasar,Individual
CUST-04195,Semarang,Corporate
CUST-04196,Semarang,Corporate
CUST-04197,Balikpapan,Corporate
CUST-04198,Denpasar,nan
CUST-04199,Balikpapan,Individual
CUST-04200,Yogyakarta,Individual
CUST-04201,Jakarta,nan
CUST-04202,Bandung,Individual
CUST-04203,Surabaya,nan
CUST-04204,Semarang,Individual
CUST-04205,Palembang,Individual
CUST-04206,Jakarta,Corporate
CUST-04207,Jakarta,Individual
CUST-04208,Medan,Individual
CUST-04209,Jakarta,nan
CUST-04210,Bandung,Individual
CUST-04211,Jakarta,nan
CUST-04212,Semarang,Corporate
CUST-04213,Balikpapan,Individual
CUST-04214,Balikpapan,Individual
CUST-04215,Bandung,nan
CUST-04216,Jakarta,Individual
CUST-04217,Jakarta,Corporate
CUST-04218,Surabaya,Corporate
CUST-04219,Yogyakarta,Individual
CUST-04220,Semarang,Corporate
CUST-04221,Semarang,Individual
CUST-04222,Surabaya,Individual
CUST-04223,Denpasar,nan
CUST-04224,Jakarta,Individual
CUST-04225,Denpasar,nan
CUST-04226,Medan,Individual
CUST-04227,Semarang,Individual
CUST-04228,Jakarta,Corporate
CUST-04229,Jakarta,Individual
CUST-04230,Bandung,Corporate
CUST-04231,Jakarta,nan
CUST-04232,Denpasar,Individual
CUST-04233,Jakarta,Corporate
CUST-04234,Medan,Individual
CUST-04235,Medan,Individual
CUST-04236,Medan,nan
CUST-04237,Surabaya,Corporate
CUST-04238,Makassar,Corporate
CUST-04239,Semarang,Corporate
CUST-04240,Yogyakarta,Individual
CUST-04241,Makassar,Individual
CUST-04242,Jakarta,Corporate
CUST-04243,Bandung,Individual
CUST-04244,Bandung,Individual
CUST-04245,Bandung,Corporate
CUST-04246,Makassar,Individual
CUST-04247,Balikpapan,Individual
CUST-04248,Yogyakarta,Individual
CUST-04249,Balikpapan,Individual
CUST-04250,Bandung,Individual
CUST-04251,Denpasar,Corporate
CUST-04252,Palembang,Individual
CUST-04253,Jakarta,Individual
CUST-04254,Makassar,Corporate
CUST-04255,Balikpapan,Individual
CUST-04256,Surabaya,Individual
CUST-04257,Jakarta,Corporate
CUST-04258,Palembang,Individual
CUST-04259,Makassar,Individual
CUST-04260,Surabaya,Individual
CUST-04261,Denpasar,Individual
CUST-04262,Makassar,Individual
CUST-04263,Jakarta,Corporate
CUST-04264,Jakarta,nan
CUST-04265,Jakarta,Individual
CUST-04266,Medan,nan
CUST-04267,Bandung,Corporate
CUST-04268,Jakarta,Individual
CUST-04269,Surabaya,Individual
CUST-04270,Semarang,Individual
CUST-04271,Medan,Individual
CUST-04272,Yogyakarta,nan
CUST-04273,Palembang,Individual
CUST-04274,Jakarta,nan
CUST-04275,Medan,Individual
CUST-04276,Bandung,Individual
CUST-04277,Semarang,Individual
CUST-04278,Jakarta,Corporate
CUST-04279,Semarang,Corporate
CUST-04280,Semarang,nan
CUST-04281,Medan,Individual
CUST-04282,Makassar,nan
CUST-04283,Yogyakarta,Corporate
CUST-04284,Yogyakarta,Individual
CUST-04285,Yogyakarta,nan
CUST-04286,Yogyakarta,Individual
CUST-04287,Surabaya,Individual
CUST-04288,Palembang,Corporate
CUST-04289,Medan,Individual
CUST-04290,Yogyakarta,Individual
CUST-04291,Bandung,Corporate
CUST-04292,Yogyakarta,Corporate
CUST-04293,Semarang,Individual
CUST-04294,Denpasar,Individual
CUST-04295,Bandung,Individual
CUST-04296,Bandung,Individual
CUST-04297,Bandung,Individual
CUST-04298,Bandung,Corporate
CUST-04299,Denpasar,Individual
CUST-04300,Yogyakarta,nan
CUST-04301,Medan,Individual
CUST-04302,Balikpapan,Individual
CUST-04303,Balikpapan,Individual
CUST-04304,Denpasar,Individual
CUST-04305,Jakarta,Corporate
CUST-04306,Balikpapan,Individual
CUST-04307,Palembang,Corporate
CUST-04308,Jakarta,Individual
CUST-04309,Bandung,Corporate
CUST-04310,Bandung,Corporate
CUST-04311,Jakarta,Individual
CUST-04312,Semarang,Individual
CUST-04313,Yogyakarta,Individual
CUST-04314,Bandung,Individual
CUST-04315,Medan,Individual
CUST-04316,Jakarta,Individual
CUST-04317,Makassar,Individual
CUST-04318,Medan,Individual
CUST-04319,Denpasar,Individual
CUST-04320,Balikpapan,Individual
CUST-04321,Bandung,Corporate
CUST-04322,Balikpapan,Individual
CUST-04323,Semarang,Individual
CUST-04324,Yogyakarta,Individual
CUST-04325,Yogyakarta,nan
CUST-04326,Medan,Individual
CUST-04327,Bandung,nan
CUST-04328,Jakarta,Individual
CUST-04329,Palembang,Individual
CUST-04330,Yogyakarta,Individual
CUST-04331,Medan,Individual
CUST-04332,Semarang,Individual
CUST-04333,Surabaya,Individual
CUST-04334,Surabaya,Individual
CUST-04335,Bandung,Individual
CUST-04336,Medan,Individual
CUST-04337,Jakarta,Individual
CUST-04338,Palembang,Individual
CUST-04339,Medan,Individual
CUST-04340,Balikpapan,Individual
CUST-04341,Jakarta,Individual
CUST-04342,Yogyakarta,Individual
CUST-04343,Balikpapan,Corporate
CUST-04344,Makassar,Individual
CUST-04345,Balikpapan,Corporate
CUST-04346,Surabaya,Corporate
CUST-04347,Denpasar,Individual
CUST-04348,Palembang,Individual
CUST-04349,Bandung,Corporate
CUST-04350,Denpasar,Individual
CUST-04351,Jakarta,Individual
CUST-04352,Palembang,Individual
CUST-04353,Balikpapan,Corporate
CUST-04354,Denpasar,Individual
CUST-04355,Semarang,Corporate
CUST-04356,Makassar,nan
CUST-04357,Yogyakarta,Corporate
CUST-04358,Makassar,nan
CUST-04359,Surabaya,Individual
CUST-04360,Medan,nan
CUST-04361,Makassar,Corporate
CUST-04362,Palembang,Individual
CUST-04363,Yogyakarta,nan
CUST-04364,Palembang,Corporate
CUST-04365,Makassar,Individual
CUST-04366,Palembang,Individual
CUST-04367,Surabaya,Individual
CUST-04368,Semarang,Individual
CUST-04369,Balikpapan,Corporate
CUST-04370,Semarang,Individual
CUST-04371,Balikpapan,Individual
CUST-04372,Balikpapan,Individual
CUST-04373,Surabaya,Individual
CUST-04374,Balikpapan,nan
CUST-04375,Jakarta,Corporate
CUST-04376,Jakarta,Individual
CUST-04377,Palembang,Corporate
CUST-04378,Balikpapan,nan
CUST-04379,Balikpapan,nan
CUST-04380,Semarang,Individual
CUST-04381,Makassar,Individual
CUST-04382,Bandung,Individual
CUST-04383,Denpasar,Corporate
CUST-04384,Semarang,Corporate
CUST-04385,Jakarta,Corporate
CUST-04386,Medan,Individual
CUST-04387,Yogyakarta,Individual
CUST-04388,Surabaya,nan
CUST-04389,Bandung,Individual
CUST-04390,Jakarta,Individual
CUST-04391,Yogyakarta,Individual
CUST-04392,Makassar,Corporate
CUST-04393,Makassar,Individual
CUST-04394,Balikpapan,Individual
CUST-04395,Bandung,Individual
CUST-04396,Jakarta,Individual
CUST-04397,Bandung,Corporate
CUST-04398,Semarang,Individual
CUST-04399,Yogyakarta,Individual
CUST-04400,Semarang,Individual
CUST-04401,Medan,nan
CUST-04402,Surabaya,Corporate
CUST-04403,Semarang,Corporate
CUST-04404,Balikpapan,Corporate
CUST-04405,Makassar,Individual
CUST-04406,Jakarta,Corporate
CUST-04407,Bandung,nan
CUST-04408,Makassar,Corporate
CUST-04409,Makassar,Corporate
CUST-04410,Semarang,Individual
CUST-04411,Yogyakarta,Corporate
CUST-04412,Palembang,Individual
CUST-04413,Yogyakarta,nan
CUST-04414,Balikpapan,Individual
CUST-04415,Semarang,Individual
CUST-04416,Yogyakarta,Individual
CUST-04417,Makassar,Corporate
CUST-04418,Bandung,Individual
CUST-04419,Surabaya,Individual
CUST-04420,Jakarta,Individual
CUST-04421,Makassar,Corporate
CUST-04422,Yogyakarta,nan
CUST-04423,Makassar,Individual
CUST-04424,Semarang,Individual
CUST-04425,Bandung,Individual
CUST-04426,Bandung,Individual
CUST-04427,Yogyakarta,Individual
CUST-04428,Yogyakarta,Individual
CUST-04429,Balikpapan,Corporate
CUST-04430,Balikpapan,Individual
CUST-04431,Jakarta,Individual
CUST-04432,Balikpapan,Individual
CUST-04433,Balikpapan,Individual
CUST-04434,Jakarta,nan
CUST-04435,Palembang,Corporate
CUST-04436,Palembang,Individual
CUST-04437,Makassar,Individual
CUST-04438,Denpasar,Corporate
CUST-04439,Yogyakarta,Individual
CUST-04440,Surabaya,Individual
CUST-04441,Jakarta,Individual
CUST-04442,Denpasar,Corporate
CUST-04443,Yogyakarta,Individual
CUST-04444,Yogyakarta,Individual
CUST-04445,Bandung,Individual
CUST-04446,Palembang,Corporate
CUST-04447,Makassar,Individual
CUST-04448,Makassar,Individual
CUST-04449,Makassar,Individual
CUST-04450,Makassar,Individual
CUST-04451,Bandung,Individual
CUST-04452,Surabaya,Individual
CUST-04453,Jakarta,Individual
CUST-04454,Palembang,nan
CUST-04455,Semarang,Individual
CUST-04456,Medan,Individual
CUST-04457,Semarang,Individual
CUST-04458,Palembang,Individual
CUST-04459,Surabaya,nan
CUST-04460,Balikpapan,Individual
CUST-04461,Denpasar,Individual
CUST-04462,Medan,Individual
CUST-04463,Makassar,Individual
CUST-04464,Semarang,Individual
CUST-04465,Semarang,Individual
CUST-04466,Medan,Individual
CUST-04467,Yogyakarta,Individual
CUST-04468,Palembang,Corporate
CUST-04469,Medan,Individual
CUST-04470,Balikpapan,nan
CUST-04471,Denpasar,Corporate
CUST-04472,Denpasar,nan
CUST-04473,Semarang,nan
CUST-04474,Balikpapan,nan
CUST-04475,Medan,Corporate
CUST-04476,Bandung,nan
CUST-04477,Surabaya,Corporate
CUST-04478,Surabaya,Individual
CUST-04479,Yogyakarta,Individual
CUST-04480,Palembang,Individual
CUST-04481,Palembang,Individual
CUST-04482,Balikpapan,Individual
CUST-04483,Yogyakarta,nan
CUST-04484,Yogyakarta,Individual
CUST-04485,Medan,Corporate
CUST-04486,Bandung,Corporate
CUST-04487,Denpasar,Individual
CUST-04488,Medan,Corporate
CUST-04489,Semarang,Individual
CUST-04490,Medan,Individual
CUST-04491,Surabaya,Individual
CUST-04492,Surabaya,Individual
CUST-04493,Jakarta,Individual
CUST-04494,Makassar,nan
CUST-04495,Surabaya,Individual
CUST-04496,Semarang,Individual
CUST-04497,Balikpapan,Individual
CUST-04498,Semarang,nan
CUST-04499,Bandung,Individual
CUST-04500,Yogyakarta,Individual
CUST-04501,Palembang,Corporate
CUST-04502,Denpasar,Corporate
CUST-04503,Balikpapan,Individual
CUST-04504,Balikpapan,Corporate
CUST-04505,Medan,nan
CUST-04506,Palembang,Individual
CUST-04507,Makassar,Individual
CUST-04508,Bandung,Individual
CUST-04509,Medan,nan
CUST-04510,Yogyakarta,Corporate
CUST-04511,Yogyakarta,nan
CUST-04512,Palembang,Individual
CUST-04513,Makassar,Individual
CUST-04514,Palembang,nan
CUST-04515,Medan,Corporate
CUST-04516,Jakarta,Individual
CUST-04517,Surabaya,Corporate
CUST-04518,Jakarta,Individual
CUST-04519,Denpasar,Corporate
CUST-04520,Makassar,Individual
CUST-04521,Medan,Individual
CUST-04522,Semarang,Individual
CUST-04523,Surabaya,Individual
CUST-04524,Palembang,Individual
CUST-04525,Makassar,Corporate
CUST-04526,Palembang,nan
CUST-04527,Medan,Individual
CUST-04528,Yogyakarta,Individual
CUST-04529,Bandung,Individual
CUST-04530,Jakarta,Individual
CUST-04531,Surabaya,Corporate
CUST-04532,Bandung,nan
CUST-04533,Jakarta,Individual
CUST-04534,Denpasar,Corporate
CUST-04535,Bandung,Corporate
CUST-04536,Medan,Individual
CUST-04537,Jakarta,Individual
CUST-04538,Denpasar,Individual
CUST-04539,Yogyakarta,Individual
CUST-04540,Palembang,Individual
CUST-04541,Semarang,Corporate
CUST-04542,Yogyakarta,Corporate
CUST-04543,Yogyakarta,Individual
CUST-04544,Yogyakarta,nan
CUST-04545,Palembang,Corporate
CUST-04546,Surabaya,Corporate
CUST-04547,Yogyakarta,Individual
CUST-04548,Balikpapan,Individual
CUST-04549,Denpasar,Individual
CUST-04550,Balikpapan,Corporate
CUST-04551,Surabaya,Individual
CUST-04552,Semarang,Corporate
CUST-04553,Medan,Individual
CUST-04554,Balikpapan,Corporate
CUST-04555,Makassar,Individual
CUST-04556,Makassar,Corporate
CUST-04557,Yogyakarta,Corporate
CUST-04558,Balikpapan,Individual
CUST-04559,Balikpapan,nan
CUST-04560,Medan,Individual
CUST-04561,Jakarta,Corporate
CUST-04562,Yogyakarta,Corporate
CUST-04563,Makassar,Corporate
CUST-04564,Palembang,nan
CUST-04565,Denpasar,Individual
CUST-04566,Surabaya,Individual
CUST-04567,Medan,nan
CUST-04568,Semarang,Individual
CUST-04569,Palembang,Individual
CUST-04570,Medan,Individual
CUST-04571,Palembang,Individual
CUST-04572,Yogyakarta,Individual
CUST-04573,Denpasar,Individual
CUST-04574,Semarang,Individual
CUST-04575,Bandung,Individual
CUST-04576,Bandung,nan
CUST-04577,Makassar,Individual
CUST-04578,Denpasar,Corporate
CUST-04579,Balikpapan,nan
CUST-04580,Palembang,Individual
CUST-04581,Jakarta,Corporate
CUST-04582,Balikpapan,Individual
CUST-04583,Surabaya,Individual
CUST-04584,Yogyakarta,Individual
CUST-04585,Yogyakarta,Individual
CUST-04586,Bandung,Individual
CUST-04587,Semarang,Individual
CUST-04588,Jakarta,Individual
CUST-04589,Palembang,Individual
CUST-04590,Palembang,Individual
CUST-04591,Palembang,Individual
CUST-04592,Semarang,Individual
CUST-04593,Medan,Corporate
CUST-04594,Yogyakarta,Individual
CUST-04595,Denpasar,Individual
CUST-04596,Medan,Individual
CUST-04597,Jakarta,Individual
CUST-04598,Jakarta,Corporate
CUST-04599,Semarang,nan
CUST-04600,Yogyakarta,Individual
CUST-04601,Palembang,Individual
CUST-04602,Jakarta,Individual
CUST-04603,Makassar,Individual
CUST-04604,Medan,nan
CUST-04605,Makassar,Corporate
CUST-04606,Medan,Corporate
CUST-04607,Semarang,Individual
CUST-04608,Denpasar,nan
CUST-04609,Denpasar,Individual
CUST-04610,Bandung,Individual
CUST-04611,Makassar,Corporate
CUST-04612,Medan,Individual
CUST-04613,Denpasar,Individual
CUST-04614,Balikpapan,Corporate
CUST-04615,Semarang,Individual
CUST-04616,Bandung,Individual
CUST-04617,Denpasar,Corporate
CUST-04618,Palembang,Individual
CUST-04619,Bandung,Individual
CUST-04620,Balikpapan,Corporate
CUST-04621,Denpasar,Individual
CUST-04622,Medan,Individual
CUST-04623,Balikpapan,Individual
CUST-04624,Semarang,Individual
CUST-04625,Medan,Individual
CUST-04626,Makassar,Corporate
CUST-04627,Yogyakarta,Individual
CUST-04628,Medan,Individual
CUST-04629,Surabaya,Corporate
CUST-04630,Yogyakarta,Individual
CUST-04631,Palembang,nan
CUST-04632,Medan,Individual
CUST-04633,Balikpapan,Corporate
CUST-04634,Medan,Corporate
CUST-04635,Palembang,Individual
CUST-04636,Makassar,Corporate
CUST-04637,Semarang,Corporate
CUST-04638,Surabaya,Individual
CUST-04639,Semarang,Individual
CUST-04640,Makassar,Individual
CUST-04641,Balikpapan,nan
CUST-04642,Jakarta,Corporate
CUST-04643,Bandung,Individual
CUST-04644,Makassar,Corporate
CUST-04645,Yogyakarta,Corporate
CUST-04646,Jakarta,Individual
CUST-04647,Medan,Individual
CUST-04648,Bandung,Individual
CUST-04649,Denpasar,Corporate
CUST-04650,Jakarta,Individual
CUST-04651,Surabaya,Individual
CUST-04652,Palembang,Corporate
CUST-04653,Makassar,Individual
CUST-04654,Balikpapan,Corporate
CUST-04655,Palembang,Individual
CUST-04656,Semarang,Corporate
CUST-04657,Makassar,Individual
CUST-04658,Surabaya,Individual
CUST-04659,Denpasar,Individual
CUST-04660,Semarang,Individual
CUST-04661,Makassar,nan
CUST-04662,Makassar,Individual
CUST-04663,Makassar,Individual
CUST-04664,Semarang,Individual
CUST-04665,Yogyakarta,Individual
CUST-04666,Balikpapan,Individual
CUST-04667,Medan,Corporate
CUST-04668,Medan,Corporate
CUST-04669,Jakarta,nan
CUST-04670,Semarang,Corporate
CUST-04671,Makassar,Individual
CUST-04672,Balikpapan,Corporate
CUST-04673,Medan,Individual
CUST-04674,Bandung,Individual
CUST-04675,Balikpapan,Individual
CUST-04676,Jakarta,Individual
CUST-04677,Surabaya,Individual
CUST-04678,Makassar,Corporate
CUST-04679,Medan,Individual
CUST-04680,Jakarta,Individual
CUST-04681,Surabaya,nan
CUST-04682,Palembang,Corporate
CUST-04683,Denpasar,Individual
CUST-04684,Yogyakarta,nan
CUST-04685,Bandung,Corporate
CUST-04686,Surabaya,Corporate
CUST-04687,Bandung,Individual
CUST-04688,Yogyakarta,Individual
CUST-04689,Surabaya,Individual
CUST-04690,Yogyakarta,Individual
CUST-04691,Bandung,Individual
CUST-04692,Yogyakarta,Individual
CUST-04693,Yogyakarta,Individual
CUST-04694,Medan,Corporate
CUST-04695,Semarang,nan
CUST-04696,Medan,Corporate
CUST-04697,Yogyakarta,nan
CUST-04698,Makassar,nan
CUST-04699,Jakarta,Individual
CUST-04700,Palembang,Individual
CUST-04701,Denpasar,nan
CUST-04702,Surabaya,nan
CUST-04703,Palembang,Individual
CUST-04704,Makassar,Individual
CUST-04705,Semarang,Individual
CUST-04706,Medan,nan
CUST-04707,Jakarta,Individual
CUST-04708,Makassar,Individual
CUST-04709,Balikpapan,Individual
CUST-04710,Bandung,nan
CUST-04711,Balikpapan,Corporate
CUST-04712,Palembang,Individual
CUST-04713,Medan,nan
CUST-04714,Bandung,nan
CUST-04715,Palembang,Corporate
CUST-04716,Medan,Corporate
CUST-04717,Bandung,Corporate
CUST-04718,Semarang,Individual
CUST-04719,Semarang,nan
CUST-04720,Medan,Individual
CUST-04721,Balikpapan,Corporate
CUST-04722,Bandung,Corporate
CUST-04723,Makassar,Corporate
CUST-04724,Semarang,Individual
CUST-04725,Medan,Individual
CUST-04726,Yogyakarta,Individual
CUST-04727,Medan,Corporate
CUST-04728,Medan,Individual
CUST-04729,Semarang,Individual
CUST-04730,Makassar,nan
CUST-04731,Makassar,Individual
CUST-04732,Balikpapan,Individual
CUST-04733,Semarang,nan
CUST-04734,Palembang,Individual
CUST-04735,Surabaya,Corporate
CUST-04736,Makassar,Corporate
CUST-04737,Makassar,Individual
CUST-04738,Bandung,Individual
CUST-04739,Denpasar,Individual
CUST-04740,Jakarta,Corporate
CUST-04741,Balikpapan,Individual
CUST-04742,Jakarta,Individual
CUST-04743,Palembang,Corporate
CUST-04744,Palembang,nan
CUST-04745,Jakarta,nan
CUST-04746,Medan,Individual
CUST-04747,Makassar,Corporate
CUST-04748,Surabaya,Corporate
CUST-04749,Palembang,nan
CUST-04750,Balikpapan,nan
CUST-04751,Balikpapan,Corporate
CUST-04752,Palembang,Individual
CUST-04753,Yogyakarta,nan
CUST-04754,Balikpapan,Individual
CUST-04755,Medan,Corporate
CUST-04756,Makassar,Individual
CUST-04757,Jakarta,Individual
CUST-04758,Semarang,Individual
CUST-04759,Jakarta,Corporate
CUST-04760,Makassar,Corporate
CUST-04761,Surabaya,Corporate
CUST-04762,Surabaya,nan
CUST-04763,Palembang,Individual
CUST-04764,Medan,nan
CUST-04765,Medan,Individual
CUST-04766,Denpasar,Individual
CUST-04767,Denpasar,Individual
CUST-04768,Balikpapan,Individual
CUST-04769,Bandung,Individual
CUST-04770,Bandung,Individual
CUST-04771,Semarang,Individual
CUST-04772,Semarang,nan
CUST-04773,Bandung,nan
CUST-04774,Denpasar,Individual
CUST-04775,Bandung,Individual
CUST-04776,Balikpapan,Individual
CUST-04777,Bandung,Individual
CUST-04778,Makassar,Individual
CUST-04779,Yogyakarta,Individual
CUST-04780,Jakarta,Individual
CUST-04781,Bandung,Corporate
CUST-04782,Makassar,Corporate
CUST-04783,Jakarta,Individual
CUST-04784,Balikpapan,Individual
CUST-04785,Surabaya,Corporate
CUST-04786,Jakarta,Individual
CUST-04787,Denpasar,Individual
CUST-04788,Balikpapan,Individual
CUST-04789,Palembang,Individual
CUST-04790,Yogyakarta,Individual
CUST-04791,Yogyakarta,Corporate
CUST-04792,Makassar,Individual
CUST-04793,Denpasar,nan
CUST-04794,Balikpapan,Corporate
CUST-04795,Palembang,Individual
CUST-04796,Balikpapan,Individual
CUST-04797,Bandung,Individual
CUST-04798,Yogyakarta,Individual
CUST-04799,Makassar,Individual
CUST-04800,Medan,Individual
CUST-04801,Denpasar,Individual
CUST-04802,Jakarta,Individual
CUST-04803,Makassar,Individual
CUST-04804,Surabaya,Individual
CUST-04805,Medan,Individual
CUST-04806,Makassar,nan
CUST-04807,Palembang,nan
CUST-04808,Semarang,nan
CUST-04809,Jakarta,Individual
CUST-04810,Medan,Corporate
CUST-04811,Denpasar,Individual
CUST-04812,Surabaya,nan
CUST-04813,Palembang,nan
CUST-04814,Makassar,Corporate
CUST-04815,Balikpapan,Corporate
CUST-04816,Semarang,Individual
CUST-04817,Palembang,Individual
CUST-04818,Denpasar,nan
CUST-04819,Denpasar,nan
CUST-04820,Jakarta,nan
CUST-04821,Bandung,Corporate
CUST-04822,Jakarta,nan
CUST-04823,Denpasar,Individual
CUST-04824,Surabaya,Individual
CUST-04825,Jakarta,Corporate
CUST-04826,Bandung,Individual
CUST-04827,Palembang,Individual
CUST-04828,Jakarta,Individual
CUST-04829,Medan,Individual
CUST-04830,Bandung,Corporate
CUST-04831,Semarang,Individual
CUST-04832,Bandung,Corporate
CUST-04833,Makassar,Individual
CUST-04834,Jakarta,Corporate
CUST-04835,Medan,Individual
CUST-04836,Surabaya,nan
CUST-04837,Yogyakarta,Individual
CUST-04838,Makassar,Individual
CUST-04839,Bandung,Individual
CUST-04840,Yogyakarta,nan
CUST-04841,Semarang,nan
CUST-04842,Surabaya,Corporate
CUST-04843,Palembang,Corporate
CUST-04844,Surabaya,Individual
CUST-04845,Yogyakarta,Individual
CUST-04846,Bandung,Corporate
CUST-04847,Jakarta,Individual
CUST-04848,Yogyakarta,Individual
CUST-04849,Makassar,Individual
CUST-04850,Yogyakarta,Individual
CUST-04851,Palembang,Individual
CUST-04852,Surabaya,Individual
CUST-04853,Jakarta,Corporate
CUST-04854,Palembang,Corporate
CUST-04855,Surabaya,nan
CUST-04856,Yogyakarta,Individual
CUST-04857,Yogyakarta,Individual
CUST-04858,Palembang,Individual
CUST-04859,Medan,Individual
CUST-04860,Palembang,Individual
CUST-04861,Bandung,Individual
CUST-04862,Surabaya,nan
CUST-04863,Semarang,Individual
CUST-04864,Semarang,Corporate
CUST-04865,Jakarta,Corporate
CUST-04866,Palembang,Individual
CUST-04867,Medan,Individual
CUST-04868,Yogyakarta,Individual
CUST-04869,Yogyakarta,Individual
CUST-04870,Jakarta,Individual
CUST-04871,Palembang,Individual
CUST-04872,Surabaya,Individual
CUST-04873,Medan,nan
CUST-04874,Bandung,nan
CUST-04875,Surabaya,Individual
CUST-04876,Palembang,Individual
CUST-04877,Makassar,Individual
CUST-04878,Medan,Corporate
CUST-04879,Bandung,Individual
CUST-04880,Denpasar,Individual
CUST-04881,Bandung,nan
CUST-04882,Semarang,Corporate
CUST-04883,Medan,Individual
CUST-04884,Makassar,Individual
CUST-04885,Medan,Individual
CUST-04886,Bandung,Corporate
CUST-04887,Surabaya,Individual
CUST-04888,Surabaya,Corporate
CUST-04889,Makassar,Individual
CUST-04890,Bandung,Individual
CUST-04891,Balikpapan,Corporate
CUST-04892,Palembang,nan
CUST-04893,Makassar,Corporate
CUST-04894,Medan,Individual
CUST-04895,Semarang,Individual
CUST-04896,Surabaya,Individual
CUST-04897,Yogyakarta,nan
CUST-04898,Palembang,Corporate
CUST-04899,Medan,Individual
CUST-04900,Makassar,Individual
CUST-04901,Surabaya,Corporate
CUST-04902,Makassar,Individual
CUST-04903,Denpasar,nan
CUST-04904,Bandung,nan
CUST-04905,Yogyakarta,Individual
CUST-04906,Semarang,Individual
CUST-04907,Semarang,Individual
CUST-04908,Bandung,Individual
CUST-04909,Yogyakarta,Corporate
CUST-04910,Yogyakarta,Individual
CUST-04911,Yogyakarta,Corporate
CUST-04912,Makassar,nan
CUST-04913,Medan,Individual
CUST-04914,Bandung,Individual
CUST-04915,Balikpapan,Individual
CUST-04916,Balikpapan,Individual
CUST-04917,Medan,Individual
CUST-04918,Palembang,Individual
CUST-04919,Jakarta,Corporate
CUST-04920,Yogyakarta,Individual
CUST-04921,Denpasar,Corporate
CUST-04922,Balikpapan,Individual
CUST-04923,Semarang,Individual
CUST-04924,Semarang,Individual
CUST-04925,Denpasar,Individual
CUST-04926,Jakarta,Corporate
CUST-04927,Balikpapan,Individual
CUST-04928,Denpasar,Individual
CUST-04929,Denpasar,Corporate
CUST-04930,Balikpapan,nan
CUST-04931,Denpasar,Corporate
CUST-04932,Makassar,Individual
CUST-04933,Semarang,Individual
CUST-04934,Makassar,Corporate
CUST-04935,Surabaya,nan
CUST-04936,Bandung,Corporate
CUST-04937,Balikpapan,Individual
CUST-04938,Balikpapan,nan
CUST-04939,Bandung,nan
CUST-04940,Balikpapan,Individual
CUST-04941,Semarang,nan
CUST-04942,Yogyakarta,Individual
CUST-04943,Medan,Individual
CUST-04944,Makassar,Individual
CUST-04945,Yogyakarta,Individual
CUST-04946,Denpasar,Individual
CUST-04947,Denpasar,Individual
CUST-04948,Denpasar,Individual
CUST-04949,Medan,nan
CUST-04950,Medan,Corporate
CUST-04951,Yogyakarta,Individual
CUST-04952,Medan,Individual
CUST-04953,Semarang,Corporate
CUST-04954,Balikpapan,Corporate
CUST-04955,Yogyakarta,Individual
CUST-04956,Semarang,Individual
CUST-04957,Surabaya,Individual
CUST-04958,Bandung,Individual
CUST-04959,Medan,Corporate
CUST-04960,Semarang,nan
CUST-04961,Semarang,nan
CUST-04962,Surabaya,Individual
CUST-04963,Surabaya,Individual
CUST-04964,Medan,Corporate
CUST-04965,Medan,Corporate
CUST-04966,Medan,Individual
CUST-04967,Jakarta,nan
CUST-04968,Balikpapan,Corporate
CUST-04969,Medan,nan
CUST-04970,Jakarta,Individual
CUST-04971,Surabaya,Individual
CUST-04972,Medan,Individual
CUST-04973,Palembang,Individual
CUST-04974,Bandung,Corporate
CUST-04975,Semarang,Individual
CUST-04976,Denpasar,Individual
CUST-04977,Semarang,Corporate
CUST-04978,Bandung,Individual
CUST-04979,Medan,nan
CUST-04980,Semarang,Individual
CUST-04981,Bandung,Individual
CUST-04982,Medan,Corporate
CUST-04983,Jakarta,Corporate
CUST-04984,Bandung,Individual
CUST-04985,Palembang,Individual
CUST-04986,Makassar,Individual
CUST-04987,Semarang,Corporate
CUST-04988,Balikpapan,Corporate
CUST-04989,Bandung,nan
CUST-04990,Bandung,Individual
CUST-04991,Medan,Individual
CUST-04992,Semarang,nan
CUST-04993,Palembang,Corporate
CUST-04994,Surabaya,Corporate
CUST-04995,Surabaya,Individual
CUST-04996,Yogyakarta,Individual
CUST-04997,Jakarta,Individual
CUST-04998,Makassar,Corporate
CUST-04999,Surabaya,Corporate
CUST-05000,Denpasar,Individual
CUST-05001,Jakarta,Individual
CUST-05002,Jakarta,Individual
CUST-05003,Palembang,Individual
CUST-05004,Makassar,Individual
CUST-05005,Surabaya,Individual
CUST-05006,Makassar,Individual
CUST-05007,Jakarta,Individual
CUST-05008,Jakarta,Individual
CUST-05009,Surabaya,nan
CUST-05010,Jakarta,Individual
CUST-05011,Jakarta,Individual
CUST-05012,Surabaya,Individual
CUST-05013,Palembang,Individual
CUST-05014,Palembang,Individual
CUST-05015,Surabaya,nan
CUST-05016,Balikpapan,Corporate
CUST-05017,Makassar,nan
CUST-05018,Yogyakarta,Individual
CUST-05019,Makassar,Individual
CUST-05020,Jakarta,Corporate
CUST-05021,Balikpapan,Individual
CUST-05022,Palembang,Individual
CUST-05023,Jakarta,nan
CUST-05024,Balikpapan,nan
CUST-05025,Denpasar,Individual
CUST-05026,Denpasar,Individual
CUST-05027,Denpasar,Corporate
CUST-05028,Surabaya,Corporate
CUST-05029,Balikpapan,Corporate
CUST-05030,Makassar,nan
CUST-05031,Yogyakarta,Corporate
CUST-05032,Medan,Corporate
CUST-05033,Balikpapan,Individual
CUST-05034,Jakarta,Corporate
CUST-05035,Denpasar,Corporate
CUST-05036,Semarang,Individual
CUST-05037,Denpasar,Corporate
CUST-05038,Bandung,Corporate
CUST-05039,Yogyakarta,nan
CUST-05040,Bandung,Corporate
CUST-05041,Balikpapan,Individual
CUST-05042,Palembang,Individual
CUST-05043,Palembang,Individual
CUST-05044,Denpasar,Individual
CUST-05045,Makassar,nan
CUST-05046,Surabaya,Corporate
CUST-05047,Makassar,Individual
CUST-05048,Palembang,Individual
CUST-05049,Denpasar,Individual
CUST-05050,Yogyakarta,Individual
CUST-05051,Yogyakarta,nan
CUST-05052,Bandung,Individual
CUST-05053,Makassar,Individual
CUST-05054,Yogyakarta,Individual
CUST-05055,Palembang,Individual
CUST-05056,Palembang,Individual
CUST-05057,Denpasar,Individual
CUST-05058,Semarang,Individual
CUST-05059,Yogyakarta,Corporate
CUST-05060,Surabaya,Corporate
CUST-05061,Jakarta,Individual
CUST-05062,Yogyakarta,nan
CUST-05063,Palembang,Individual
CUST-05064,Yogyakarta,Individual
CUST-05065,Surabaya,nan
CUST-05066,Bandung,Corporate
CUST-05067,Denpasar,Individual
CUST-05068,Makassar,Corporate
CUST-05069,Denpasar,Corporate
CUST-05070,Yogyakarta,Corporate
CUST-05071,Yogyakarta,Individual
CUST-05072,Yogyakarta,Individual
CUST-05073,Balikpapan,Individual
CUST-05074,Denpasar,Individual
CUST-05075,Surabaya,Individual
CUST-05076,Surabaya,Individual
CUST-05077,Balikpapan,Corporate
CUST-05078,Makassar,Corporate
CUST-05079,Bandung,nan
CUST-05080,Medan,Corporate
CUST-05081,Medan,Corporate
CUST-05082,Palembang,nan
CUST-05083,Balikpapan,Individual
CUST-05084,Bandung,Individual
CUST-05085,Medan,nan
CUST-05086,Makassar,nan
CUST-05087,Palembang,nan
CUST-05088,Makassar,Individual
CUST-05089,Surabaya,nan
CUST-05090,Palembang,Corporate
CUST-05091,Balikpapan,Individual
CUST-05092,Balikpapan,Individual
CUST-05093,Surabaya,Individual
CUST-05094,Semarang,Individual
CUST-05095,Bandung,nan
CUST-05096,Surabaya,Individual
CUST-05097,Bandung,Individual
CUST-05098,Makassar,Individual
CUST-05099,Makassar,Corporate
CUST-05100,Yogyakarta,Individual
CUST-05101,Jakarta,Individual
CUST-05102,Surabaya,Individual
CUST-05103,Surabaya,Individual
CUST-05104,Surabaya,Individual
CUST-05105,Palembang,Individual
CUST-05106,Medan,nan
CUST-05107,Surabaya,nan
CUST-05108,Semarang,nan
CUST-05109,Denpasar,Corporate
CUST-05110,Makassar,Corporate
CUST-05111,Balikpapan,Individual
CUST-05112,Yogyakarta,nan
CUST-05113,Yogyakarta,Corporate
CUST-05114,Medan,Individual
CUST-05115,Semarang,Corporate
CUST-05116,Bandung,Individual
CUST-05117,Medan,Individual
CUST-05118,Bandung,Individual
CUST-05119,Jakarta,Individual
CUST-05120,Makassar,Individual
CUST-05121,Surabaya,Individual
CUST-05122,Surabaya,Individual
CUST-05123,Makassar,Individual
CUST-05124,Surabaya,Individual
CUST-05125,Balikpapan,nan
CUST-05126,Jakarta,nan
CUST-05127,Makassar,nan
CUST-05128,Denpasar,Corporate
CUST-05129,Bandung,Individual
CUST-05130,Medan,Individual
CUST-05131,Semarang,Corporate
CUST-05132,Yogyakarta,Individual
CUST-05133,Semarang,Individual
CUST-05134,Medan,Individual
CUST-05135,Jakarta,Individual
CUST-05136,Palembang,Individual
CUST-05137,Jakarta,Individual
CUST-05138,Palembang,Corporate
CUST-05139,Medan,Corporate
CUST-05140,Bandung,Corporate
CUST-05141,Semarang,Individual
CUST-05142,Denpasar,Corporate
CUST-05143,Jakarta,Individual
CUST-05144,Medan,Corporate
CUST-05145,Makassar,Corporate
CUST-05146,Semarang,Individual
CUST-05147,Jakarta,Corporate
CUST-05148,Jakarta,Individual
CUST-05149,Palembang,Individual
CUST-05150,Yogyakarta,Individual
CUST-05151,Semarang,Individual
CUST-05152,Medan,Individual
CUST-05153,Bandung,Corporate
CUST-05154,Makassar,Corporate
CUST-05155,Denpasar,Individual
CUST-05156,Bandung,Individual
CUST-05157,Denpasar,Individual
CUST-05158,Semarang,Corporate
CUST-05159,Palembang,nan
CUST-05160,Surabaya,Individual
CUST-05161,Medan,Individual
CUST-05162,Balikpapan,Individual
CUST-05163,Denpasar,Individual
CUST-05164,Yogyakarta,Individual
CUST-05165,Jakarta,Corporate
CUST-05166,Medan,Corporate
CUST-05167,Yogyakarta,nan
CUST-05168,Yogyakarta,nan
CUST-05169,Yogyakarta,nan
CUST-05170,Medan,Corporate
CUST-05171,Surabaya,Individual
CUST-05172,Yogyakarta,Individual
CUST-05173,Denpasar,Individual
CUST-05174,Jakarta,Individual
CUST-05175,Surabaya,nan
CUST-05176,Palembang,Individual
CUST-05177,Palembang,Corporate
CUST-05178,Surabaya,nan
CUST-05179,Makassar,Individual
CUST-05180,Yogyakarta,Individual
CUST-05181,Bandung,Individual
CUST-05182,Bandung,Individual
CUST-05183,Balikpapan,nan
CUST-05184,Balikpapan,Individual
CUST-05185,Palembang,Individual
CUST-05186,Bandung,Individual
CUST-05187,Balikpapan,nan
CUST-05188,Yogyakarta,Individual
CUST-05189,Makassar,Corporate
CUST-05190,Semarang,Individual
CUST-05191,Medan,Individual
CUST-05192,Bandung,Corporate
CUST-05193,Jakarta,nan
CUST-05194,Surabaya,Corporate
CUST-05195,Denpasar,Individual
CUST-05196,Yogyakarta,Individual
CUST-05197,Palembang,nan
CUST-05198,Yogyakarta,Corporate
CUST-05199,Semarang,Individual
CUST-05200,Palembang,nan
CUST-05201,Makassar,Individual
CUST-05202,Bandung,Individual
CUST-05203,Semarang,Corporate
CUST-05204,Jakarta,Corporate
CUST-05205,Medan,Individual
CUST-05206,Semarang,Corporate
CUST-05207,Medan,Individual
CUST-05208,Surabaya,Corporate
CUST-05209,Yogyakarta,Corporate
CUST-05210,Jakarta,Individual
CUST-05211,Yogyakarta,Individual
CUST-05212,Palembang,nan
CUST-05213,Makassar,Corporate
CUST-05214,Surabaya,Individual
CUST-05215,Makassar,Corporate
CUST-05216,Jakarta,Individual
CUST-05217,Denpasar,Individual
CUST-05218,Palembang,Individual
CUST-05219,Yogyakarta,Individual
CUST-05220,Surabaya,Individual
CUST-05221,Medan,Individual
CUST-05222,Medan,Corporate
CUST-05223,Semarang,Individual
CUST-05224,Medan,nan
CUST-05225,Bandung,Corporate
CUST-05226,Balikpapan,Individual
CUST-05227,Jakarta,Individual
CUST-05228,Yogyakarta,nan
CUST-05229,Palembang,nan
CUST-05230,Medan,nan
CUST-05231,Yogyakarta,Corporate
CUST-05232,Surabaya,Corporate
CUST-05233,Palembang,nan
CUST-05234,Yogyakarta,Individual
CUST-05235,Bandung,nan
CUST-05236,Surabaya,Individual
CUST-05237,Denpasar,Corporate
CUST-05238,Balikpapan,Individual
CUST-05239,Balikpapan,nan
CUST-05240,Palembang,Individual
CUST-05241,Makassar,Corporate
CUST-05242,Yogyakarta,Individual
CUST-05243,Bandung,Individual
CUST-05244,Bandung,Individual
CUST-05245,Bandung,Individual
CUST-05246,Balikpapan,Corporate
CUST-05247,Semarang,Corporate
CUST-05248,Surabaya,Individual
CUST-05249,Denpasar,Individual
CUST-05250,Makassar,nan
CUST-05251,Yogyakarta,Individual
CUST-05252,Makassar,nan
CUST-05253,Semarang,Individual
CUST-05254,Medan,Individual
CUST-05255,Semarang,Corporate
CUST-05256,Yogyakarta,nan
CUST-05257,Medan,Individual
CUST-05258,Palembang,Individual
CUST-05259,Bandung,nan
CUST-05260,Yogyakarta,Corporate
CUST-05261,Surabaya,Individual
CUST-05262,Medan,Corporate
CUST-05263,Balikpapan,Individual
CUST-05264,Semarang,Individual
CUST-05265,Semarang,nan
CUST-05266,Bandung,Corporate
CUST-05267,Denpasar,Individual
CUST-05268,Makassar,Individual
CUST-05269,Semarang,Corporate
CUST-05270,Yogyakarta,Individual
CUST-05271,Jakarta,nan
CUST-05272,Makassar,Individual
CUST-05273,Balikpapan,Individual
CUST-05274,Medan,Corporate
CUST-05275,Yogyakarta,nan
CUST-05276,Denpasar,Individual
CUST-05277,Surabaya,Individual
CUST-05278,Bandung,Individual
CUST-05279,Semarang,Corporate
CUST-05280,Balikpapan,Corporate
CUST-05281,Palembang,Individual
CUST-05282,Balikpapan,Individual
CUST-05283,Palembang,Individual
CUST-05284,Balikpapan,Individual
CUST-05285,Jakarta,nan
CUST-05286,Jakarta,Individual
CUST-05287,Surabaya,Corporate
CUST-05288,Jakarta,Individual
CUST-05289,Jakarta,Corporate
CUST-05290,Yogyakarta,Corporate
CUST-05291,Jakarta,Corporate
CUST-05292,Palembang,nan
CUST-05293,Surabaya,Individual
CUST-05294,Denpasar,Individual
CUST-05295,Surabaya,Corporate
CUST-05296,Balikpapan,Individual
CUST-05297,Makassar,nan
CUST-05298,Medan,Individual
CUST-05299,Palembang,nan
CUST-05300,Makassar,Individual
CUST-05301,Jakarta,Individual
CUST-05302,Yogyakarta,Individual
CUST-05303,Jakarta,Corporate
CUST-05304,Medan,Individual
CUST-05305,Surabaya,Corporate
CUST-05306,Palembang,Individual
CUST-05307,Bandung,Individual
CUST-05308,Semarang,nan
CUST-05309,Denpasar,Individual
CUST-05310,Bandung,nan
CUST-05311,Jakarta,Corporate
CUST-05312,Denpasar,Individual
CUST-05313,Palembang,Corporate
CUST-05314,Balikpapan,Corporate
CUST-05315,Bandung,nan
CUST-05316,Surabaya,Individual
CUST-05317,Bandung,Corporate
CUST-05318,Semarang,Individual
CUST-05319,Makassar,Corporate
CUST-05320,Makassar,nan
CUST-05321,Medan,Individual
CUST-05322,Medan,Individual
CUST-05323,Surabaya,Individual
CUST-05324,Denpasar,Corporate
CUST-05325,Makassar,Individual
CUST-05326,Surabaya,Individual
CUST-05327,Jakarta,Individual
CUST-05328,Palembang,Individual
CUST-05329,Yogyakarta,Individual
CUST-05330,Balikpapan,nan
CUST-05331,Medan,Individual
CUST-05332,Balikpapan,Individual
CUST-05333,Semarang,Individual
CUST-05334,Jakarta,Individual
CUST-05335,Semarang,nan
CUST-05336,Semarang,Individual
CUST-05337,Bandung,Individual
CUST-05338,Denpasar,Corporate
CUST-05339,Jakarta,Corporate
CUST-05340,Denpasar,Individual
CUST-05341,Denpasar,Individual
CUST-05342,Balikpapan,Individual
CUST-05343,Surabaya,Individual
CUST-05344,Medan,Corporate
CUST-05345,Jakarta,Individual
CUST-05346,Semarang,Individual
CUST-05347,Yogyakarta,Individual
CUST-05348,Surabaya,Individual
CUST-05349,Semarang,Individual
CUST-05350,Makassar,Individual
CUST-05351,Makassar,Individual
CUST-05352,Medan,Corporate
CUST-05353,Yogyakarta,Individual
CUST-05354,Palembang,Individual
CUST-05355,Semarang,Individual
CUST-05356,Palembang,Individual
CUST-05357,Bandung,Individual
CUST-05358,Makassar,Individual
CUST-05359,Palembang,Corporate
CUST-05360,Makassar,Individual
CUST-05361,Palembang,nan
CUST-05362,Bandung,Individual
CUST-05363,Medan,Individual
CUST-05364,Jakarta,Individual
CUST-05365,Denpasar,Individual
CUST-05366,Semarang,Individual
CUST-05367,Semarang,nan
CUST-05368,Bandung,Corporate
CUST-05369,Balikpapan,Individual
CUST-05370,Surabaya,Corporate
CUST-05371,Makassar,Individual
CUST-05372,Denpasar,Individual
CUST-05373,Palembang,Individual
CUST-05374,Semarang,Corporate
CUST-05375,Denpasar,Individual
CUST-05376,Medan,Corporate
CUST-05377,Denpasar,Individual
CUST-05378,Medan,nan
CUST-05379,Yogyakarta,Corporate
CUST-05380,Jakarta,Individual
CUST-05381,Balikpapan,Corporate
CUST-05382,Makassar,Individual
CUST-05383,Makassar,Individual
CUST-05384,Balikpapan,Corporate
CUST-05385,Denpasar,Individual
CUST-05386,Surabaya,Individual
CUST-05387,Medan,Individual
CUST-05388,Makassar,Individual
CUST-05389,Surabaya,Individual
CUST-05390,Jakarta,Individual
CUST-05391,Denpasar,Individual
CUST-05392,Denpasar,Individual
CUST-05393,Medan,Individual
CUST-05394,Yogyakarta,Corporate
CUST-05395,Jakarta,nan
CUST-05396,Surabaya,nan
CUST-05397,Palembang,Individual
CUST-05398,Surabaya,Individual
CUST-05399,Yogyakarta,nan
CUST-05400,Semarang,Corporate
CUST-05401,Palembang,Individual
CUST-05402,Medan,Individual
CUST-05403,Yogyakarta,Corporate
CUST-05404,Surabaya,Individual
CUST-05405,Balikpapan,Individual
CUST-05406,Balikpapan,Individual
CUST-05407,Semarang,Individual
CUST-05408,Makassar,Individual
CUST-05409,Makassar,Individual
CUST-05410,Makassar,Corporate
CUST-05411,Jakarta,nan
CUST-05412,Balikpapan,Individual
CUST-05413,Bandung,Individual
CUST-05414,Medan,Individual
CUST-05415,Denpasar,Individual
CUST-05416,Semarang,Individual
CUST-05417,Balikpapan,Individual
CUST-05418,Medan,Individual
CUST-05419,Palembang,nan
CUST-05420,Balikpapan,nan
CUST-05421,Bandung,Individual
CUST-05422,Palembang,Corporate
CUST-05423,Medan,Individual
CUST-05424,Semarang,Individual
CUST-05425,Palembang,Individual
CUST-05426,Bandung,Individual
CUST-05427,Makassar,Individual
CUST-05428,Palembang,Individual
CUST-05429,Makassar,Individual
CUST-05430,Surabaya,Corporate
CUST-05431,Jakarta,Individual
CUST-05432,Jakarta,Individual
CUST-05433,Denpasar,Corporate
CUST-05434,Jakarta,Individual
CUST-05435,Yogyakarta,Individual
CUST-05436,Semarang,Individual
CUST-05437,Makassar,Corporate
CUST-05438,Bandung,Corporate
CUST-05439,Balikpapan,Individual
CUST-05440,Surabaya,Individual
CUST-05441,Balikpapan,Corporate
CUST-05442,Semarang,Individual
CUST-05443,Denpasar,Individual
CUST-05444,Yogyakarta,nan
CUST-05445,Surabaya,Individual
CUST-05446,Makassar,nan
CUST-05447,Balikpapan,Individual
CUST-05448,Bandung,Individual
CUST-05449,Surabaya,Corporate
CUST-05450,Surabaya,Individual
CUST-05451,Makassar,Individual
CUST-05452,Bandung,Corporate
CUST-05453,Surabaya,nan
CUST-05454,Semarang,Corporate
CUST-05455,Jakarta,Individual
CUST-05456,Surabaya,Individual
CUST-05457,Semarang,Individual
CUST-05458,Balikpapan,nan
CUST-05459,Semarang,Individual
CUST-05460,Bandung,Individual
CUST-05461,Jakarta,Individual
CUST-05462,Jakarta,Individual
CUST-05463,Denpasar,Individual
CUST-05464,Balikpapan,Individual
CUST-05465,Semarang,Individual
CUST-05466,Denpasar,Individual
CUST-05467,Surabaya,Corporate
CUST-05468,Yogyakarta,Individual
CUST-05469,Yogyakarta,nan
CUST-05470,Surabaya,Individual
CUST-05471,Medan,Individual
CUST-05472,Medan,nan
CUST-05473,Jakarta,Individual
CUST-05474,Denpasar,Corporate
CUST-05475,Bandung,Individual
CUST-05476,Balikpapan,Corporate
CUST-05477,Semarang,Corporate
CUST-05478,Bandung,Corporate
CUST-05479,Medan,Individual
CUST-05480,Bandung,Individual
CUST-05481,Yogyakarta,Individual
CUST-05482,Semarang,Individual
CUST-05483,Palembang,Individual
CUST-05484,Denpasar,Individual
CUST-05485,Denpasar,Individual
CUST-05486,Medan,Individual
CUST-05487,Semarang,Individual
CUST-05488,Medan,Corporate
CUST-05489,Balikpapan,Individual
CUST-05490,Denpasar,Individual
CUST-05491,Balikpapan,Individual
CUST-05492,Denpasar,Corporate
CUST-05493,Jakarta,Individual
CUST-05494,Balikpapan,nan
CUST-05495,Surabaya,Corporate
CUST-05496,Yogyakarta,Individual
CUST-05497,Bandung,Individual
CUST-05498,Semarang,Individual
CUST-05499,Bandung,Individual
CUST-05500,Surabaya,Corporate
CUST-05501,Semarang,Individual
CUST-05502,Palembang,Individual
CUST-05503,Surabaya,Individual
CUST-05504,Denpasar,Individual
CUST-05505,Surabaya,Individual
CUST-05506,Jakarta,Individual
CUST-05507,Palembang,Individual
CUST-05508,Palembang,nan
CUST-05509,Semarang,Individual
CUST-05510,Medan,nan
CUST-05511,Jakarta,Individual
CUST-05512,Yogyakarta,Individual
CUST-05513,Palembang,Individual
CUST-05514,Bandung,nan
CUST-05515,Denpasar,Corporate
CUST-05516,Bandung,Individual
CUST-05517,Denpasar,nan
CUST-05518,Balikpapan,Individual
CUST-05519,Palembang,nan
CUST-05520,Yogyakarta,Individual
CUST-05521,Medan,Corporate
CUST-05522,Semarang,nan
CUST-05523,Medan,Individual
CUST-05524,Yogyakarta,Corporate
CUST-05525,Jakarta,Individual
CUST-05526,Balikpapan,Corporate
CUST-05527,Bandung,Individual
CUST-05528,Yogyakarta,Corporate
CUST-05529,Makassar,Corporate
CUST-05530,Bandung,Individual
CUST-05531,Surabaya,nan
CUST-05532,Balikpapan,Individual
CUST-05533,Yogyakarta,Individual
CUST-05534,Balikpapan,Corporate
CUST-05535,Semarang,Corporate
CUST-05536,Surabaya,Individual
CUST-05537,Yogyakarta,Individual
CUST-05538,Bandung,Corporate
CUST-05539,Surabaya,Individual
CUST-05540,Surabaya,nan
CUST-05541,Yogyakarta,Individual
CUST-05542,Semarang,Individual
CUST-05543,Makassar,Individual
CUST-05544,Jakarta,Corporate
CUST-05545,Denpasar,Corporate
CUST-05546,Medan,nan
CUST-05547,Balikpapan,Individual
CUST-05548,Yogyakarta,Individual
CUST-05549,Medan,Individual
CUST-05550,Denpasar,Corporate
CUST-05551,Palembang,Individual
CUST-05552,Surabaya,Individual
CUST-05553,Balikpapan,Individual
CUST-05554,Semarang,Corporate
CUST-05555,Palembang,Individual
CUST-05556,Denpasar,Individual
CUST-05557,Bandung,Individual
CUST-05558,Makassar,Corporate
CUST-05559,Bandung,Corporate
CUST-05560,Semarang,Individual
CUST-05561,Yogyakarta,Individual
CUST-05562,Jakarta,nan
CUST-05563,Surabaya,Corporate
CUST-05564,Balikpapan,nan
CUST-05565,Yogyakarta,Corporate
CUST-05566,Palembang,Individual
CUST-05567,Yogyakarta,Individual
CUST-05568,Balikpapan,Corporate
CUST-05569,Palembang,Individual
CUST-05570,Palembang,Individual
CUST-05571,Makassar,Individual
CUST-05572,Bandung,nan
CUST-05573,Makassar,Individual
CUST-05574,Balikpapan,Corporate
CUST-05575,Makassar,Individual
CUST-05576,Palembang,Individual
CUST-05577,Medan,Corporate
CUST-05578,Jakarta,Corporate
CUST-05579,Surabaya,Corporate
CUST-05580,Bandung,Corporate
CUST-05581,Bandung,nan
CUST-05582,Makassar,nan
CUST-05583,Yogyakarta,nan
CUST-05584,Yogyakarta,Individual
CUST-05585,Semarang,Corporate
CUST-05586,Semarang,nan
CUST-05587,Makassar,Corporate
CUST-05588,Medan,Individual
CUST-05589,Surabaya,Individual
CUST-05590,Surabaya,Individual
CUST-05591,Medan,Corporate
CUST-05592,Makassar,Corporate
CUST-05593,Yogyakarta,Corporate
CUST-05594,Semarang,Individual
CUST-05595,Makassar,Corporate
CUST-05596,Palembang,Corporate
CUST-05597,Jakarta,nan
CUST-05598,Bandung,nan
CUST-05599,Jakarta,Corporate
CUST-05600,Jakarta,Corporate
CUST-05601,Bandung,Corporate
CUST-05602,Surabaya,nan
CUST-05603,Yogyakarta,Corporate
CUST-05604,Makassar,nan
CUST-05605,Semarang,nan
CUST-05606,Medan,Individual
CUST-05607,Yogyakarta,Corporate
CUST-05608,Makassar,Individual
CUST-05609,Denpasar,nan
CUST-05610,Yogyakarta,Individual
CUST-05611,Surabaya,Individual
CUST-05612,Palembang,Individual
CUST-05613,Makassar,Individual
CUST-05614,Makassar,nan
CUST-05615,Bandung,Individual
CUST-05616,Makassar,Corporate
CUST-05617,Palembang,Individual
CUST-05618,Jakarta,Individual
CUST-05619,Jakarta,Individual
CUST-05620,Medan,Individual
CUST-05621,Palembang,Corporate
CUST-05622,Semarang,Corporate
CUST-05623,Jakarta,Individual
CUST-05624,Surabaya,Individual
CUST-05625,Semarang,Corporate
CUST-05626,Bandung,Corporate
CUST-05627,Surabaya,Corporate
CUST-05628,Palembang,Individual
CUST-05629,Surabaya,Individual
CUST-05630,Jakarta,Corporate
CUST-05631,Medan,Individual
CUST-05632,Surabaya,Individual
CUST-05633,Semarang,Individual
CUST-05634,Bandung,Individual
CUST-05635,Semarang,Individual
CUST-05636,Jakarta,nan
CUST-05637,Surabaya,nan
CUST-05638,Jakarta,Individual
CUST-05639,Jakarta,Individual
CUST-05640,Semarang,Corporate
CUST-05641,Palembang,Individual
CUST-05642,Balikpapan,Corporate
CUST-05643,Semarang,Individual
CUST-05644,Semarang,Corporate
CUST-05645,Surabaya,Individual
CUST-05646,Balikpapan,Individual
CUST-05647,Denpasar,Individual
CUST-05648,Jakarta,Individual
CUST-05649,Bandung,nan
CUST-05650,Yogyakarta,nan
CUST-05651,Jakarta,nan
CUST-05652,Balikpapan,Individual
CUST-05653,Yogyakarta,Individual
CUST-05654,Makassar,Individual
CUST-05655,Semarang,Individual
CUST-05656,Jakarta,Individual
CUST-05657,Surabaya,nan
CUST-05658,Denpasar,Individual
CUST-05659,Palembang,Corporate
CUST-05660,Medan,Individual
CUST-05661,Palembang,Individual
CUST-05662,Surabaya,Individual
CUST-05663,Surabaya,nan
CUST-05664,Balikpapan,Individual
CUST-05665,Surabaya,Individual
CUST-05666,Makassar,Individual
CUST-05667,Yogyakarta,Corporate
CUST-05668,Denpasar,Corporate
CUST-05669,Semarang,Individual
CUST-05670,Balikpapan,Corporate
CUST-05671,Surabaya,Individual
CUST-05672,Yogyakarta,Individual
CUST-05673,Medan,Corporate
CUST-05674,Makassar,Corporate
CUST-05675,Jakarta,Corporate
CUST-05676,Semarang,Individual
CUST-05677,Surabaya,nan
CUST-05678,Palembang,Individual
CUST-05679,Palembang,Individual
CUST-05680,Yogyakarta,nan
CUST-05681,Jakarta,Corporate
CUST-05682,Medan,nan
CUST-05683,Medan,Individual
CUST-05684,Yogyakarta,Individual
CUST-05685,Semarang,Corporate
CUST-05686,Balikpapan,Individual
CUST-05687,Surabaya,nan
CUST-05688,Semarang,Corporate
CUST-05689,Surabaya,Individual
CUST-05690,Makassar,Corporate
CUST-05691,Jakarta,nan
CUST-05692,Balikpapan,Individual
CUST-05693,Jakarta,nan
CUST-05694,Makassar,nan
CUST-05695,Surabaya,Individual
CUST-05696,Balikpapan,Individual
CUST-05697,Palembang,Individual
CUST-05698,Bandung,Individual
CUST-05699,Jakarta,Individual
CUST-05700,Surabaya,Individual
CUST-05701,Makassar,Individual
CUST-05702,Makassar,Individual
CUST-05703,Bandung,Individual
CUST-05704,Jakarta,Individual
CUST-05705,Jakarta,Individual
CUST-05706,Palembang,Corporate
CUST-05707,Surabaya,Corporate
CUST-05708,Yogyakarta,Individual
CUST-05709,Denpasar,Individual
CUST-05710,Semarang,Individual
CUST-05711,Bandung,Corporate
CUST-05712,Balikpapan,Corporate
CUST-05713,Bandung,Individual
CUST-05714,Semarang,Corporate
CUST-05715,Surabaya,nan
CUST-05716,Makassar,nan
CUST-05717,Semarang,Individual
CUST-05718,Balikpapan,Corporate
CUST-05719,Medan,Individual
CUST-05720,Balikpapan,Individual
CUST-05721,Balikpapan,Individual
CUST-05722,Makassar,nan
CUST-05723,Surabaya,Individual
CUST-05724,Yogyakarta,Individual
CUST-05725,Semarang,nan
CUST-05726,Balikpapan,Individual
CUST-05727,Yogyakarta,Corporate
CUST-05728,Bandung,Corporate
CUST-05729,Palembang,Individual
CUST-05730,Palembang,Corporate
CUST-05731,Surabaya,Individual
CUST-05732,Makassar,Individual
CUST-05733,Medan,Corporate
CUST-05734,Palembang,Individual
CUST-05735,Denpasar,nan
CUST-05736,Palembang,nan
CUST-05737,Palembang,Corporate
CUST-05738,Balikpapan,Individual
CUST-05739,Denpasar,Individual
CUST-05740,Yogyakarta,nan
CUST-05741,Palembang,nan
CUST-05742,Jakarta,nan
CUST-05743,Surabaya,Corporate
CUST-05744,Balikpapan,Individual
CUST-05745,Balikpapan,Individual
CUST-05746,Jakarta,Corporate
CUST-05747,Makassar,Individual
CUST-05748,Denpasar,Individual
CUST-05749,Bandung,Individual
CUST-05750,Surabaya,Individual
CUST-05751,Medan,Individual
CUST-05752,Surabaya,Corporate
CUST-05753,Denpasar,nan
CUST-05754,Surabaya,Individual
CUST-05755,Medan,Individual
CUST-05756,Balikpapan,Individual
CUST-05757,Yogyakarta,Corporate
CUST-05758,Makassar,Individual
CUST-05759,Denpasar,Individual
CUST-05760,Surabaya,nan
CUST-05761,Bandung,Individual
CUST-05762,Yogyakarta,Individual
CUST-05763,Bandung,Corporate
CUST-05764,Semarang,Individual
CUST-05765,Jakarta,Individual
CUST-05766,Medan,Corporate
CUST-05767,Jakarta,Corporate
CUST-05768,Medan,Individual
CUST-05769,Medan,Individual
CUST-05770,Medan,nan
CUST-05771,Jakarta,Individual
CUST-05772,Denpasar,Corporate
CUST-05773,Medan,Corporate
CUST-05774,Jakarta,Individual
CUST-05775,Semarang,Corporate
CUST-05776,Denpasar,Individual
CUST-05777,Semarang,Corporate
CUST-05778,Yogyakarta,Individual
CUST-05779,Jakarta,Corporate
CUST-05780,Medan,Individual
CUST-05781,Makassar,Individual
CUST-05782,Makassar,nan
CUST-05783,Jakarta,Individual
CUST-05784,Surabaya,Individual
CUST-05785,Balikpapan,nan
CUST-05786,Medan,Individual
CUST-05787,Makassar,nan
CUST-05788,Medan,Corporate
CUST-05789,Bandung,Individual
CUST-05790,Medan,Corporate
CUST-05791,Denpasar,Corporate
CUST-05792,Palembang,Individual
CUST-05793,Yogyakarta,Individual
CUST-05794,Semarang,Individual
CUST-05795,Denpasar,Individual
CUST-05796,Medan,Individual
CUST-05797,Medan,Individual
CUST-05798,Makassar,Individual
CUST-05799,Medan,nan
CUST-05800,Medan,Individual
CUST-05801,Bandung,Individual
CUST-05802,Semarang,Individual
CUST-05803,Makassar,Individual
CUST-05804,Surabaya,Corporate
CUST-05805,Surabaya,Individual
CUST-05806,Balikpapan,Individual
CUST-05807,Jakarta,Individual
CUST-05808,Balikpapan,Individual
CUST-05809,Balikpapan,Corporate
CUST-05810,Bandung,Corporate
CUST-05811,Palembang,nan
CUST-05812,Bandung,Individual
CUST-05813,Bandung,Corporate
CUST-05814,Jakarta,Individual
CUST-05815,Semarang,Individual
CUST-05816,Semarang,Individual
CUST-05817,Medan,Individual
CUST-05818,Makassar,Individual
CUST-05819,Yogyakarta,Corporate
CUST-05820,Semarang,Corporate
CUST-05821,Jakarta,Individual
CUST-05822,Palembang,Corporate
CUST-05823,Semarang,nan
CUST-05824,Yogyakarta,Individual
CUST-05825,Palembang,Individual
CUST-05826,Medan,Corporate
CUST-05827,Makassar,nan
CUST-05828,Makassar,nan
CUST-05829,Palembang,Individual
CUST-05830,Makassar,nan
CUST-05831,Jakarta,Individual
CUST-05832,Surabaya,nan
CUST-05833,Yogyakarta,nan
CUST-05834,Medan,Corporate
CUST-05835,Palembang,nan
CUST-05836,Balikpapan,Individual
CUST-05837,Semarang,Individual
CUST-05838,Balikpapan,Corporate
CUST-05839,Makassar,Individual
CUST-05840,Medan,Individual
CUST-05841,Palembang,Corporate
CUST-05842,Palembang,nan
CUST-05843,Medan,Individual
CUST-05844,Medan,Corporate
CUST-05845,Surabaya,Corporate
CUST-05846,Yogyakarta,nan
CUST-05847,Semarang,Individual
CUST-05848,Makassar,Corporate
CUST-05849,Palembang,Corporate
CUST-05850,Makassar,Individual
CUST-05851,Yogyakarta,nan
CUST-05852,Jakarta,Corporate
CUST-05853,Semarang,Individual
CUST-05854,Semarang,Individual
CUST-05855,Makassar,Individual
CUST-05856,Palembang,Individual
CUST-05857,Jakarta,Corporate
CUST-05858,Bandung,Individual
CUST-05859,Balikpapan,Individual
CUST-05860,Denpasar,Individual
CUST-05861,Palembang,Individual
CUST-05862,Jakarta,Individual
CUST-05863,Surabaya,Individual
CUST-05864,Yogyakarta,Corporate
CUST-05865,Balikpapan,nan
CUST-05866,Denpasar,Individual
CUST-05867,Yogyakarta,Individual
CUST-05868,Balikpapan,Corporate
CUST-05869,Palembang,Individual
CUST-05870,Palembang,Corporate
CUST-05871,Medan,Individual
CUST-05872,Makassar,nan
CUST-05873,Balikpapan,Individual
CUST-05874,Denpasar,nan
CUST-05875,Denpasar,Individual
CUST-05876,Jakarta,Individual
CUST-05877,Surabaya,Corporate
CUST-05878,Balikpapan,Individual
CUST-05879,Yogyakarta,Individual
CUST-05880,Yogyakarta,nan
CUST-05881,Yogyakarta,Corporate
CUST-05882,Balikpapan,Individual
CUST-05883,Yogyakarta,Corporate
CUST-05884,Medan,nan
CUST-05885,Medan,Individual
CUST-05886,Palembang,Individual
CUST-05887,Semarang,Individual
CUST-05888,Medan,Individual
CUST-05889,Makassar,Individual
CUST-05890,Jakarta,Individual
CUST-05891,Jakarta,Individual
CUST-05892,Surabaya,Individual
CUST-05893,Jakarta,nan
CUST-05894,Palembang,nan
CUST-05895,Semarang,Individual
CUST-05896,Makassar,Corporate
CUST-05897,Yogyakarta,nan
CUST-05898,Palembang,Individual
CUST-05899,Yogyakarta,Individual
CUST-05900,Surabaya,Individual
CUST-05901,Surabaya,Corporate
CUST-05902,Balikpapan,Individual
CUST-05903,Denpasar,Individual
CUST-05904,Balikpapan,Corporate
CUST-05905,Makassar,Individual
CUST-05906,Makassar,Corporate
CUST-05907,Jakarta,Individual
CUST-05908,Semarang,Individual
CUST-05909,Jakarta,Individual
CUST-05910,Palembang,Individual
CUST-05911,Medan,Individual
CUST-05912,Bandung,Individual
CUST-05913,Surabaya,Individual
CUST-05914,Medan,Individual
CUST-05915,Makassar,Individual
CUST-05916,Semarang,Individual
CUST-05917,Jakarta,Individual
CUST-05918,Makassar,nan
CUST-05919,Semarang,Individual
CUST-05920,Bandung,Individual
CUST-05921,Makassar,Individual
CUST-05922,Makassar,Individual
CUST-05923,Makassar,Individual
CUST-05924,Semarang,Individual
CUST-05925,Palembang,Individual
CUST-05926,Surabaya,Individual
CUST-05927,Palembang,nan
CUST-05928,Palembang,Individual
CUST-05929,Palembang,Individual
CUST-05930,Bandung,Individual
CUST-05931,Makassar,Individual
CUST-05932,Jakarta,Corporate
CUST-05933,Medan,Individual
CUST-05934,Yogyakarta,nan
CUST-05935,Semarang,Individual
CUST-05936,Makassar,Individual
CUST-05937,Yogyakarta,Corporate
CUST-05938,Balikpapan,Individual
CUST-05939,Semarang,Individual
CUST-05940,Palembang,Corporate
CUST-05941,Yogyakarta,Individual
CUST-05942,Yogyakarta,Individual
CUST-05943,Denpasar,nan
CUST-05944,Semarang,Individual
CUST-05945,Semarang,nan
CUST-05946,Medan,Individual
CUST-05947,Surabaya,Corporate
CUST-05948,Makassar,Corporate
CUST-05949,Bandung,Corporate
CUST-05950,Medan,Individual
CUST-05951,Jakarta,Individual
CUST-05952,Balikpapan,Individual
CUST-05953,Medan,Individual
CUST-05954,Makassar,Individual
CUST-05955,Yogyakarta,Individual
CUST-05956,Yogyakarta,Individual
CUST-05957,Jakarta,Corporate
CUST-05958,Bandung,Individual
CUST-05959,Jakarta,Corporate
CUST-05960,Makassar,Individual
CUST-05961,Palembang,Individual
CUST-05962,Medan,Corporate
CUST-05963,Makassar,nan
CUST-05964,Denpasar,Corporate
CUST-05965,Yogyakarta,Individual
CUST-05966,Balikpapan,Individual
CUST-05967,Balikpapan,Individual
CUST-05968,Surabaya,Corporate
CUST-05969,Palembang,nan
CUST-05970,Balikpapan,Individual
CUST-05971,Bandung,Individual
CUST-05972,Bandung,Corporate
CUST-05973,Denpasar,Individual
CUST-05974,Semarang,nan
CUST-05975,Palembang,nan
CUST-05976,Makassar,Individual
CUST-05977,Surabaya,Corporate
CUST-05978,Surabaya,Corporate
CUST-05979,Medan,Individual
CUST-05980,Palembang,Individual
CUST-05981,Medan,Corporate
CUST-05982,Jakarta,nan
CUST-05983,Denpasar,Individual
CUST-05984,Denpasar,Individual
CUST-05985,Palembang,nan
CUST-05986,Medan,Individual
CUST-05987,Yogyakarta,nan
CUST-05988,Bandung,Corporate
CUST-05989,Palembang,nan
CUST-05990,Denpasar,nan
CUST-05991,Jakarta,Corporate
CUST-05992,Surabaya,Individual
CUST-05993,Jakarta,Corporate
CUST-05994,Palembang,Individual
CUST-05995,Palembang,Corporate
CUST-05996,Yogyakarta,Corporate
CUST-05997,Bandung,Corporate
CUST-05998,Denpasar,nan
CUST-05999,Denpasar,Individual
CUST-06000,Yogyakarta,Individual
CUST-06001,Medan,Individual
CUST-06002,Balikpapan,Individual
CUST-06003,Surabaya,Individual
CUST-06004,Bandung,Individual
CUST-06005,Bandung,Individual
CUST-06006,Yogyakarta,Individual
CUST-06007,Bandung,nan
CUST-06008,Bandung,Individual
CUST-06009,Balikpapan,nan
CUST-06010,Denpasar,Individual
CUST-06011,Medan,nan
CUST-06012,Surabaya,Individual
CUST-06013,Jakarta,nan
CUST-06014,Surabaya,Individual
CUST-06015,Semarang,nan
CUST-06016,Semarang,Individual
CUST-06017,Makassar,Individual
CUST-06018,Denpasar,Individual
CUST-06019,Semarang,Corporate
CUST-06020,Medan,Individual
CUST-06021,Palembang,Individual
CUST-06022,Balikpapan,Individual
CUST-06023,Surabaya,Individual
CUST-06024,Balikpapan,Individual
CUST-06025,Balikpapan,Individual
CUST-06026,Surabaya,nan
CUST-06027,Balikpapan,Individual
CUST-06028,Denpasar,Individual
CUST-06029,Bandung,Individual
CUST-06030,Denpasar,Individual
CUST-06031,Surabaya,Individual
CUST-06032,Semarang,Individual
CUST-06033,Denpasar,Individual
CUST-06034,Semarang,Individual
CUST-06035,Yogyakarta,Individual
CUST-06036,Balikpapan,Individual
CUST-06037,Makassar,Individual
CUST-06038,Bandung,Individual
CUST-06039,Makassar,Corporate
CUST-06040,Makassar,nan
CUST-06041,Balikpapan,Corporate
CUST-06042,Yogyakarta,Corporate
CUST-06043,Surabaya,Individual
CUST-06044,Yogyakarta,Individual
CUST-06045,Bandung,nan
CUST-06046,Denpasar,Corporate
CUST-06047,Balikpapan,Individual
CUST-06048,Bandung,Individual
CUST-06049,Medan,Individual
CUST-06050,Medan,Individual
CUST-06051,Balikpapan,Individual
CUST-06052,Surabaya,nan
CUST-06053,Denpasar,Individual
CUST-06054,Semarang,Individual
CUST-06055,Medan,Individual
CUST-06056,Surabaya,Corporate
CUST-06057,Bandung,nan
CUST-06058,Medan,Individual
CUST-06059,Palembang,Corporate
CUST-06060,Balikpapan,nan
CUST-06061,Palembang,Corporate
CUST-06062,Denpasar,Individual
CUST-06063,Makassar,Individual
CUST-06064,Denpasar,Individual
CUST-06065,Balikpapan,nan
CUST-06066,Jakarta,Individual
CUST-06067,Semarang,Individual
CUST-06068,Semarang,nan
CUST-06069,Palembang,Individual
CUST-06070,Palembang,Individual
CUST-06071,Balikpapan,Corporate
CUST-06072,Yogyakarta,Individual
CUST-06073,Makassar,Individual
CUST-06074,Balikpapan,Individual
CUST-06075,Makassar,Corporate
CUST-06076,Semarang,nan
CUST-06077,Jakarta,Corporate
CUST-06078,Jakarta,Individual
CUST-06079,Balikpapan,Individual
CUST-06080,Surabaya,Corporate
CUST-06081,Jakarta,Individual
CUST-06082,Palembang,nan
CUST-06083,Palembang,Individual
CUST-06084,Denpasar,Individual
CUST-06085,Surabaya,Individual
CUST-06086,Jakarta,nan
CUST-06087,Yogyakarta,Individual
CUST-06088,Semarang,Individual
CUST-06089,Bandung,Individual
CUST-06090,Denpasar,Individual
CUST-06091,Bandung,Individual
CUST-06092,Balikpapan,nan
CUST-06093,Bandung,nan
CUST-06094,Makassar,Individual
CUST-06095,Denpasar,nan
CUST-06096,Makassar,Individual
CUST-06097,Balikpapan,Individual
CUST-06098,Medan,Individual
CUST-06099,Jakarta,Individual
CUST-06100,Jakarta,nan
CUST-06101,Denpasar,Corporate
CUST-06102,Semarang,nan
CUST-06103,Bandung,nan
CUST-06104,Semarang,Individual
CUST-06105,Palembang,Individual
CUST-06106,Balikpapan,Individual
CUST-06107,Makassar,Individual
CUST-06108,Palembang,Corporate
CUST-06109,Semarang,Corporate
CUST-06110,Palembang,Individual
CUST-06111,Makassar,Individual
CUST-06112,Denpasar,nan
CUST-06113,Jakarta,nan
CUST-06114,Yogyakarta,nan
CUST-06115,Balikpapan,Corporate
CUST-06116,Bandung,Individual
CUST-06117,Jakarta,Individual
CUST-06118,Medan,Individual
CUST-06119,Palembang,Individual
CUST-06120,Jakarta,Individual
CUST-06121,Bandung,Individual
CUST-06122,Semarang,Individual
CUST-06123,Palembang,Individual
CUST-06124,Semarang,Corporate
CUST-06125,Surabaya,Corporate
CUST-06126,Semarang,Individual
CUST-06127,Medan,Individual
CUST-06128,Jakarta,nan
CUST-06129,Palembang,Individual
CUST-06130,Bandung,Corporate
CUST-06131,Balikpapan,Individual
CUST-06132,Denpasar,Individual
CUST-06133,Surabaya,Individual
CUST-06134,Semarang,Individual
CUST-06135,Bandung,Corporate
CUST-06136,Bandung,Individual
CUST-06137,Surabaya,Individual
CUST-06138,Yogyakarta,Individual
CUST-06139,Medan,Individual
CUST-06140,Palembang,Individual
CUST-06141,Palembang,Individual
CUST-06142,Surabaya,Individual
CUST-06143,Medan,Individual
CUST-06144,Makassar,Individual
CUST-06145,Yogyakarta,Individual
CUST-06146,Surabaya,Individual
CUST-06147,Yogyakarta,nan
CUST-06148,Jakarta,nan
CUST-06149,Semarang,Corporate
CUST-06150,Makassar,Individual
CUST-06151,Surabaya,Individual
CUST-06152,Makassar,Individual
CUST-06153,Balikpapan,Individual
CUST-06154,Semarang,Corporate
CUST-06155,Balikpapan,Individual
CUST-06156,Balikpapan,Individual
CUST-06157,Semarang,Corporate
CUST-06158,Balikpapan,Individual
CUST-06159,Palembang,Corporate
CUST-06160,Medan,Individual
CUST-06161,Balikpapan,Individual
CUST-06162,Medan,nan
CUST-06163,Denpasar,Individual
CUST-06164,Yogyakarta,Corporate
CUST-06165,Makassar,nan
CUST-06166,Yogyakarta,nan
CUST-06167,Denpasar,nan
CUST-06168,Jakarta,Individual
CUST-06169,Semarang,Corporate
CUST-06170,Bandung,Individual
CUST-06171,Bandung,Corporate
CUST-06172,Denpasar,Corporate
CUST-06173,Denpasar,Individual
CUST-06174,Surabaya,Corporate
CUST-06175,Denpasar,Individual
CUST-06176,Jakarta,Corporate
CUST-06177,Semarang,nan
CUST-06178,Bandung,Individual
CUST-06179,Balikpapan,Individual
CUST-06180,Medan,Individual
CUST-06181,Medan,Corporate
CUST-06182,Jakarta,Individual
CUST-06183,Balikpapan,Individual
CUST-06184,Yogyakarta,Individual
CUST-06185,Surabaya,Individual
CUST-06186,Medan,Corporate
CUST-06187,Balikpapan,Individual
CUST-06188,Denpasar,Individual
CUST-06189,Palembang,Individual
CUST-06190,Yogyakarta,nan
CUST-06191,Bandung,Individual
CUST-06192,Makassar,Individual
CUST-06193,Balikpapan,nan
CUST-06194,Denpasar,Individual
CUST-06195,Surabaya,Individual
CUST-06196,Yogyakarta,Corporate
CUST-06197,Surabaya,Individual
CUST-06198,Jakarta,Individual
CUST-06199,Yogyakarta,Corporate
CUST-06200,Medan,Corporate
CUST-06201,Surabaya,Individual
CUST-06202,Jakarta,Individual
CUST-06203,Jakarta,nan
CUST-06204,Balikpapan,Corporate
CUST-06205,Bandung,nan
CUST-06206,Makassar,nan
CUST-06207,Jakarta,nan
CUST-06208,Makassar,Individual
CUST-06209,Medan,Individual
CUST-06210,Surabaya,nan
CUST-06211,Denpasar,Individual
CUST-06212,Denpasar,Individual
CUST-06213,Surabaya,Individual
CUST-06214,Medan,nan
CUST-06215,Balikpapan,Individual
CUST-06216,Palembang,Individual
CUST-06217,Yogyakarta,Individual
CUST-06218,Surabaya,Individual
CUST-06219,Denpasar,Individual
CUST-06220,Yogyakarta,Individual
CUST-06221,Medan,Corporate
CUST-06222,Makassar,Individual
CUST-06223,Bandung,Corporate
CUST-06224,Medan,nan
CUST-06225,Bandung,Corporate
CUST-06226,Palembang,nan
CUST-06227,Semarang,Corporate
CUST-06228,Balikpapan,Corporate
CUST-06229,Medan,Corporate
CUST-06230,Bandung,Individual
CUST-06231,Yogyakarta,Corporate
CUST-06232,Yogyakarta,Individual
CUST-06233,Balikpapan,nan
CUST-06234,Yogyakarta,Corporate
CUST-06235,Bandung,Individual
CUST-06236,Surabaya,Individual
CUST-06237,Denpasar,Individual
CUST-06238,Balikpapan,Corporate
CUST-06239,Denpasar,Individual
CUST-06240,Medan,Individual
CUST-06241,Medan,Individual
CUST-06242,Balikpapan,Individual
CUST-06243,Yogyakarta,Individual
CUST-06244,Jakarta,Corporate
CUST-06245,Balikpapan,Individual
CUST-06246,Palembang,Individual
CUST-06247,Jakarta,nan
CUST-06248,Palembang,Individual
CUST-06249,Jakarta,Corporate
CUST-06250,Semarang,nan
CUST-06251,Medan,Individual
CUST-06252,Semarang,nan
CUST-06253,Denpasar,Individual
CUST-06254,Bandung,Individual
CUST-06255,Palembang,Individual
CUST-06256,Semarang,Individual
CUST-06257,Bandung,Individual
CUST-06258,Yogyakarta,Individual
CUST-06259,Surabaya,nan
CUST-06260,Semarang,Individual
CUST-06261,Makassar,nan
CUST-06262,Makassar,Individual
CUST-06263,Makassar,nan
CUST-06264,Medan,Individual
CUST-06265,Makassar,Corporate
CUST-06266,Semarang,Individual
CUST-06267,Yogyakarta,Corporate
CUST-06268,Bandung,Corporate
CUST-06269,Balikpapan,Individual
CUST-06270,Makassar,Individual
CUST-06271,Medan,Corporate
CUST-06272,Jakarta,nan
CUST-06273,Palembang,Individual
CUST-06274,Medan,Corporate
CUST-06275,Balikpapan,Individual
CUST-06276,Denpasar,Individual
CUST-06277,Semarang,Corporate
CUST-06278,Denpasar,Corporate
CUST-06279,Surabaya,Individual
CUST-06280,Makassar,nan
CUST-06281,Balikpapan,Individual
CUST-06282,Denpasar,Individual
CUST-06283,Jakarta,Individual
CUST-06284,Surabaya,Individual
CUST-06285,Semarang,Individual
CUST-06286,Semarang,Individual
CUST-06287,Medan,Individual
CUST-06288,Palembang,Individual
CUST-06289,Bandung,Individual
CUST-06290,Palembang,Corporate
CUST-06291,Palembang,Individual
CUST-06292,Surabaya,Individual
CUST-06293,Yogyakarta,Individual
CUST-06294,Bandung,Individual
CUST-06295,Bandung,nan
CUST-06296,Bandung,Individual
CUST-06297,Makassar,Corporate
CUST-06298,Surabaya,Individual
CUST-06299,Palembang,Individual
CUST-06300,Palembang,nan
CUST-06301,Surabaya,Individual
CUST-06302,Yogyakarta,Corporate
CUST-06303,Yogyakarta,Individual
CUST-06304,Surabaya,Individual
CUST-06305,Semarang,Corporate
CUST-06306,Palembang,Individual
CUST-06307,Denpasar,Corporate
CUST-06308,Medan,Corporate
CUST-06309,Makassar,nan
CUST-06310,Makassar,Individual
CUST-06311,Semarang,Individual
CUST-06312,Makassar,Individual
CUST-06313,Jakarta,Corporate
CUST-06314,Yogyakarta,Individual
CUST-06315,Makassar,Individual
CUST-06316,Yogyakarta,Corporate
CUST-06317,Jakarta,Individual
CUST-06318,Makassar,Individual
CUST-06319,Jakarta,Corporate
CUST-06320,Jakarta,Individual
CUST-06321,Surabaya,Individual
CUST-06322,Bandung,nan
CUST-06323,Jakarta,Individual
CUST-06324,Medan,Individual
CUST-06325,Surabaya,Corporate
CUST-06326,Yogyakarta,Corporate
CUST-06327,Jakarta,nan
CUST-06328,Surabaya,Individual
CUST-06329,Jakarta,nan
CUST-06330,Surabaya,Individual
CUST-06331,Makassar,nan
CUST-06332,Semarang,Individual
CUST-06333,Balikpapan,Corporate
CUST-06334,Semarang,Individual
CUST-06335,Semarang,Individual
CUST-06336,Semarang,Individual
CUST-06337,Jakarta,Corporate
CUST-06338,Medan,Individual
CUST-06339,Makassar,Corporate
CUST-06340,Semarang,Individual
CUST-06341,Balikpapan,Corporate
CUST-06342,Jakarta,Individual
CUST-06343,Palembang,Corporate
CUST-06344,Semarang,Individual
CUST-06345,Balikpapan,Individual
CUST-06346,Medan,Individual
CUST-06347,Balikpapan,Corporate
CUST-06348,Makassar,Individual
CUST-06349,Medan,Individual
CUST-06350,Jakarta,nan
CUST-06351,Balikpapan,Corporate
CUST-06352,Palembang,Individual
CUST-06353,Jakarta,nan
CUST-06354,Palembang,Corporate
CUST-06355,Semarang,Individual
CUST-06356,Surabaya,Individual
CUST-06357,Surabaya,Individual
CUST-06358,Yogyakarta,Individual
CUST-06359,Jakarta,Individual
CUST-06360,Palembang,nan
CUST-06361,Palembang,Individual
CUST-06362,Palembang,Corporate
CUST-06363,Denpasar,Individual
CUST-06364,Denpasar,Individual
CUST-06365,Bandung,Individual
CUST-06366,Denpasar,Corporate
CUST-06367,Surabaya,Individual
CUST-06368,Medan,Individual
CUST-06369,Palembang,Corporate
CUST-06370,Balikpapan,nan
CUST-06371,Semarang,nan
CUST-06372,Jakarta,Individual
CUST-06373,Palembang,Corporate
CUST-06374,Bandung,Individual
CUST-06375,Bandung,Individual
CUST-06376,Surabaya,Corporate
CUST-06377,Bandung,Individual
CUST-06378,Balikpapan,Individual
CUST-06379,Balikpapan,Individual
CUST-06380,Balikpapan,Individual
CUST-06381,Palembang,Individual
CUST-06382,Palembang,Corporate
CUST-06383,Balikpapan,Individual
CUST-06384,Yogyakarta,Individual
CUST-06385,Medan,Individual
CUST-06386,Palembang,Corporate
CUST-06387,Medan,Individual
CUST-06388,Yogyakarta,Corporate
CUST-06389,Makassar,nan
CUST-06390,Denpasar,nan
CUST-06391,Bandung,Individual
CUST-06392,Balikpapan,Individual
CUST-06393,Surabaya,Individual
CUST-06394,Jakarta,Individual
CUST-06395,Jakarta,Individual
CUST-06396,Surabaya,Corporate
CUST-06397,Denpasar,nan
CUST-06398,Jakarta,Individual
CUST-06399,Bandung,nan
CUST-06400,Medan,Corporate
CUST-06401,Denpasar,Individual
CUST-06402,Surabaya,Individual
CUST-06403,Palembang,Individual
CUST-06404,Yogyakarta,Individual
CUST-06405,Balikpapan,Individual
CUST-06406,Denpasar,Corporate
CUST-06407,Makassar,Corporate
CUST-06408,Medan,Individual
CUST-06409,Jakarta,Individual
CUST-06410,Semarang,Individual
CUST-06411,Semarang,Corporate
CUST-06412,Yogyakarta,Individual
CUST-06413,Denpasar,nan
CUST-06414,Surabaya,nan
CUST-06415,Palembang,Corporate
CUST-06416,Surabaya,Corporate
CUST-06417,Denpasar,nan
CUST-06418,Jakarta,nan
CUST-06419,Medan,Individual
CUST-06420,Makassar,Corporate
CUST-06421,Balikpapan,Corporate
CUST-06422,Surabaya,Corporate
CUST-06423,Balikpapan,Individual
CUST-06424,Surabaya,Individual
CUST-06425,Medan,Individual
CUST-06426,Medan,Individual
CUST-06427,Surabaya,Individual
CUST-06428,Jakarta,Corporate
CUST-06429,Medan,nan
CUST-06430,Denpasar,Individual
CUST-06431,Yogyakarta,Individual
CUST-06432,Yogyakarta,Individual
CUST-06433,Bandung,Individual
CUST-06434,Makassar,Individual
CUST-06435,Makassar,Individual
CUST-06436,Makassar,Individual
CUST-06437,Medan,Corporate
CUST-06438,Palembang,Individual
CUST-06439,Denpasar,Corporate
CUST-06440,Jakarta,Corporate
CUST-06441,Surabaya,Individual
CUST-06442,Makassar,Individual
CUST-06443,Balikpapan,Corporate
CUST-06444,Makassar,Individual
CUST-06445,Surabaya,Corporate
CUST-06446,Semarang,Individual
CUST-06447,Palembang,Individual
CUST-06448,Yogyakarta,Corporate
CUST-06449,Surabaya,Individual
CUST-06450,Yogyakarta,Individual
CUST-06451,Jakarta,Individual
CUST-06452,Balikpapan,Individual
CUST-06453,Medan,Individual
CUST-06454,Bandung,Individual
CUST-06455,Bandung,Individual
CUST-06456,Jakarta,nan
CUST-06457,Semarang,Corporate
CUST-06458,Yogyakarta,Individual
CUST-06459,Yogyakarta,Individual
CUST-06460,Bandung,Individual
CUST-06461,Jakarta,nan
CUST-06462,Yogyakarta,Individual
CUST-06463,Yogyakarta,Corporate
CUST-06464,Balikpapan,Corporate
CUST-06465,Balikpapan,Corporate
CUST-06466,Semarang,nan
CUST-06467,Yogyakarta,Individual
CUST-06468,Jakarta,nan
CUST-06469,Makassar,nan
CUST-06470,Jakarta,Individual
CUST-06471,Bandung,Individual
CUST-06472,Semarang,nan
CUST-06473,Jakarta,Corporate
CUST-06474,Medan,Individual
CUST-06475,Palembang,Corporate
CUST-06476,Jakarta,Individual
CUST-06477,Surabaya,nan
CUST-06478,Bandung,nan
CUST-06479,Jakarta,Corporate
CUST-06480,Yogyakarta,Corporate
CUST-06481,Bandung,nan
CUST-06482,Medan,Individual
CUST-06483,Yogyakarta,Individual
CUST-06484,Bandung,Corporate
CUST-06485,Palembang,Individual
CUST-06486,Denpasar,nan
CUST-06487,Jakarta,Individual
CUST-06488,Balikpapan,Corporate
CUST-06489,Balikpapan,Individual
CUST-06490,Jakarta,Individual
CUST-06491,Bandung,nan
CUST-06492,Makassar,Individual
CUST-06493,Palembang,Individual
CUST-06494,Semarang,Individual
CUST-06495,Balikpapan,Individual
CUST-06496,Surabaya,Individual
CUST-06497,Semarang,Individual
CUST-06498,Surabaya,Individual
CUST-06499,Medan,Individual
CUST-06500,Medan,Corporate
CUST-06501,Yogyakarta,Individual
CUST-06502,Surabaya,nan
CUST-06503,Makassar,Corporate
CUST-06504,Semarang,Corporate
CUST-06505,Palembang,nan
CUST-06506,Semarang,Individual
CUST-06507,Yogyakarta,Individual
CUST-06508,Palembang,Corporate
CUST-06509,Medan,Individual
CUST-06510,Denpasar,Individual
CUST-06511,Yogyakarta,nan
CUST-06512,Palembang,Corporate
CUST-06513,Makassar,Corporate
CUST-06514,Denpasar,Individual
CUST-06515,Semarang,Individual
CUST-06516,Palembang,Individual
CUST-06517,Balikpapan,Corporate
CUST-06518,Makassar,Individual
CUST-06519,Semarang,nan
CUST-06520,Surabaya,Individual
CUST-06521,Makassar,nan
CUST-06522,Palembang,Individual
CUST-06523,Yogyakarta,nan
CUST-06524,Balikpapan,Corporate
CUST-06525,Denpasar,Corporate
CUST-06526,Surabaya,Corporate
CUST-06527,Bandung,nan
CUST-06528,Medan,Individual
CUST-06529,Surabaya,Individual
CUST-06530,Jakarta,Individual
CUST-06531,Makassar,nan
CUST-06532,Bandung,Individual
CUST-06533,Jakarta,Corporate
CUST-06534,Balikpapan,Individual
CUST-06535,Surabaya,Corporate
CUST-06536,Palembang,Corporate
CUST-06537,Semarang,nan
CUST-06538,Yogyakarta,Individual
CUST-06539,Palembang,Individual
CUST-06540,Semarang,Corporate
CUST-06541,Bandung,Individual
CUST-06542,Balikpapan,Individual
CUST-06543,Makassar,Corporate
CUST-06544,Medan,Individual
CUST-06545,Balikpapan,Corporate
CUST-06546,Balikpapan,Individual
CUST-06547,Jakarta,Individual
CUST-06548,Yogyakarta,nan
CUST-06549,Surabaya,Corporate
CUST-06550,Denpasar,Corporate
CUST-06551,Denpasar,Corporate
CUST-06552,Surabaya,Corporate
CUST-06553,Semarang,Individual
CUST-06554,Makassar,Corporate
CUST-06555,Medan,Individual
CUST-06556,Yogyakarta,Individual
CUST-06557,Balikpapan,Corporate
CUST-06558,Bandung,Individual
CUST-06559,Balikpapan,nan
CUST-06560,Denpasar,Corporate
CUST-06561,Yogyakarta,nan
CUST-06562,Bandung,nan
CUST-06563,Semarang,Individual
CUST-06564,Medan,Individual
CUST-06565,Denpasar,Corporate
CUST-06566,Surabaya,Individual
CUST-06567,Balikpapan,nan
CUST-06568,Jakarta,Corporate
CUST-06569,Makassar,nan
CUST-06570,Yogyakarta,Corporate
CUST-06571,Semarang,Corporate
CUST-06572,Bandung,Individual
CUST-06573,Palembang,Corporate
CUST-06574,Denpasar,Individual
CUST-06575,Jakarta,Individual
CUST-06576,Bandung,Individual
CUST-06577,Denpasar,Individual
CUST-06578,Jakarta,Individual
CUST-06579,Jakarta,nan
CUST-06580,Balikpapan,Corporate
CUST-06581,Yogyakarta,nan
CUST-06582,Surabaya,nan
CUST-06583,Medan,Corporate
CUST-06584,Denpasar,Individual
CUST-06585,Yogyakarta,Individual
CUST-06586,Makassar,Corporate
CUST-06587,Denpasar,Individual
CUST-06588,Medan,Corporate
CUST-06589,Surabaya,Individual
CUST-06590,Balikpapan,Corporate
CUST-06591,Semarang,nan
CUST-06592,Makassar,Individual
CUST-06593,Denpasar,Individual
CUST-06594,Jakarta,Individual
CUST-06595,Denpasar,Individual
CUST-06596,Surabaya,Corporate
CUST-06597,Denpasar,nan
CUST-06598,Bandung,nan
CUST-06599,Makassar,Individual
CUST-06600,Surabaya,Corporate
CUST-06601,Makassar,Corporate
CUST-06602,Makassar,Individual
CUST-06603,Denpasar,Individual
CUST-06604,Makassar,Individual
CUST-06605,Jakarta,Individual
CUST-06606,Balikpapan,nan
CUST-06607,Denpasar,Individual
CUST-06608,Semarang,nan
CUST-06609,Jakarta,Individual
CUST-06610,Denpasar,Corporate
CUST-06611,Makassar,Individual
CUST-06612,Makassar,Individual
CUST-06613,Bandung,Individual
CUST-06614,Surabaya,Corporate
CUST-06615,Jakarta,Individual
CUST-06616,Surabaya,Individual
CUST-06617,Semarang,Individual
CUST-06618,Palembang,nan
CUST-06619,Yogyakarta,Individual
CUST-06620,Semarang,Individual
CUST-06621,Yogyakarta,Individual
CUST-06622,Palembang,Corporate
CUST-06623,Palembang,Corporate
CUST-06624,Denpasar,Individual
CUST-06625,Semarang,Individual
CUST-06626,Surabaya,Individual
CUST-06627,Jakarta,Individual
CUST-06628,Palembang,Individual
CUST-06629,Surabaya,Individual
CUST-06630,Makassar,Individual
CUST-06631,Makassar,Corporate
CUST-06632,Yogyakarta,Individual
CUST-06633,Balikpapan,Individual
CUST-06634,Surabaya,Individual
CUST-06635,Bandung,Corporate
CUST-06636,Surabaya,Individual
CUST-06637,Makassar,Individual
CUST-06638,Medan,Individual
CUST-06639,Palembang,Corporate
CUST-06640,Medan,Individual
CUST-06641,Jakarta,Individual
CUST-06642,Denpasar,Individual
CUST-06643,Jakarta,Individual
CUST-06644,Yogyakarta,nan
CUST-06645,Yogyakarta,Corporate
CUST-06646,Surabaya,Individual
CUST-06647,Yogyakarta,Corporate
CUST-06648,Palembang,Corporate
CUST-06649,Makassar,Corporate
CUST-06650,Bandung,Individual
CUST-06651,Yogyakarta,Individual
CUST-06652,Semarang,nan
CUST-06653,Makassar,Corporate
CUST-06654,Semarang,Individual
CUST-06655,Yogyakarta,Individual
CUST-06656,Surabaya,Corporate
CUST-06657,Jakarta,Individual
CUST-06658,Medan,Individual
CUST-06659,Jakarta,Corporate
CUST-06660,Palembang,Individual
CUST-06661,Makassar,Individual
CUST-06662,Yogyakarta,Individual
CUST-06663,Balikpapan,Individual
CUST-06664,Medan,nan
CUST-06665,Surabaya,nan
CUST-06666,Surabaya,nan
CUST-06667,Surabaya,nan
CUST-06668,Denpasar,nan
CUST-06669,Balikpapan,Individual
CUST-06670,Medan,Individual
CUST-06671,Balikpapan,Corporate
CUST-06672,Surabaya,Individual
CUST-06673,Denpasar,Corporate
CUST-06674,Jakarta,Corporate
CUST-06675,Palembang,Corporate
CUST-06676,Jakarta,nan
CUST-06677,Bandung,nan
CUST-06678,Balikpapan,Individual
CUST-06679,Makassar,Individual
CUST-06680,Semarang,nan
CUST-06681,Surabaya,nan
CUST-06682,Medan,Individual
CUST-06683,Palembang,Corporate
CUST-06684,Balikpapan,Individual
CUST-06685,Makassar,Individual
CUST-06686,Palembang,Individual
CUST-06687,Balikpapan,Corporate
CUST-06688,Palembang,Individual
CUST-06689,Yogyakarta,Individual
CUST-06690,Surabaya,Individual
CUST-06691,Bandung,nan
CUST-06692,Denpasar,Corporate
CUST-06693,Palembang,nan
CUST-06694,Denpasar,Individual
CUST-06695,Medan,nan
CUST-06696,Makassar,Corporate
CUST-06697,Yogyakarta,Individual
CUST-06698,Makassar,nan
CUST-06699,Surabaya,Individual
CUST-06700,Denpasar,Individual
CUST-06701,Balikpapan,Corporate
CUST-06702,Denpasar,Corporate
CUST-06703,Surabaya,nan
CUST-06704,Palembang,Corporate
CUST-06705,Denpasar,Individual
CUST-06706,Bandung,Individual
CUST-06707,Semarang,Individual
CUST-06708,Yogyakarta,nan
CUST-06709,Jakarta,Individual
CUST-06710,Semarang,Individual
CUST-06711,Yogyakarta,Individual
CUST-06712,Bandung,nan
CUST-06713,Medan,Corporate
CUST-06714,Bandung,Corporate
CUST-06715,Balikpapan,Corporate
CUST-06716,Palembang,Individual
CUST-06717,Balikpapan,Individual
CUST-06718,Makassar,Individual
CUST-06719,Surabaya,Individual
CUST-06720,Medan,Individual
CUST-06721,Bandung,Corporate
CUST-06722,Palembang,Individual
CUST-06723,Medan,nan
CUST-06724,Jakarta,Corporate
CUST-06725,Yogyakarta,Individual
CUST-06726,Jakarta,Individual
CUST-06727,Jakarta,nan
CUST-06728,Medan,nan
CUST-06729,Makassar,Individual
CUST-06730,Denpasar,Individual
CUST-06731,Yogyakarta,Individual
CUST-06732,Medan,Individual
CUST-06733,Surabaya,Individual
CUST-06734,Balikpapan,nan
CUST-06735,Semarang,Corporate
CUST-06736,Bandung,Individual
CUST-06737,Palembang,Individual
CUST-06738,Makassar,Corporate
CUST-06739,Medan,Individual
CUST-06740,Medan,nan
CUST-06741,Bandung,Individual
CUST-06742,Semarang,Individual
CUST-06743,Balikpapan,nan
CUST-06744,Makassar,Individual
CUST-06745,Makassar,Corporate
CUST-06746,Denpasar,Corporate
CUST-06747,Medan,Individual
CUST-06748,Bandung,nan
CUST-06749,Denpasar,Individual
CUST-06750,Surabaya,Corporate
CUST-06751,Palembang,Individual
CUST-06752,Jakarta,Individual
CUST-06753,Balikpapan,Individual
CUST-06754,Bandung,Individual
CUST-06755,Palembang,Individual
CUST-06756,Jakarta,Individual
CUST-06757,Yogyakarta,nan
CUST-06758,Surabaya,nan
CUST-06759,Medan,Individual
CUST-06760,Jakarta,Individual
CUST-06761,Denpasar,Individual
CUST-06762,Yogyakarta,Corporate
CUST-06763,Makassar,Individual
CUST-06764,Bandung,Corporate
CUST-06765,Palembang,nan
CUST-06766,Makassar,Corporate
CUST-06767,Denpasar,Corporate
CUST-06768,Surabaya,Individual
CUST-06769,Surabaya,nan
CUST-06770,Makassar,Individual
CUST-06771,Semarang,Individual
CUST-06772,Makassar,Individual
CUST-06773,Yogyakarta,Corporate
CUST-06774,Yogyakarta,Individual
CUST-06775,Yogyakarta,Individual
CUST-06776,Balikpapan,Corporate
CUST-06777,Surabaya,Individual
CUST-06778,Denpasar,Corporate
CUST-06779,Palembang,Individual
CUST-06780,Yogyakarta,Corporate
CUST-06781,Makassar,Corporate
CUST-06782,Balikpapan,nan
CUST-06783,Medan,Corporate
CUST-06784,Palembang,Individual
CUST-06785,Balikpapan,Individual
CUST-06786,Palembang,Individual
CUST-06787,Medan,Individual
CUST-06788,Denpasar,Individual
CUST-06789,Palembang,Corporate
CUST-06790,Bandung,Individual
CUST-06791,Makassar,Individual
CUST-06792,Palembang,Corporate
CUST-06793,Jakarta,Individual
CUST-06794,Yogyakarta,Corporate
CUST-06795,Makassar,Individual
CUST-06796,Bandung,Corporate
CUST-06797,Semarang,Individual
CUST-06798,Palembang,Individual
CUST-06799,Denpasar,Corporate
CUST-06800,Makassar,Individual
CUST-06801,Palembang,Corporate
CUST-06802,Jakarta,Corporate
CUST-06803,Balikpapan,Individual
CUST-06804,Denpasar,nan
CUST-06805,Yogyakarta,Individual
CUST-06806,Surabaya,Individual
CUST-06807,Makassar,Individual
CUST-06808,Jakarta,Individual
CUST-06809,Balikpapan,Individual
CUST-06810,Bandung,Individual
CUST-06811,Makassar,Individual
CUST-06812,Jakarta,Individual
CUST-06813,Surabaya,nan
CUST-06814,Denpasar,Individual
CUST-06815,Bandung,Individual
CUST-06816,Medan,nan
CUST-06817,Surabaya,Corporate
CUST-06818,Balikpapan,Individual
CUST-06819,Surabaya,Corporate
CUST-06820,Balikpapan,nan
CUST-06821,Denpasar,nan
CUST-06822,Denpasar,Corporate
CUST-06823,Denpasar,Individual
CUST-06824,Semarang,Individual
CUST-06825,Surabaya,Individual
CUST-06826,Yogyakarta,Individual
CUST-06827,Jakarta,Individual
CUST-06828,Makassar,Individual
CUST-06829,Bandung,Individual
CUST-06830,Surabaya,Individual
CUST-06831,Medan,Corporate
CUST-06832,Medan,nan
CUST-06833,Yogyakarta,Individual
CUST-06834,Bandung,Individual
CUST-06835,Semarang,nan
CUST-06836,Medan,Corporate
CUST-06837,Palembang,Individual
CUST-06838,Balikpapan,Individual
CUST-06839,Makassar,Corporate
CUST-06840,Semarang,Individual
CUST-06841,Semarang,Individual
CUST-06842,Surabaya,Individual
CUST-06843,Denpasar,Individual
CUST-06844,Surabaya,Corporate
CUST-06845,Semarang,Individual
CUST-06846,Bandung,Individual
CUST-06847,Bandung,nan
CUST-06848,Medan,Individual
CUST-06849,Surabaya,Individual
CUST-06850,Semarang,Individual
CUST-06851,Bandung,Individual
CUST-06852,Makassar,Corporate
CUST-06853,Palembang,Individual
CUST-06854,Semarang,Individual
CUST-06855,Yogyakarta,Individual
CUST-06856,Jakarta,Corporate
CUST-06857,Surabaya,nan
CUST-06858,Semarang,Individual
CUST-06859,Jakarta,Individual
CUST-06860,Semarang,nan
CUST-06861,Palembang,nan
CUST-06862,Balikpapan,Corporate
CUST-06863,Yogyakarta,Individual
CUST-06864,Semarang,Corporate
CUST-06865,Palembang,Individual
CUST-06866,Medan,Individual
CUST-06867,Semarang,Individual
CUST-06868,Denpasar,Individual
CUST-06869,Jakarta,nan
CUST-06870,Surabaya,nan
CUST-06871,Yogyakarta,Individual
CUST-06872,Yogyakarta,Individual
CUST-06873,Surabaya,Individual
CUST-06874,Denpasar,Individual
CUST-06875,Medan,Corporate
CUST-06876,Denpasar,Individual
CUST-06877,Surabaya,Individual
CUST-06878,Denpasar,Corporate
CUST-06879,Surabaya,nan
CUST-06880,Balikpapan,Individual
CUST-06881,Makassar,Individual
CUST-06882,Denpasar,Individual
CUST-06883,Palembang,Corporate
CUST-06884,Surabaya,Individual
CUST-06885,Balikpapan,Individual
CUST-06886,Surabaya,nan
CUST-06887,Jakarta,Individual
CUST-06888,Surabaya,Corporate
CUST-06889,Jakarta,Individual
CUST-06890,Surabaya,nan
CUST-06891,Jakarta,Individual
CUST-06892,Jakarta,Individual
CUST-06893,Makassar,Individual
CUST-06894,Semarang,Individual
CUST-06895,Balikpapan,Individual
CUST-06896,Makassar,Corporate
CUST-06897,Balikpapan,Individual
CUST-06898,Denpasar,Individual
CUST-06899,Bandung,Individual
CUST-06900,Jakarta,Individual
CUST-06901,Yogyakarta,Individual
CUST-06902,Yogyakarta,Individual
CUST-06903,Balikpapan,Individual
CUST-06904,Palembang,Corporate
CUST-06905,Balikpapan,Corporate
CUST-06906,Denpasar,Individual
CUST-06907,Balikpapan,nan
CUST-06908,Bandung,Individual
CUST-06909,Surabaya,Corporate
CUST-06910,Denpasar,Corporate
CUST-06911,Yogyakarta,Individual
CUST-06912,Makassar,Individual
CUST-06913,Medan,Individual
CUST-06914,Denpasar,Individual
CUST-06915,Palembang,Individual
CUST-06916,Bandung,Corporate
CUST-06917,Makassar,Corporate
CUST-06918,Makassar,nan
CUST-06919,Bandung,Corporate
CUST-06920,Yogyakarta,nan
CUST-06921,Makassar,Corporate
CUST-06922,Denpasar,Individual
CUST-06923,Bandung,Corporate
CUST-06924,Balikpapan,Individual
CUST-06925,Bandung,nan
CUST-06926,Makassar,Individual
CUST-06927,Makassar,Individual
CUST-06928,Jakarta,Individual
CUST-06929,Balikpapan,Individual
CUST-06930,Surabaya,Individual
CUST-06931,Bandung,Individual
CUST-06932,Surabaya,Individual
CUST-06933,Balikpapan,Individual
CUST-06934,Balikpapan,Individual
CUST-06935,Makassar,nan
CUST-06936,Medan,Individual
CUST-06937,Makassar,nan
CUST-06938,Denpasar,nan
CUST-06939,Bandung,nan
CUST-06940,Palembang,Corporate
CUST-06941,Makassar,Corporate
CUST-06942,Yogyakarta,Corporate
CUST-06943,Makassar,nan
CUST-06944,Semarang,Individual
CUST-06945,Palembang,Corporate
CUST-06946,Surabaya,Individual
CUST-06947,Palembang,Individual
CUST-06948,Denpasar,nan
CUST-06949,Makassar,Individual
CUST-06950,Semarang,Individual
CUST-06951,Medan,Corporate
CUST-06952,Balikpapan,Individual
CUST-06953,Bandung,Corporate
CUST-06954,Medan,Corporate
CUST-06955,Surabaya,nan
CUST-06956,Jakarta,Corporate
CUST-06957,Jakarta,Corporate
CUST-06958,Balikpapan,Corporate
CUST-06959,Balikpapan,Individual
CUST-06960,Balikpapan,nan
CUST-06961,Semarang,nan
CUST-06962,Bandung,Individual
CUST-06963,Makassar,Individual
CUST-06964,Surabaya,Individual
CUST-06965,Yogyakarta,Corporate
CUST-06966,Balikpapan,Corporate
CUST-06967,Denpasar,nan
CUST-06968,Surabaya,Individual
CUST-06969,Jakarta,Corporate
CUST-06970,Denpasar,Individual
CUST-06971,Bandung,nan
CUST-06972,Palembang,Individual
CUST-06973,Semarang,Corporate
CUST-06974,Surabaya,Individual
CUST-06975,Jakarta,Individual
CUST-06976,Bandung,Individual
CUST-06977,Jakarta,Individual
CUST-06978,Palembang,Individual
CUST-06979,Yogyakarta,Individual
CUST-06980,Surabaya,Corporate
CUST-06981,Yogyakarta,Individual
CUST-06982,Semarang,Corporate
CUST-06983,Makassar,Individual
CUST-06984,Semarang,Individual
CUST-06985,Bandung,Individual
CUST-06986,Semarang,Individual
CUST-06987,Semarang,Corporate
CUST-06988,Bandung,Corporate
CUST-06989,Bandung,Individual
CUST-06990,Jakarta,Corporate
CUST-06991,Medan,nan
CUST-06992,Jakarta,Individual
CUST-06993,Jakarta,Corporate
CUST-06994,Jakarta,Individual
CUST-06995,Denpasar,Individual
CUST-06996,Jakarta,Individual
CUST-06997,Surabaya,Individual
CUST-06998,Jakarta,Individual
CUST-06999,Bandung,nan
CUST-07000,Makassar,Corporate
CUST-07001,Balikpapan,Individual
CUST-07002,Balikpapan,nan
CUST-07003,Surabaya,nan
CUST-07004,Palembang,Corporate
CUST-07005,Medan,Corporate
CUST-07006,Denpasar,Individual
CUST-07007,Bandung,Corporate
CUST-07008,Makassar,Corporate
CUST-07009,Yogyakarta,Individual
CUST-07010,Semarang,Individual
CUST-07011,Makassar,nan
CUST-07012,Surabaya,Individual
CUST-07013,Yogyakarta,Individual
CUST-07014,Denpasar,nan
CUST-07015,Medan,Individual
CUST-07016,Medan,Individual
CUST-07017,Yogyakarta,nan
CUST-07018,Yogyakarta,Corporate
CUST-07019,Denpasar,Corporate
CUST-07020,Makassar,Corporate
CUST-07021,Yogyakarta,Corporate
CUST-07022,Surabaya,Individual
CUST-07023,Semarang,Individual
CUST-07024,Jakarta,Individual
CUST-07025,Palembang,Individual
CUST-07026,Palembang,Corporate
CUST-07027,Denpasar,nan
CUST-07028,Palembang,Individual
CUST-07029,Medan,Corporate
CUST-07030,Denpasar,Individual
CUST-07031,Balikpapan,Individual
CUST-07032,Denpasar,Individual
CUST-07033,Palembang,Individual
CUST-07034,Balikpapan,Individual
CUST-07035,Palembang,Individual
CUST-07036,Yogyakarta,Individual
CUST-07037,Palembang,nan
CUST-07038,Balikpapan,nan
CUST-07039,Yogyakarta,Individual
CUST-07040,Bandung,Corporate
CUST-07041,Makassar,Individual
CUST-07042,Balikpapan,Individual
CUST-07043,Bandung,Individual
CUST-07044,Makassar,Corporate
CUST-07045,Balikpapan,Corporate
CUST-07046,Balikpapan,Corporate
CUST-07047,Semarang,Corporate
CUST-07048,Semarang,Corporate
CUST-07049,Balikpapan,Corporate
CUST-07050,Jakarta,Individual
CUST-07051,Bandung,Individual
CUST-07052,Balikpapan,Individual
CUST-07053,Yogyakarta,Corporate
CUST-07054,Semarang,Individual
CUST-07055,Denpasar,Individual
CUST-07056,Palembang,Individual
CUST-07057,Medan,Individual
CUST-07058,Yogyakarta,Individual
CUST-07059,Bandung,Individual
CUST-07060,Semarang,Individual
CUST-07061,Bandung,Corporate
CUST-07062,Bandung,nan
CUST-07063,Balikpapan,Individual
CUST-07064,Medan,nan
CUST-07065,Surabaya,Individual
CUST-07066,Surabaya,Individual
CUST-07067,Balikpapan,Individual
CUST-07068,Yogyakarta,Individual
CUST-07069,Makassar,Corporate
CUST-07070,Palembang,Individual
CUST-07071,Semarang,Corporate
CUST-07072,Bandung,Individual
CUST-07073,Denpasar,Corporate
CUST-07074,Medan,Individual
CUST-07075,Semarang,Corporate
CUST-07076,Balikpapan,Corporate
CUST-07077,Bandung,Corporate
CUST-07078,Denpasar,Individual
CUST-07079,Bandung,Corporate
CUST-07080,Yogyakarta,Individual
CUST-07081,Semarang,nan
CUST-07082,Denpasar,Individual
CUST-07083,Bandung,Corporate
CUST-07084,Medan,Individual
CUST-07085,Denpasar,Corporate
CUST-07086,Balikpapan,Individual
CUST-07087,Bandung,Individual
CUST-07088,Yogyakarta,Corporate
CUST-07089,Makassar,Individual
CUST-07090,Denpasar,Individual
CUST-07091,Balikpapan,Individual
CUST-07092,Palembang,Individual
CUST-07093,Makassar,Individual
CUST-07094,Semarang,Individual
CUST-07095,Balikpapan,Corporate
CUST-07096,Semarang,nan
CUST-07097,Palembang,Individual
CUST-07098,Denpasar,Individual
CUST-07099,Bandung,Corporate
CUST-07100,Jakarta,Individual
CUST-07101,Makassar,Individual
CUST-07102,Surabaya,Individual
CUST-07103,Balikpapan,Corporate
CUST-07104,Balikpapan,Individual
CUST-07105,Medan,Individual
CUST-07106,Palembang,Individual
CUST-07107,Bandung,Individual
CUST-07108,Jakarta,Corporate
CUST-07109,Bandung,Individual
CUST-07110,Jakarta,Corporate
CUST-07111,Balikpapan,nan
CUST-07112,Palembang,Individual
CUST-07113,Semarang,Individual
CUST-07114,Balikpapan,Corporate
CUST-07115,Palembang,nan
CUST-07116,Bandung,nan
CUST-07117,Yogyakarta,Individual
CUST-07118,Makassar,Individual
CUST-07119,Surabaya,Individual
CUST-07120,Palembang,Individual
CUST-07121,Makassar,Individual
CUST-07122,Semarang,Individual
CUST-07123,Bandung,Individual
CUST-07124,Yogyakarta,nan
CUST-07125,Balikpapan,Corporate
CUST-07126,Semarang,Individual
CUST-07127,Yogyakarta,nan
CUST-07128,Semarang,Individual
CUST-07129,Balikpapan,Corporate
CUST-07130,Palembang,Individual
CUST-07131,Surabaya,Individual
CUST-07132,Medan,Individual
CUST-07133,Balikpapan,Corporate
CUST-07134,Denpasar,Individual
CUST-07135,Yogyakarta,nan
CUST-07136,Surabaya,Individual
CUST-07137,Palembang,nan
CUST-07138,Balikpapan,Individual
CUST-07139,Yogyakarta,Corporate
CUST-07140,Medan,Corporate
CUST-07141,Palembang,Individual
CUST-07142,Semarang,Individual
CUST-07143,Denpasar,nan
CUST-07144,Semarang,Individual
CUST-07145,Balikpapan,Individual
CUST-07146,Makassar,Individual
CUST-07147,Semarang,Individual
CUST-07148,Bandung,Corporate
CUST-07149,Jakarta,nan
CUST-07150,Medan,Corporate
CUST-07151,Denpasar,Individual
CUST-07152,Semarang,Corporate
CUST-07153,Makassar,Corporate
CUST-07154,Semarang,nan
CUST-07155,Yogyakarta,Individual
CUST-07156,Palembang,Individual
CUST-07157,Balikpapan,Individual
CUST-07158,Semarang,Individual
CUST-07159,Jakarta,Corporate
CUST-07160,Medan,Individual
CUST-07161,Bandung,Corporate
CUST-07162,Balikpapan,Individual
CUST-07163,Balikpapan,Individual
CUST-07164,Jakarta,Individual
CUST-07165,Balikpapan,Individual
CUST-07166,Balikpapan,Individual
CUST-07167,Palembang,Individual
CUST-07168,Makassar,Individual
CUST-07169,Balikpapan,Corporate
CUST-07170,Medan,nan
CUST-07171,Denpasar,Individual
CUST-07172,Balikpapan,Individual
CUST-07173,Surabaya,Individual
CUST-07174,Jakarta,Individual
CUST-07175,Makassar,Individual
CUST-07176,Denpasar,Corporate
CUST-07177,Bandung,Individual
CUST-07178,Semarang,Individual
CUST-07179,Semarang,Corporate
CUST-07180,Surabaya,Corporate
CUST-07181,Jakarta,Individual
CUST-07182,Jakarta,Corporate
CUST-07183,Balikpapan,Individual
CUST-07184,Palembang,Individual
CUST-07185,Yogyakarta,Individual
CUST-07186,Bandung,Corporate
CUST-07187,Surabaya,Individual
CUST-07188,Denpasar,Individual
CUST-07189,Bandung,Individual
CUST-07190,Denpasar,Individual
CUST-07191,Jakarta,nan
CUST-07192,Palembang,Corporate
CUST-07193,Palembang,Individual
CUST-07194,Surabaya,Individual
CUST-07195,Bandung,Individual
CUST-07196,Bandung,Corporate
CUST-07197,Yogyakarta,Individual
CUST-07198,Balikpapan,Individual
CUST-07199,Balikpapan,Individual
CUST-07200,Yogyakarta,Individual
CUST-07201,Bandung,nan
CUST-07202,Bandung,Corporate
CUST-07203,Yogyakarta,Corporate
CUST-07204,Denpasar,Corporate
CUST-07205,Palembang,Corporate
CUST-07206,Semarang,Individual
CUST-07207,Denpasar,nan
CUST-07208,Denpasar,Individual
CUST-07209,Balikpapan,nan
CUST-07210,Medan,Individual
CUST-07211,Semarang,Individual
CUST-07212,Balikpapan,Individual
CUST-07213,Palembang,Individual
CUST-07214,Denpasar,Individual
CUST-07215,Denpasar,Individual
CUST-07216,Denpasar,Individual
CUST-07217,Surabaya,Individual
CUST-07218,Medan,Individual
CUST-07219,Surabaya,Corporate
CUST-07220,Medan,Corporate
CUST-07221,Surabaya,Corporate
CUST-07222,Palembang,Individual
CUST-07223,Medan,Corporate
CUST-07224,Surabaya,Individual
CUST-07225,Denpasar,Individual
CUST-07226,Jakarta,Corporate
CUST-07227,Yogyakarta,Individual
CUST-07228,Bandung,nan
CUST-07229,Yogyakarta,Individual
CUST-07230,Bandung,Corporate
CUST-07231,Semarang,Individual
CUST-07232,Semarang,Individual
CUST-07233,Surabaya,Corporate
CUST-07234,Denpasar,Individual
CUST-07235,Denpasar,Corporate
CUST-07236,Jakarta,Corporate
CUST-07237,Bandung,Individual
CUST-07238,Jakarta,Corporate
CUST-07239,Denpasar,Corporate
CUST-07240,Makassar,Individual
CUST-07241,Bandung,Individual
CUST-07242,Jakarta,Individual
CUST-07243,Jakarta,Individual
CUST-07244,Denpasar,Individual
CUST-07245,Balikpapan,Individual
CUST-07246,Surabaya,Individual
CUST-07247,Jakarta,Individual
CUST-07248,Medan,Individual
CUST-07249,Surabaya,Individual
CUST-07250,Surabaya,Corporate
CUST-07251,Jakarta,Individual
CUST-07252,Jakarta,Corporate
CUST-07253,Palembang,Individual
CUST-07254,Bandung,Individual
CUST-07255,Jakarta,Individual
CUST-07256,Balikpapan,nan
CUST-07257,Balikpapan,nan
CUST-07258,Semarang,Individual
CUST-07259,Jakarta,Corporate
CUST-07260,Surabaya,Individual
CUST-07261,Yogyakarta,Corporate
CUST-07262,Makassar,Corporate
CUST-07263,Palembang,Individual
CUST-07264,Denpasar,Individual
CUST-07265,Bandung,Corporate
CUST-07266,Medan,Individual
CUST-07267,Medan,Individual
CUST-07268,Bandung,Individual
CUST-07269,Makassar,Individual
CUST-07270,Palembang,Individual
CUST-07271,Denpasar,nan
CUST-07272,Yogyakarta,nan
CUST-07273,Palembang,Individual
CUST-07274,Balikpapan,Individual
CUST-07275,Jakarta,nan
CUST-07276,Medan,Individual
CUST-07277,Denpasar,Individual
CUST-07278,Yogyakarta,Individual
CUST-07279,Semarang,Individual
CUST-07280,Semarang,Individual
CUST-07281,Denpasar,Individual
CUST-07282,Yogyakarta,Individual
CUST-07283,Palembang,Corporate
CUST-07284,Balikpapan,Individual
CUST-07285,Balikpapan,Individual
CUST-07286,Balikpapan,Individual
CUST-07287,Yogyakarta,Individual
CUST-07288,Balikpapan,nan
CUST-07289,Jakarta,Individual
CUST-07290,Palembang,Individual
CUST-07291,Balikpapan,Individual
CUST-07292,Yogyakarta,nan
CUST-07293,Surabaya,Individual
CUST-07294,Surabaya,Individual
CUST-07295,Semarang,Individual
CUST-07296,Yogyakarta,Individual
CUST-07297,Medan,Individual
CUST-07298,Jakarta,Individual
CUST-07299,Medan,Individual
CUST-07300,Palembang,Individual
CUST-07301,Yogyakarta,Corporate
CUST-07302,Balikpapan,Corporate
CUST-07303,Palembang,Individual
CUST-07304,Surabaya,Individual
CUST-07305,Balikpapan,Individual
CUST-07306,Semarang,Corporate
CUST-07307,Bandung,Individual
CUST-07308,Semarang,Corporate
CUST-07309,Yogyakarta,nan
CUST-07310,Makassar,Corporate
CUST-07311,Palembang,Individual
CUST-07312,Surabaya,nan
CUST-07313,Palembang,Individual
CUST-07314,Palembang,Individual
CUST-07315,Yogyakarta,Individual
CUST-07316,Balikpapan,Individual
CUST-07317,Denpasar,Individual
CUST-07318,Semarang,Corporate
CUST-07319,Balikpapan,Individual
CUST-07320,Medan,Individual
CUST-07321,Bandung,Corporate
CUST-07322,Balikpapan,Individual
CUST-07323,Palembang,Individual
CUST-07324,Medan,Individual
CUST-07325,Bandung,nan
CUST-07326,Surabaya,nan
CUST-07327,Semarang,Corporate
CUST-07328,Yogyakarta,nan
CUST-07329,Semarang,Individual
CUST-07330,Balikpapan,nan
CUST-07331,Semarang,nan
CUST-07332,Surabaya,Corporate
CUST-07333,Medan,Corporate
CUST-07334,Surabaya,Individual
CUST-07335,Balikpapan,nan
CUST-07336,Denpasar,nan
CUST-07337,Palembang,Corporate
CUST-07338,Yogyakarta,Individual
CUST-07339,Medan,Corporate
CUST-07340,Medan,Individual
CUST-07341,Makassar,Individual
CUST-07342,Makassar,Individual
CUST-07343,Makassar,Corporate
CUST-07344,Balikpapan,Individual
CUST-07345,Jakarta,nan
CUST-07346,Yogyakarta,Individual
CUST-07347,Denpasar,Corporate
CUST-07348,Bandung,Individual
CUST-07349,Balikpapan,Individual
CUST-07350,Balikpapan,Corporate
CUST-07351,Palembang,nan
CUST-07352,Yogyakarta,Corporate
CUST-07353,Surabaya,Individual
CUST-07354,Balikpapan,Corporate
CUST-07355,Balikpapan,nan
CUST-07356,Bandung,nan
CUST-07357,Denpasar,nan
CUST-07358,Makassar,nan
CUST-07359,Bandung,Individual
CUST-07360,Semarang,Individual
CUST-07361,Denpasar,Individual
CUST-07362,Balikpapan,nan
CUST-07363,Makassar,Individual
CUST-07364,Surabaya,Individual
CUST-07365,Bandung,Corporate
CUST-07366,Semarang,Individual
CUST-07367,Balikpapan,Individual
CUST-07368,Yogyakarta,nan
CUST-07369,Semarang,Corporate
CUST-07370,Makassar,Individual
CUST-07371,Balikpapan,Individual
CUST-07372,Yogyakarta,Individual
CUST-07373,Balikpapan,nan
CUST-07374,Denpasar,Individual
CUST-07375,Jakarta,Corporate
CUST-07376,Jakarta,Corporate
CUST-07377,Yogyakarta,Individual
CUST-07378,Palembang,Individual
CUST-07379,Bandung,Individual
CUST-07380,Makassar,Corporate
CUST-07381,Bandung,Individual
CUST-07382,Denpasar,Individual
CUST-07383,Jakarta,nan
CUST-07384,Makassar,Corporate
CUST-07385,Yogyakarta,Individual
CUST-07386,Palembang,Individual
CUST-07387,Balikpapan,Individual
CUST-07388,Medan,Individual
CUST-07389,Jakarta,nan
CUST-07390,Bandung,Individual
CUST-07391,Medan,Individual
CUST-07392,Medan,Individual
CUST-07393,Surabaya,Individual
CUST-07394,Makassar,nan
CUST-07395,Medan,Corporate
CUST-07396,Yogyakarta,Corporate
CUST-07397,Denpasar,Individual
CUST-07398,Balikpapan,Corporate
CUST-07399,Denpasar,Corporate
CUST-07400,Semarang,Individual
CUST-07401,Bandung,Corporate
CUST-07402,Bandung,nan
CUST-07403,Medan,nan
CUST-07404,Jakarta,Individual
CUST-07405,Bandung,Corporate
CUST-07406,Makassar,Individual
CUST-07407,Bandung,Individual
CUST-07408,Bandung,Individual
CUST-07409,Yogyakarta,Corporate
CUST-07410,Medan,Individual
CUST-07411,Medan,nan
CUST-07412,Bandung,nan
CUST-07413,Jakarta,Individual
CUST-07414,Surabaya,Individual
CUST-07415,Semarang,Individual
CUST-07416,Makassar,Individual
CUST-07417,Surabaya,Individual
CUST-07418,Surabaya,Corporate
CUST-07419,Semarang,Individual
CUST-07420,Denpasar,Individual
CUST-07421,Makassar,Corporate
CUST-07422,Semarang,Individual
CUST-07423,Bandung,Corporate
CUST-07424,Medan,Corporate
CUST-07425,Denpasar,Individual
CUST-07426,Semarang,Individual
CUST-07427,Bandung,Corporate
CUST-07428,Palembang,Individual
CUST-07429,Palembang,nan
CUST-07430,Surabaya,Individual
CUST-07431,Jakarta,Corporate
CUST-07432,Denpasar,Individual
CUST-07433,Palembang,nan
CUST-07434,Medan,Individual
CUST-07435,Palembang,nan
CUST-07436,Balikpapan,Individual
CUST-07437,Surabaya,nan
CUST-07438,Denpasar,Individual
CUST-07439,Medan,Individual
CUST-07440,Denpasar,nan
CUST-07441,Jakarta,Individual
CUST-07442,Balikpapan,nan
CUST-07443,Surabaya,Individual
CUST-07444,Denpasar,Corporate
CUST-07445,Balikpapan,Individual
CUST-07446,Yogyakarta,Corporate
CUST-07447,Makassar,Individual
CUST-07448,Balikpapan,Individual
CUST-07449,Makassar,nan
CUST-07450,Bandung,Corporate
CUST-07451,Bandung,Individual
CUST-07452,Makassar,Individual
CUST-07453,Semarang,Individual
CUST-07454,Denpasar,Individual
CUST-07455,Surabaya,Corporate
CUST-07456,Semarang,Individual
CUST-07457,Surabaya,Individual
CUST-07458,Surabaya,nan
CUST-07459,Yogyakarta,Individual
CUST-07460,Yogyakarta,Corporate
CUST-07461,Denpasar,Individual
CUST-07462,Palembang,Corporate
CUST-07463,Medan,Individual
CUST-07464,Denpasar,Corporate
CUST-07465,Yogyakarta,Individual
CUST-07466,Jakarta,Individual
CUST-07467,Semarang,Individual
CUST-07468,Yogyakarta,Corporate
CUST-07469,Surabaya,Individual
CUST-07470,Semarang,nan
CUST-07471,Medan,Individual
CUST-07472,Medan,Individual
CUST-07473,Semarang,Individual
CUST-07474,Medan,Individual
CUST-07475,Semarang,Individual
CUST-07476,Medan,Individual
CUST-07477,Medan,Corporate
CUST-07478,Yogyakarta,Individual
CUST-07479,Jakarta,nan
CUST-07480,Balikpapan,Individual
CUST-07481,Bandung,Individual
CUST-07482,Yogyakarta,Corporate
CUST-07483,Semarang,nan
CUST-07484,Bandung,Corporate
CUST-07485,Yogyakarta,Individual
CUST-07486,Jakarta,Individual
CUST-07487,Semarang,Corporate
CUST-07488,Makassar,Corporate
CUST-07489,Semarang,nan
CUST-07490,Bandung,Individual
CUST-07491,Yogyakarta,Individual
CUST-07492,Medan,Corporate
CUST-07493,Semarang,nan
CUST-07494,Palembang,Individual
CUST-07495,Denpasar,Individual
CUST-07496,Bandung,nan
CUST-07497,Bandung,Individual
CUST-07498,Jakarta,Individual
CUST-07499,Balikpapan,nan
CUST-07500,Semarang,Corporate
CUST-07501,Yogyakarta,Individual
CUST-07502,Medan,nan
CUST-07503,Medan,Corporate
CUST-07504,Bandung,Corporate
CUST-07505,Medan,Individual
CUST-07506,Yogyakarta,Corporate
CUST-07507,Yogyakarta,Corporate
CUST-07508,Medan,Corporate
CUST-07509,Surabaya,Individual
CUST-07510,Denpasar,Individual
CUST-07511,Semarang,Individual
CUST-07512,Yogyakarta,Corporate
CUST-07513,Semarang,Individual
CUST-07514,Medan,nan
CUST-07515,Balikpapan,Individual
CUST-07516,Makassar,Corporate
CUST-07517,Surabaya,Individual
CUST-07518,Medan,Corporate
CUST-07519,Bandung,Individual
CUST-07520,Semarang,Corporate
CUST-07521,Denpasar,Individual
CUST-07522,Bandung,Individual
CUST-07523,Surabaya,Individual
CUST-07524,Surabaya,nan
CUST-07525,Makassar,Corporate
CUST-07526,Yogyakarta,Corporate
CUST-07527,Balikpapan,Individual
CUST-07528,Balikpapan,Individual
CUST-07529,Makassar,Individual
CUST-07530,Jakarta,Corporate
CUST-07531,Jakarta,Corporate
CUST-07532,Makassar,nan
CUST-07533,Bandung,Individual
CUST-07534,Makassar,Individual
CUST-07535,Palembang,Individual
CUST-07536,Palembang,Individual
CUST-07537,Bandung,Individual
CUST-07538,Medan,Corporate
CUST-07539,Balikpapan,Individual
CUST-07540,Semarang,Individual
CUST-07541,Palembang,Individual
CUST-07542,Balikpapan,Individual
CUST-07543,Denpasar,Corporate
CUST-07544,Balikpapan,Corporate
CUST-07545,Semarang,Individual
CUST-07546,Surabaya,nan
CUST-07547,Balikpapan,Corporate
CUST-07548,Medan,Corporate
CUST-07549,Makassar,Individual
CUST-07550,Surabaya,Corporate
CUST-07551,Semarang,nan
CUST-07552,Balikpapan,Individual
CUST-07553,Jakarta,Individual
CUST-07554,Yogyakarta,nan
CUST-07555,Yogyakarta,nan
CUST-07556,Surabaya,nan
CUST-07557,Yogyakarta,Corporate
CUST-07558,Medan,Individual
CUST-07559,Makassar,Individual
CUST-07560,Bandung,Individual
CUST-07561,Yogyakarta,Corporate
CUST-07562,Balikpapan,nan
CUST-07563,Makassar,Corporate
CUST-07564,Balikpapan,Corporate
CUST-07565,Denpasar,Corporate
CUST-07566,Jakarta,Individual
CUST-07567,Bandung,Individual
CUST-07568,Makassar,Corporate
CUST-07569,Balikpapan,Corporate
CUST-07570,Makassar,Corporate
CUST-07571,Jakarta,Individual
CUST-07572,Makassar,Corporate
CUST-07573,Surabaya,Corporate
CUST-07574,Palembang,nan
CUST-07575,Jakarta,Individual
CUST-07576,Palembang,nan
CUST-07577,Palembang,Individual
CUST-07578,Surabaya,Corporate
CUST-07579,Palembang,Individual
CUST-07580,Semarang,Individual
CUST-07581,Surabaya,Individual
CUST-07582,Surabaya,Corporate
CUST-07583,Yogyakarta,Individual
CUST-07584,Medan,Corporate
CUST-07585,Balikpapan,Individual
CUST-07586,Surabaya,Corporate
CUST-07587,Semarang,Individual
CUST-07588,Medan,Individual
CUST-07589,Makassar,Individual
CUST-07590,Balikpapan,nan
CUST-07591,Denpasar,Corporate
CUST-07592,Denpasar,Individual
CUST-07593,Medan,Corporate
CUST-07594,Jakarta,Corporate
CUST-07595,Semarang,Individual
CUST-07596,Denpasar,nan
CUST-07597,Medan,Individual
CUST-07598,Makassar,Corporate
CUST-07599,Medan,nan
CUST-07600,Palembang,Corporate
CUST-07601,Semarang,Corporate
CUST-07602,Yogyakarta,Individual
CUST-07603,Medan,Individual
CUST-07604,Makassar,Corporate
CUST-07605,Denpasar,nan
CUST-07606,Bandung,Corporate
CUST-07607,Semarang,Corporate
CUST-07608,Surabaya,nan
CUST-07609,Medan,Corporate
CUST-07610,Yogyakarta,Individual
CUST-07611,Surabaya,Individual
CUST-07612,Bandung,nan
CUST-07613,Balikpapan,Individual
CUST-07614,Balikpapan,Individual
CUST-07615,Surabaya,Individual
CUST-07616,Jakarta,Corporate
CUST-07617,Makassar,Individual
CUST-07618,Denpasar,nan
CUST-07619,Medan,Individual
CUST-07620,Palembang,Corporate
CUST-07621,Denpasar,Individual
CUST-07622,Jakarta,Individual
CUST-07623,Medan,Corporate
CUST-07624,Surabaya,Corporate
CUST-07625,Bandung,Corporate
CUST-07626,Bandung,Corporate
CUST-07627,Palembang,Corporate
CUST-07628,Makassar,Corporate
CUST-07629,Semarang,Individual
CUST-07630,Denpasar,Individual
CUST-07631,Yogyakarta,Corporate
CUST-07632,Palembang,Corporate
CUST-07633,Semarang,Corporate
CUST-07634,Makassar,nan
CUST-07635,Palembang,Individual
CUST-07636,Surabaya,Individual
CUST-07637,Medan,Individual
CUST-07638,Yogyakarta,Individual
CUST-07639,Surabaya,Corporate
CUST-07640,Surabaya,Individual
CUST-07641,Balikpapan,Corporate
CUST-07642,Yogyakarta,Individual
CUST-07643,Palembang,Individual
CUST-07644,Denpasar,Corporate
CUST-07645,Denpasar,Corporate
CUST-07646,Denpasar,Corporate
CUST-07647,Surabaya,Individual
CUST-07648,Yogyakarta,Individual
CUST-07649,Jakarta,nan
CUST-07650,Balikpapan,Individual
CUST-07651,Medan,nan
CUST-07652,Palembang,Corporate
CUST-07653,Medan,Corporate
CUST-07654,Balikpapan,Individual
CUST-07655,Semarang,Individual
CUST-07656,Yogyakarta,Individual
CUST-07657,Palembang,nan
CUST-07658,Medan,Individual
CUST-07659,Surabaya,Individual
CUST-07660,Palembang,Individual
CUST-07661,Denpasar,nan
CUST-07662,Denpasar,nan
CUST-07663,Denpasar,Corporate
CUST-07664,Medan,Individual
CUST-07665,Makassar,Corporate
CUST-07666,Bandung,Individual
CUST-07667,Denpasar,nan
CUST-07668,Bandung,Individual
CUST-07669,Semarang,nan
CUST-07670,Medan,Corporate
CUST-07671,Denpasar,Individual
CUST-07672,Surabaya,nan
CUST-07673,Denpasar,Individual
CUST-07674,Medan,Individual
CUST-07675,Balikpapan,Corporate
CUST-07676,Surabaya,nan
CUST-07677,Surabaya,Individual
CUST-07678,Palembang,Individual
CUST-07679,Surabaya,Individual
CUST-07680,Yogyakarta,nan
CUST-07681,Surabaya,Corporate
CUST-07682,Jakarta,Individual
CUST-07683,Medan,Corporate
CUST-07684,Denpasar,Corporate
CUST-07685,Balikpapan,Individual
CUST-07686,Semarang,nan
CUST-07687,Bandung,Corporate
CUST-07688,Palembang,Corporate
CUST-07689,Balikpapan,Individual
CUST-07690,Semarang,Individual
CUST-07691,Palembang,Corporate
CUST-07692,Yogyakarta,nan
CUST-07693,Jakarta,Corporate
CUST-07694,Denpasar,Individual
CUST-07695,Palembang,Individual
CUST-07696,Palembang,Individual
CUST-07697,Yogyakarta,Corporate
CUST-07698,Yogyakarta,Individual
CUST-07699,Balikpapan,Individual
CUST-07700,Bandung,Individual
CUST-07701,Balikpapan,Individual
CUST-07702,Palembang,Individual
CUST-07703,Denpasar,Individual
CUST-07704,Makassar,Corporate
CUST-07705,Yogyakarta,Individual
CUST-07706,Jakarta,nan
CUST-07707,Makassar,Individual
CUST-07708,Bandung,Individual
CUST-07709,Balikpapan,Individual
CUST-07710,Bandung,Individual
CUST-07711,Yogyakarta,Individual
CUST-07712,Semarang,Individual
CUST-07713,Surabaya,Individual
CUST-07714,Medan,Corporate
CUST-07715,Medan,Individual
CUST-07716,Makassar,nan
CUST-07717,Bandung,Individual
CUST-07718,Denpasar,Individual
CUST-07719,Bandung,Individual
CUST-07720,Balikpapan,Individual
CUST-07721,Makassar,Corporate
CUST-07722,Semarang,Individual
CUST-07723,Yogyakarta,Individual
CUST-07724,Balikpapan,nan
CUST-07725,Palembang,Individual
CUST-07726,Yogyakarta,Individual
CUST-07727,Denpasar,Individual
CUST-07728,Yogyakarta,Individual
CUST-07729,Yogyakarta,Individual
CUST-07730,Bandung,Individual
CUST-07731,Medan,Individual
CUST-07732,Denpasar,Corporate
CUST-07733,Balikpapan,Corporate
CUST-07734,Semarang,Individual
CUST-07735,Semarang,Individual
CUST-07736,Surabaya,Individual
CUST-07737,Bandung,Individual
CUST-07738,Makassar,Individual
CUST-07739,Balikpapan,Individual
CUST-07740,Makassar,Individual
CUST-07741,Medan,Corporate
CUST-07742,Yogyakarta,Individual
CUST-07743,Surabaya,Individual
CUST-07744,Balikpapan,Individual
CUST-07745,Medan,Corporate
CUST-07746,Makassar,Corporate
CUST-07747,Surabaya,Individual
CUST-07748,Yogyakarta,Corporate
CUST-07749,Surabaya,Corporate
CUST-07750,Balikpapan,nan
CUST-07751,Denpasar,Individual
CUST-07752,Yogyakarta,Individual
CUST-07753,Balikpapan,Individual
CUST-07754,Balikpapan,Individual
CUST-07755,Jakarta,nan
CUST-07756,Medan,Individual
CUST-07757,Balikpapan,Corporate
CUST-07758,Surabaya,Corporate
CUST-07759,Semarang,Individual
CUST-07760,Semarang,Individual
CUST-07761,Surabaya,Individual
CUST-07762,Makassar,Individual
CUST-07763,Semarang,Individual
CUST-07764,Makassar,Corporate
CUST-07765,Yogyakarta,Corporate
CUST-07766,Semarang,Corporate
CUST-07767,Bandung,Individual
CUST-07768,Denpasar,Corporate
CUST-07769,Surabaya,Corporate
CUST-07770,Jakarta,Individual
CUST-07771,Surabaya,Individual
CUST-07772,Denpasar,Individual
CUST-07773,Makassar,Individual
CUST-07774,Palembang,Individual
CUST-07775,Yogyakarta,Corporate
CUST-07776,Makassar,Corporate
CUST-07777,Palembang,nan
CUST-07778,Medan,Individual
CUST-07779,Yogyakarta,Individual
CUST-07780,Semarang,Individual
CUST-07781,Jakarta,Individual
CUST-07782,Surabaya,Individual
CUST-07783,Bandung,Individual
CUST-07784,Palembang,Corporate
CUST-07785,Medan,Individual
CUST-07786,Yogyakarta,Individual
CUST-07787,Yogyakarta,Individual
CUST-07788,Yogyakarta,Corporate
CUST-07789,Jakarta,Individual
CUST-07790,Bandung,Corporate
CUST-07791,Yogyakarta,Corporate
CUST-07792,Yogyakarta,Individual
CUST-07793,Palembang,Individual
CUST-07794,Medan,Individual
CUST-07795,Makassar,Individual
CUST-07796,Semarang,Corporate
CUST-07797,Bandung,Corporate
CUST-07798,Balikpapan,Individual
CUST-07799,Denpasar,Individual
CUST-07800,Balikpapan,Individual
CUST-07801,Bandung,nan
CUST-07802,Bandung,Corporate
CUST-07803,Denpasar,Individual
CUST-07804,Makassar,Individual
CUST-07805,Makassar,nan
CUST-07806,Makassar,Individual
CUST-07807,Denpasar,Corporate
CUST-07808,Semarang,Individual
CUST-07809,Denpasar,Individual
CUST-07810,Semarang,Individual
CUST-07811,Bandung,Individual
CUST-07812,Medan,Individual
CUST-07813,Palembang,Individual
CUST-07814,Surabaya,Individual
CUST-07815,Bandung,Individual
CUST-07816,Jakarta,Individual
CUST-07817,Yogyakarta,nan
CUST-07818,Medan,Individual
CUST-07819,Bandung,Individual
CUST-07820,Denpasar,Individual
CUST-07821,Bandung,nan
CUST-07822,Denpasar,nan
CUST-07823,Bandung,Individual
CUST-07824,Denpasar,Individual
CUST-07825,Balikpapan,nan
CUST-07826,Jakarta,Individual
CUST-07827,Balikpapan,nan
CUST-07828,Balikpapan,Individual
CUST-07829,Medan,Individual
CUST-07830,Medan,Individual
CUST-07831,Yogyakarta,Corporate
CUST-07832,Yogyakarta,nan
CUST-07833,Semarang,Individual
CUST-07834,Balikpapan,Individual
CUST-07835,Medan,Individual
CUST-07836,Palembang,Individual
CUST-07837,Bandung,Individual
CUST-07838,Semarang,Individual
CUST-07839,Jakarta,nan
CUST-07840,Makassar,Individual
CUST-07841,Makassar,Individual
CUST-07842,Makassar,Individual
CUST-07843,Bandung,Corporate
CUST-07844,Medan,Individual
CUST-07845,Jakarta,Individual
CUST-07846,Palembang,Individual
CUST-07847,Semarang,Individual
CUST-07848,Semarang,Individual
CUST-07849,Denpasar,Corporate
CUST-07850,Semarang,Individual
CUST-07851,Denpasar,Individual
CUST-07852,Semarang,nan
CUST-07853,Bandung,Individual
CUST-07854,Semarang,nan
CUST-07855,Surabaya,nan
CUST-07856,Jakarta,nan
CUST-07857,Semarang,nan
CUST-07858,Jakarta,Individual
CUST-07859,Yogyakarta,Individual
CUST-07860,Surabaya,Corporate
CUST-07861,Surabaya,Corporate
CUST-07862,Makassar,Individual
CUST-07863,Surabaya,Corporate
CUST-07864,Balikpapan,Corporate
CUST-07865,Balikpapan,Individual
CUST-07866,Bandung,Individual
CUST-07867,Makassar,Individual
CUST-07868,Jakarta,nan
CUST-07869,Bandung,Individual
CUST-07870,Semarang,Individual
CUST-07871,Jakarta,Individual
CUST-07872,Makassar,Individual
CUST-07873,Bandung,Individual
CUST-07874,Palembang,Individual
CUST-07875,Bandung,Individual
CUST-07876,Jakarta,Individual
CUST-07877,Medan,nan
CUST-07878,Surabaya,Individual
CUST-07879,Jakarta,Individual
CUST-07880,Palembang,nan
CUST-07881,Balikpapan,Individual
CUST-07882,Balikpapan,Individual
CUST-07883,Semarang,Individual
CUST-07884,Medan,Individual
CUST-07885,Makassar,Individual
CUST-07886,Medan,Individual
CUST-07887,Bandung,Individual
CUST-07888,Bandung,Individual
CUST-07889,Jakarta,nan
CUST-07890,Palembang,Individual
CUST-07891,Jakarta,nan
CUST-07892,Yogyakarta,nan
CUST-07893,Jakarta,Individual
CUST-07894,Denpasar,Individual
CUST-07895,Palembang,Individual
CUST-07896,Palembang,Individual
CUST-07897,Yogyakarta,Corporate
CUST-07898,Jakarta,Corporate
CUST-07899,Medan,Corporate
CUST-07900,Yogyakarta,Corporate
CUST-07901,Makassar,Individual
CUST-07902,Makassar,Individual
CUST-07903,Balikpapan,Individual
CUST-07904,Balikpapan,nan
CUST-07905,Yogyakarta,Individual
CUST-07906,Surabaya,nan
CUST-07907,Yogyakarta,nan
CUST-07908,Makassar,Individual
CUST-07909,Balikpapan,Corporate
CUST-07910,Yogyakarta,Individual
CUST-07911,Surabaya,Individual
CUST-07912,Semarang,Corporate
CUST-07913,Denpasar,Individual
CUST-07914,Jakarta,Individual
CUST-07915,Surabaya,Individual
CUST-07916,Balikpapan,Individual
CUST-07917,Palembang,Individual
CUST-07918,Medan,Corporate
CUST-07919,Jakarta,Individual
CUST-07920,Semarang,Individual
CUST-07921,Makassar,Individual
CUST-07922,Semarang,Individual
CUST-07923,Semarang,Corporate
CUST-07924,Surabaya,nan
CUST-07925,Makassar,Individual
CUST-07926,Yogyakarta,Corporate
CUST-07927,Balikpapan,Individual
CUST-07928,Jakarta,Individual
CUST-07929,Jakarta,Corporate
CUST-07930,Surabaya,Individual
CUST-07931,Semarang,Individual
CUST-07932,Bandung,Individual
CUST-07933,Denpasar,Individual
CUST-07934,Surabaya,Individual
CUST-07935,Balikpapan,Corporate
CUST-07936,Bandung,Individual
CUST-07937,Makassar,Individual
CUST-07938,Yogyakarta,nan
CUST-07939,Balikpapan,nan
CUST-07940,Denpasar,Corporate
CUST-07941,Yogyakarta,Individual
CUST-07942,Bandung,nan
CUST-07943,Medan,Individual
CUST-07944,Surabaya,Individual
CUST-07945,Jakarta,Individual
CUST-07946,Denpasar,Individual
CUST-07947,Denpasar,Individual
CUST-07948,Bandung,Individual
CUST-07949,Medan,nan
CUST-07950,Makassar,Individual
CUST-07951,Surabaya,Individual
CUST-07952,Palembang,Corporate
CUST-07953,Surabaya,Individual
CUST-07954,Jakarta,Corporate
CUST-07955,Jakarta,Individual
CUST-07956,Yogyakarta,Individual
CUST-07957,Surabaya,Individual
CUST-07958,Semarang,Corporate
CUST-07959,Bandung,Corporate
CUST-07960,Semarang,Corporate
CUST-07961,Makassar,nan
CUST-07962,Medan,Corporate
CUST-07963,Yogyakarta,Corporate
CUST-07964,Bandung,Corporate
CUST-07965,Medan,nan
CUST-07966,Palembang,Individual
CUST-07967,Denpasar,Corporate
CUST-07968,Yogyakarta,nan
CUST-07969,Bandung,Individual
CUST-07970,Makassar,Individual
CUST-07971,Yogyakarta,Individual
CUST-07972,Medan,Corporate
CUST-07973,Yogyakarta,Individual
CUST-07974,Denpasar,Individual
CUST-07975,Denpasar,Corporate
CUST-07976,Balikpapan,Corporate
CUST-07977,Surabaya,Individual
CUST-07978,Medan,Individual
CUST-07979,Semarang,Corporate
CUST-07980,Jakarta,Individual
CUST-07981,Makassar,Individual
CUST-07982,Jakarta,Individual
CUST-07983,Palembang,Individual
CUST-07984,Semarang,Corporate
CUST-07985,Yogyakarta,nan
CUST-07986,Makassar,Individual
CUST-07987,Medan,Individual
CUST-07988,Makassar,Individual
CUST-07989,Balikpapan,Individual
CUST-07990,Bandung,nan
CUST-07991,Surabaya,Individual
CUST-07992,Makassar,Corporate
CUST-07993,Yogyakarta,Individual
CUST-07994,Palembang,nan
CUST-07995,Balikpapan,nan
CUST-07996,Denpasar,Individual
CUST-07997,Semarang,Corporate
CUST-07998,Medan,Corporate
CUST-07999,Denpasar,Individual
CUST-08000,Jakarta,Individual
CUST-08001,Makassar,Individual
CUST-08002,Bandung,nan
CUST-08003,Denpasar,Individual
CUST-08004,Jakarta,Individual
CUST-08005,Makassar,Individual
CUST-08006,Surabaya,Corporate
CUST-08007,Jakarta,Corporate
CUST-08008,Medan,Corporate
CUST-08009,Surabaya,Corporate
CUST-08010,Denpasar,Individual
CUST-08011,Makassar,Corporate
CUST-08012,Yogyakarta,nan
CUST-08013,Jakarta,Individual
CUST-08014,Bandung,Individual
CUST-08015,Makassar,Individual
CUST-08016,Surabaya,nan
CUST-08017,Palembang,Individual
CUST-08018,Medan,nan
CUST-08019,Jakarta,Individual
CUST-08020,Palembang,Individual
CUST-08021,Semarang,Individual
CUST-08022,Medan,Individual
CUST-08023,Palembang,nan
CUST-08024,Palembang,Individual
CUST-08025,Surabaya,nan
CUST-08026,Surabaya,nan
CUST-08027,Surabaya,Individual
CUST-08028,Semarang,Corporate
CUST-08029,Balikpapan,Individual
CUST-08030,Semarang,Corporate
CUST-08031,Semarang,Individual
CUST-08032,Makassar,Individual
CUST-08033,Medan,nan
CUST-08034,Yogyakarta,Corporate
CUST-08035,Jakarta,Individual
CUST-08036,Yogyakarta,Individual
CUST-08037,Bandung,Individual
CUST-08038,Jakarta,Individual
CUST-08039,Medan,Individual
CUST-08040,Palembang,Individual
CUST-08041,Bandung,Corporate
CUST-08042,Balikpapan,Individual
CUST-08043,Palembang,Individual
CUST-08044,Balikpapan,Corporate
CUST-08045,Balikpapan,Individual
CUST-08046,Surabaya,nan
CUST-08047,Medan,Individual
CUST-08048,Medan,Individual
CUST-08049,Makassar,nan
CUST-08050,Balikpapan,Corporate
CUST-08051,Surabaya,nan
CUST-08052,Palembang,Individual
CUST-08053,Bandung,Individual
CUST-08054,Semarang,Corporate
CUST-08055,Palembang,Corporate
CUST-08056,Yogyakarta,Individual
CUST-08057,Yogyakarta,nan
CUST-08058,Yogyakarta,Individual
CUST-08059,Bandung,Individual
CUST-08060,Makassar,Individual
CUST-08061,Palembang,Individual
CUST-08062,Medan,Corporate
CUST-08063,Makassar,Corporate
CUST-08064,Bandung,nan
CUST-08065,Denpasar,Individual
CUST-08066,Denpasar,nan
CUST-08067,Jakarta,Individual
CUST-08068,Makassar,Individual
CUST-08069,Semarang,nan
CUST-08070,Palembang,Corporate
CUST-08071,Balikpapan,Individual
CUST-08072,Palembang,Individual
CUST-08073,Palembang,nan
CUST-08074,Semarang,Corporate
CUST-08075,Makassar,Corporate
CUST-08076,Makassar,Corporate
CUST-08077,Surabaya,Corporate
CUST-08078,Makassar,Individual
CUST-08079,Medan,Individual
CUST-08080,Makassar,nan
CUST-08081,Medan,Individual
CUST-08082,Jakarta,Corporate
CUST-08083,Medan,Individual
CUST-08084,Palembang,nan
CUST-08085,Palembang,Individual
CUST-08086,Medan,Individual
CUST-08087,Balikpapan,nan
CUST-08088,Semarang,nan
CUST-08089,Bandung,Corporate
CUST-08090,Denpasar,Individual
CUST-08091,Palembang,Individual
CUST-08092,Denpasar,Corporate
CUST-08093,Makassar,Individual
CUST-08094,Jakarta,Corporate
CUST-08095,Palembang,Individual
CUST-08096,Yogyakarta,Individual
CUST-08097,Yogyakarta,Corporate
CUST-08098,Bandung,Individual
CUST-08099,Balikpapan,Corporate
CUST-08100,Balikpapan,nan
CUST-08101,Denpasar,Individual
CUST-08102,Bandung,nan
CUST-08103,Semarang,nan
CUST-08104,Jakarta,Individual
CUST-08105,Makassar,Corporate
CUST-08106,Surabaya,Individual
CUST-08107,Yogyakarta,Corporate
CUST-08108,Surabaya,Corporate
CUST-08109,Palembang,Individual
CUST-08110,Medan,Individual
CUST-08111,Bandung,Corporate
CUST-08112,Palembang,Individual
CUST-08113,Palembang,nan
CUST-08114,Balikpapan,Corporate
CUST-08115,Palembang,Individual
CUST-08116,Medan,Individual
CUST-08117,Balikpapan,nan
CUST-08118,Medan,Individual
CUST-08119,Medan,Individual
CUST-08120,Palembang,Individual
CUST-08121,Balikpapan,Individual
CUST-08122,Medan,Corporate
CUST-08123,Balikpapan,nan
CUST-08124,Yogyakarta,nan
CUST-08125,Surabaya,nan
CUST-08126,Bandung,Individual
CUST-08127,Balikpapan,Corporate
CUST-08128,Jakarta,Individual
CUST-08129,Surabaya,Individual
CUST-08130,Palembang,Corporate
CUST-08131,Surabaya,Individual
CUST-08132,Balikpapan,nan
CUST-08133,Makassar,Individual
CUST-08134,Surabaya,Corporate
CUST-08135,Jakarta,Corporate
CUST-08136,Bandung,nan
CUST-08137,Denpasar,Corporate
CUST-08138,Jakarta,Individual
CUST-08139,Balikpapan,Individual
CUST-08140,Yogyakarta,nan
CUST-08141,Surabaya,Individual
CUST-08142,Balikpapan,Individual
CUST-08143,Semarang,Individual
CUST-08144,Denpasar,Individual
CUST-08145,Semarang,Corporate
CUST-08146,Balikpapan,Individual
CUST-08147,Jakarta,Corporate
CUST-08148,Surabaya,Individual
CUST-08149,Medan,nan
CUST-08150,Semarang,Individual
CUST-08151,Makassar,Individual
CUST-08152,Bandung,Individual
CUST-08153,Semarang,Individual
CUST-08154,Yogyakarta,Individual
CUST-08155,Denpasar,Individual
CUST-08156,Semarang,Individual
CUST-08157,Denpasar,Individual
CUST-08158,Surabaya,Individual
CUST-08159,Medan,Corporate
CUST-08160,Denpasar,Individual
CUST-08161,Denpasar,Corporate
CUST-08162,Medan,Individual
CUST-08163,Makassar,Individual
CUST-08164,Balikpapan,Individual
CUST-08165,Medan,Individual
CUST-08166,Makassar,Individual
CUST-08167,Jakarta,nan
CUST-08168,Semarang,Individual
CUST-08169,Balikpapan,Individual
CUST-08170,Balikpapan,nan
CUST-08171,Semarang,Individual
CUST-08172,Palembang,Individual
CUST-08173,Balikpapan,nan
CUST-08174,Medan,nan
CUST-08175,Denpasar,Individual
CUST-08176,Bandung,Corporate
CUST-08177,Medan,Individual
CUST-08178,Denpasar,Individual
CUST-08179,Semarang,Individual
CUST-08180,Bandung,Corporate
CUST-08181,Jakarta,Corporate
CUST-08182,Bandung,Corporate
CUST-08183,Makassar,Individual
CUST-08184,Makassar,Individual
CUST-08185,Balikpapan,Individual
CUST-08186,Medan,Corporate
CUST-08187,Balikpapan,nan
CUST-08188,Yogyakarta,Individual
CUST-08189,Bandung,Corporate
CUST-08190,Jakarta,nan
CUST-08191,Surabaya,Individual
CUST-08192,Makassar,nan
CUST-08193,Jakarta,Individual
CUST-08194,Medan,Corporate
CUST-08195,Bandung,Individual
CUST-08196,Makassar,Individual
CUST-08197,Yogyakarta,Individual
CUST-08198,Denpasar,Corporate
CUST-08199,Jakarta,Corporate
CUST-08200,Balikpapan,Corporate
CUST-08201,Balikpapan,Individual
CUST-08202,Semarang,Corporate
CUST-08203,Medan,Individual
CUST-08204,Surabaya,Individual
CUST-08205,Palembang,Corporate
CUST-08206,Makassar,nan
CUST-08207,Denpasar,nan
CUST-08208,Palembang,Individual
CUST-08209,Surabaya,Individual
CUST-08210,Jakarta,Individual
CUST-08211,Balikpapan,Individual
CUST-08212,Palembang,Corporate
CUST-08213,Surabaya,Individual
CUST-08214,Makassar,Corporate
CUST-08215,Denpasar,Individual
CUST-08216,Semarang,Corporate
CUST-08217,Semarang,Corporate
CUST-08218,Balikpapan,Corporate
CUST-08219,Palembang,Individual
CUST-08220,Bandung,nan
CUST-08221,Medan,Corporate
CUST-08222,Palembang,Individual
CUST-08223,Jakarta,nan
CUST-08224,Jakarta,Individual
CUST-08225,Makassar,Individual
CUST-08226,Medan,Corporate
CUST-08227,Medan,Individual
CUST-08228,Yogyakarta,Individual
CUST-08229,Palembang,Individual
CUST-08230,Bandung,nan
CUST-08231,Medan,Individual
CUST-08232,Bandung,Individual
CUST-08233,Yogyakarta,Individual
CUST-08234,Makassar,Individual
CUST-08235,Medan,nan
CUST-08236,Jakarta,Individual
CUST-08237,Medan,Corporate
CUST-08238,Denpasar,Corporate
CUST-08239,Jakarta,Individual
CUST-08240,Makassar,Corporate
CUST-08241,Semarang,Individual
CUST-08242,Denpasar,Individual
CUST-08243,Bandung,nan
CUST-08244,Yogyakarta,Individual
CUST-08245,Surabaya,Corporate
CUST-08246,Denpasar,Individual
CUST-08247,Medan,Corporate
CUST-08248,Makassar,nan
CUST-08249,Makassar,Corporate
CUST-08250,Yogyakarta,Individual
CUST-08251,Palembang,nan
CUST-08252,Yogyakarta,Individual
CUST-08253,Semarang,Corporate
CUST-08254,Surabaya,Individual
CUST-08255,Surabaya,Corporate
CUST-08256,Surabaya,Corporate
CUST-08257,Palembang,Corporate
CUST-08258,Palembang,Individual
CUST-08259,Medan,Individual
CUST-08260,Denpasar,nan
CUST-08261,Jakarta,Corporate
CUST-08262,Palembang,Corporate
CUST-08263,Jakarta,Individual
CUST-08264,Denpasar,Individual
CUST-08265,Semarang,Individual
CUST-08266,Surabaya,Individual
CUST-08267,Jakarta,Corporate
CUST-08268,Denpasar,Individual
CUST-08269,Bandung,nan
CUST-08270,Jakarta,Individual
CUST-08271,Medan,Individual
CUST-08272,Makassar,Corporate
CUST-08273,Denpasar,nan
CUST-08274,Semarang,Individual
CUST-08275,Makassar,Individual
CUST-08276,Medan,Individual
CUST-08277,Semarang,Individual
CUST-08278,Balikpapan,Individual
CUST-08279,Palembang,Individual
CUST-08280,Jakarta,nan
CUST-08281,Surabaya,Individual
CUST-08282,Yogyakarta,Individual
CUST-08283,Denpasar,Corporate
CUST-08284,Yogyakarta,nan
CUST-08285,Surabaya,nan
CUST-08286,Jakarta,Individual
CUST-08287,Balikpapan,Individual
CUST-08288,Surabaya,nan
CUST-08289,Semarang,Individual
CUST-08290,Bandung,Corporate
CUST-08291,Makassar,nan
CUST-08292,Jakarta,Individual
CUST-08293,Jakarta,Individual
CUST-08294,Medan,Individual
CUST-08295,Denpasar,nan
CUST-08296,Palembang,Individual
CUST-08297,Surabaya,Individual
CUST-08298,Makassar,nan
CUST-08299,Denpasar,Individual
CUST-08300,Makassar,Individual
CUST-08301,Balikpapan,Corporate
CUST-08302,Makassar,nan
CUST-08303,Medan,Individual
CUST-08304,Balikpapan,nan
CUST-08305,Medan,Individual
CUST-08306,Denpasar,Corporate
CUST-08307,Bandung,Corporate
CUST-08308,Jakarta,nan
CUST-08309,Bandung,Individual
CUST-08310,Medan,Individual
CUST-08311,Makassar,nan
CUST-08312,Palembang,Individual
CUST-08313,Denpasar,Individual
CUST-08314,Bandung,Individual
CUST-08315,Denpasar,nan
CUST-08316,Palembang,nan
CUST-08317,Medan,Individual
CUST-08318,Semarang,Individual
CUST-08319,Jakarta,Corporate
CUST-08320,Jakarta,Individual
CUST-08321,Balikpapan,Corporate
CUST-08322,Makassar,Individual
CUST-08323,Surabaya,Individual
CUST-08324,Makassar,Individual
CUST-08325,Yogyakarta,Corporate
CUST-08326,Balikpapan,Individual
CUST-08327,Denpasar,Individual
CUST-08328,Medan,Corporate
CUST-08329,Palembang,Individual
CUST-08330,Surabaya,Corporate
CUST-08331,Bandung,Individual
CUST-08332,Balikpapan,Individual
CUST-08333,Surabaya,Individual
CUST-08334,Jakarta,Corporate
CUST-08335,Makassar,Individual
CUST-08336,Surabaya,Individual
CUST-08337,Palembang,Individual
CUST-08338,Jakarta,Corporate
CUST-08339,Yogyakarta,nan
CUST-08340,Yogyakarta,Corporate
CUST-08341,Palembang,Individual
CUST-08342,Bandung,nan
CUST-08343,Denpasar,Corporate
CUST-08344,Surabaya,Individual
CUST-08345,Denpasar,Individual
CUST-08346,Makassar,nan
CUST-08347,Makassar,Individual
CUST-08348,Semarang,Individual
CUST-08349,Balikpapan,Individual
CUST-08350,Bandung,Corporate
CUST-08351,Medan,Individual
CUST-08352,Semarang,Individual
CUST-08353,Jakarta,Individual
CUST-08354,Bandung,Individual
CUST-08355,Medan,Individual
CUST-08356,Semarang,Individual
CUST-08357,Denpasar,Individual
CUST-08358,Semarang,Individual
CUST-08359,Palembang,Individual
CUST-08360,Bandung,Corporate
CUST-08361,Palembang,Individual
CUST-08362,Medan,Individual
CUST-08363,Makassar,Individual
CUST-08364,Bandung,Corporate
CUST-08365,Jakarta,nan
CUST-08366,Palembang,Individual
CUST-08367,Surabaya,Individual
CUST-08368,Semarang,Corporate
CUST-08369,Balikpapan,Corporate
CUST-08370,Bandung,Individual
CUST-08371,Balikpapan,Individual
CUST-08372,Makassar,Individual
CUST-08373,Denpasar,Individual
CUST-08374,Bandung,Individual
CUST-08375,Jakarta,Individual
CUST-08376,Surabaya,nan
CUST-08377,Bandung,Corporate
CUST-08378,Bandung,nan
CUST-08379,Palembang,nan
CUST-08380,Palembang,Individual
CUST-08381,Denpasar,Individual
CUST-08382,Semarang,Individual
CUST-08383,Semarang,Corporate
CUST-08384,Balikpapan,Individual
CUST-08385,Semarang,Individual
CUST-08386,Surabaya,nan
CUST-08387,Semarang,Individual
CUST-08388,Jakarta,Individual
CUST-08389,Surabaya,Corporate
CUST-08390,Palembang,Corporate
CUST-08391,Balikpapan,nan
CUST-08392,Medan,Corporate
CUST-08393,Makassar,Corporate
CUST-08394,Semarang,Individual
CUST-08395,Bandung,Individual
CUST-08396,Semarang,Corporate
CUST-08397,Bandung,Individual
CUST-08398,Medan,Individual
CUST-08399,Medan,Individual
CUST-08400,Surabaya,Individual
CUST-08401,Surabaya,Individual
CUST-08402,Makassar,Corporate
CUST-08403,Surabaya,Corporate
CUST-08404,Jakarta,Individual
CUST-08405,Jakarta,Individual
CUST-08406,Medan,Individual
CUST-08407,Semarang,Corporate
CUST-08408,Medan,nan
CUST-08409,Balikpapan,Individual
CUST-08410,Medan,Individual
CUST-08411,Medan,Individual
CUST-08412,Surabaya,Corporate
CUST-08413,Surabaya,Individual
CUST-08414,Makassar,nan
CUST-08415,Bandung,Corporate
CUST-08416,Makassar,Individual
CUST-08417,Surabaya,Individual
CUST-08418,Bandung,Individual
CUST-08419,Palembang,Individual
CUST-08420,Jakarta,Individual
CUST-08421,Surabaya,Individual
CUST-08422,Surabaya,nan
CUST-08423,Jakarta,nan
CUST-08424,Bandung,Individual
CUST-08425,Surabaya,Individual
CUST-08426,Palembang,Individual
CUST-08427,Balikpapan,Individual
CUST-08428,Semarang,Individual
CUST-08429,Medan,nan
CUST-08430,Medan,Corporate
CUST-08431,Yogyakarta,Individual
CUST-08432,Yogyakarta,Individual
CUST-08433,Yogyakarta,Individual
CUST-08434,Palembang,Corporate
CUST-08435,Medan,Corporate
CUST-08436,Makassar,nan
CUST-08437,Medan,Corporate
CUST-08438,Balikpapan,Corporate
CUST-08439,Jakarta,nan
CUST-08440,Surabaya,Individual
CUST-08441,Bandung,Corporate
CUST-08442,Jakarta,Individual
CUST-08443,Makassar,Individual
CUST-08444,Denpasar,Individual
CUST-08445,Yogyakarta,nan
CUST-08446,Yogyakarta,Individual
CUST-08447,Jakarta,nan
CUST-08448,Medan,nan
CUST-08449,Medan,nan
CUST-08450,Surabaya,Individual
CUST-08451,Yogyakarta,Individual
CUST-08452,Palembang,Corporate
CUST-08453,Medan,Corporate
CUST-08454,Surabaya,Individual
CUST-08455,Makassar,Individual
CUST-08456,Bandung,nan
CUST-08457,Denpasar,Individual
CUST-08458,Bandung,Individual
CUST-08459,Denpasar,Individual
CUST-08460,Surabaya,Corporate
CUST-08461,Semarang,nan
CUST-08462,Denpasar,Individual
CUST-08463,Palembang,Individual
CUST-08464,Medan,Corporate
CUST-08465,Semarang,Individual
CUST-08466,Denpasar,Individual
CUST-08467,Jakarta,Corporate
CUST-08468,Makassar,Individual
CUST-08469,Yogyakarta,Individual
CUST-08470,Bandung,Individual
CUST-08471,Surabaya,Individual
CUST-08472,Jakarta,Individual
CUST-08473,Semarang,Individual
CUST-08474,Semarang,Individual
CUST-08475,Makassar,Individual
CUST-08476,Surabaya,Individual
CUST-08477,Bandung,Individual
CUST-08478,Makassar,nan
CUST-08479,Palembang,Individual
CUST-08480,Denpasar,Individual
CUST-08481,Semarang,Corporate
CUST-08482,Semarang,Individual
CUST-08483,Palembang,Individual
CUST-08484,Balikpapan,nan
CUST-08485,Surabaya,Corporate
CUST-08486,Bandung,Individual
CUST-08487,Denpasar,Corporate
CUST-08488,Surabaya,nan
CUST-08489,Denpasar,Corporate
CUST-08490,Bandung,Individual
CUST-08491,Jakarta,Individual
CUST-08492,Makassar,nan
CUST-08493,Makassar,Corporate
CUST-08494,Denpasar,Corporate
CUST-08495,Balikpapan,Individual
CUST-08496,Surabaya,Individual
CUST-08497,Yogyakarta,Corporate
CUST-08498,Denpasar,Individual
CUST-08499,Jakarta,Individual
CUST-08500,Medan,Individual
CUST-08501,Bandung,Individual
CUST-08502,Balikpapan,Individual
CUST-08503,Makassar,Corporate
CUST-08504,Medan,Individual
CUST-08505,Palembang,Individual
CUST-08506,Yogyakarta,Corporate
CUST-08507,Balikpapan,Individual
CUST-08508,Semarang,nan
CUST-08509,Palembang,Individual
CUST-08510,Jakarta,Individual
CUST-08511,Surabaya,Individual
CUST-08512,Balikpapan,Individual
CUST-08513,Surabaya,Individual
CUST-08514,Yogyakarta,Corporate
CUST-08515,Bandung,Individual
CUST-08516,Balikpapan,Corporate
CUST-08517,Semarang,Individual
CUST-08518,Denpasar,Individual
CUST-08519,Bandung,Individual
CUST-08520,Surabaya,Individual
CUST-08521,Medan,Individual
CUST-08522,Balikpapan,Individual
CUST-08523,Makassar,Individual
CUST-08524,Bandung,Individual
CUST-08525,Jakarta,Corporate
CUST-08526,Balikpapan,Individual
CUST-08527,Makassar,Individual
CUST-08528,Makassar,Individual
CUST-08529,Makassar,Individual
CUST-08530,Yogyakarta,Individual
CUST-08531,Jakarta,Individual
CUST-08532,Balikpapan,Individual
CUST-08533,Jakarta,Individual
CUST-08534,Bandung,nan
CUST-08535,Jakarta,Individual
CUST-08536,Bandung,Corporate
CUST-08537,Denpasar,nan
CUST-08538,Balikpapan,nan
CUST-08539,Jakarta,Individual
CUST-08540,Makassar,Individual
CUST-08541,Surabaya,Individual
CUST-08542,Semarang,Individual
CUST-08543,Makassar,Individual
CUST-08544,Palembang,Corporate
CUST-08545,Semarang,Individual
CUST-08546,Makassar,Individual
CUST-08547,Bandung,nan
CUST-08548,Yogyakarta,Individual
CUST-08549,Semarang,Individual
CUST-08550,Makassar,Individual
CUST-08551,Palembang,Individual
CUST-08552,Surabaya,Corporate
CUST-08553,Bandung,nan
CUST-08554,Semarang,Individual
CUST-08555,Balikpapan,Individual
CUST-08556,Makassar,Individual
CUST-08557,Makassar,Individual
CUST-08558,Denpasar,Individual
CUST-08559,Jakarta,Corporate
CUST-08560,Bandung,Individual
CUST-08561,Medan,nan
CUST-08562,Makassar,Individual
CUST-08563,Bandung,Corporate
CUST-08564,Semarang,Individual
CUST-08565,Medan,Individual
CUST-08566,Bandung,Individual
CUST-08567,Makassar,Individual
CUST-08568,Medan,Corporate
CUST-08569,Jakarta,Individual
CUST-08570,Semarang,Corporate
CUST-08571,Yogyakarta,Individual
CUST-08572,Jakarta,nan
CUST-08573,Bandung,nan
CUST-08574,Bandung,Corporate
CUST-08575,Jakarta,Individual
CUST-08576,Surabaya,Corporate
CUST-08577,Semarang,Individual
CUST-08578,Denpasar,Corporate
CUST-08579,Makassar,Individual
CUST-08580,Jakarta,Individual
CUST-08581,Medan,Individual
CUST-08582,Semarang,nan
CUST-08583,Surabaya,Corporate
CUST-08584,Yogyakarta,Individual
CUST-08585,Makassar,Individual
CUST-08586,Medan,Individual
CUST-08587,Balikpapan,Individual
CUST-08588,Denpasar,Individual
CUST-08589,Semarang,Individual
CUST-08590,Medan,Individual
CUST-08591,Surabaya,Individual
CUST-08592,Denpasar,nan
CUST-08593,Palembang,Corporate
CUST-08594,Surabaya,Corporate
CUST-08595,Bandung,Corporate
CUST-08596,Semarang,nan
CUST-08597,Denpasar,Individual
CUST-08598,Balikpapan,Corporate
CUST-08599,Bandung,Individual
CUST-08600,Palembang,Corporate
CUST-08601,Surabaya,Individual
CUST-08602,Medan,Individual
CUST-08603,Palembang,Corporate
CUST-08604,Surabaya,Individual
CUST-08605,Makassar,Corporate
CUST-08606,Semarang,Corporate
CUST-08607,Palembang,Individual
CUST-08608,Palembang,Individual
CUST-08609,Surabaya,Corporate
CUST-08610,Yogyakarta,Individual
CUST-08611,Yogyakarta,Individual
CUST-08612,Yogyakarta,Individual
CUST-08613,Makassar,Individual
CUST-08614,Denpasar,Individual
CUST-08615,Surabaya,Individual
CUST-08616,Surabaya,Individual
CUST-08617,Balikpapan,Individual
CUST-08618,Jakarta,Individual
CUST-08619,Yogyakarta,Individual
CUST-08620,Semarang,Individual
CUST-08621,Surabaya,Corporate
CUST-08622,Surabaya,Individual
CUST-08623,Makassar,Individual
CUST-08624,Balikpapan,Individual
CUST-08625,Balikpapan,Individual
CUST-08626,Bandung,Individual
CUST-08627,Jakarta,Corporate
CUST-08628,Yogyakarta,Corporate
CUST-08629,Semarang,Individual
CUST-08630,Yogyakarta,Individual
CUST-08631,Makassar,Corporate
CUST-08632,Surabaya,Individual
CUST-08633,Balikpapan,Corporate
CUST-08634,Balikpapan,Individual
CUST-08635,Balikpapan,Individual
CUST-08636,Denpasar,Individual
CUST-08637,Semarang,Individual
CUST-08638,Balikpapan,nan
CUST-08639,Palembang,Individual
CUST-08640,Surabaya,nan
CUST-08641,Denpasar,Individual
CUST-08642,Medan,Corporate
CUST-08643,Semarang,Individual
CUST-08644,Makassar,nan
CUST-08645,Makassar,Corporate
CUST-08646,Palembang,Individual
CUST-08647,Medan,Individual
CUST-08648,Medan,Individual
CUST-08649,Jakarta,Individual
CUST-08650,Denpasar,Individual
CUST-08651,Semarang,nan
CUST-08652,Semarang,Individual
CUST-08653,Surabaya,Individual
CUST-08654,Bandung,Individual
CUST-08655,Balikpapan,Individual
CUST-08656,Bandung,Individual
CUST-08657,Yogyakarta,Corporate
CUST-08658,Jakarta,Individual
CUST-08659,Semarang,Individual
CUST-08660,Jakarta,Individual
CUST-08661,Palembang,Individual
CUST-08662,Yogyakarta,Corporate
CUST-08663,Yogyakarta,nan
CUST-08664,Jakarta,Individual
CUST-08665,Bandung,nan
CUST-08666,Jakarta,Individual
CUST-08667,Makassar,nan
CUST-08668,Yogyakarta,Corporate
CUST-08669,Makassar,nan
CUST-08670,Jakarta,Corporate
CUST-08671,Palembang,Individual
CUST-08672,Denpasar,Individual
CUST-08673,Yogyakarta,Individual
CUST-08674,Jakarta,Individual
CUST-08675,Palembang,Individual
CUST-08676,Balikpapan,Corporate
CUST-08677,Medan,Individual
CUST-08678,Jakarta,Individual
CUST-08679,Bandung,nan
CUST-08680,Medan,Individual
CUST-08681,Jakarta,Corporate
CUST-08682,Surabaya,Individual
CUST-08683,Denpasar,Corporate
CUST-08684,Palembang,Individual
CUST-08685,Medan,nan
CUST-08686,Medan,Individual
CUST-08687,Surabaya,Individual
CUST-08688,Surabaya,Corporate
CUST-08689,Semarang,Corporate
CUST-08690,Yogyakarta,nan
CUST-08691,Surabaya,Individual
CUST-08692,Balikpapan,Individual
CUST-08693,Palembang,Individual
CUST-08694,Semarang,Individual
CUST-08695,Makassar,Individual
CUST-08696,Bandung,Individual
CUST-08697,Palembang,Corporate
CUST-08698,Yogyakarta,nan
CUST-08699,Semarang,Individual
CUST-08700,Denpasar,Individual
CUST-08701,Jakarta,Individual
CUST-08702,Palembang,Corporate
CUST-08703,Jakarta,Individual
CUST-08704,Bandung,nan
CUST-08705,Palembang,Corporate
CUST-08706,Jakarta,Corporate
CUST-08707,Medan,Individual
CUST-08708,Makassar,Individual
CUST-08709,Yogyakarta,Individual
CUST-08710,Yogyakarta,Corporate
CUST-08711,Makassar,Individual
CUST-08712,Palembang,Corporate
CUST-08713,Makassar,Corporate
CUST-08714,Medan,Corporate
CUST-08715,Surabaya,Corporate
CUST-08716,Bandung,Individual
CUST-08717,Denpasar,Individual
CUST-08718,Semarang,Corporate
CUST-08719,Palembang,Individual
CUST-08720,Denpasar,Corporate
CUST-08721,Makassar,Individual
CUST-08722,Jakarta,Individual
CUST-08723,Denpasar,Corporate
CUST-08724,Surabaya,Individual
CUST-08725,Palembang,Individual
CUST-08726,Makassar,Individual
CUST-08727,Surabaya,Corporate
CUST-08728,Surabaya,Corporate
CUST-08729,Makassar,nan
CUST-08730,Palembang,nan
CUST-08731,Semarang,nan
CUST-08732,Makassar,nan
CUST-08733,Denpasar,Individual
CUST-08734,Surabaya,nan
CUST-08735,Balikpapan,Corporate
CUST-08736,Medan,Corporate
CUST-08737,Bandung,Individual
CUST-08738,Yogyakarta,Individual
CUST-08739,Medan,Corporate
CUST-08740,Surabaya,Individual
CUST-08741,Denpasar,Individual
CUST-08742,Yogyakarta,Corporate
CUST-08743,Balikpapan,nan
CUST-08744,Jakarta,Individual
CUST-08745,Semarang,Individual
CUST-08746,Bandung,Individual
CUST-08747,Palembang,Individual
CUST-08748,Denpasar,Corporate
CUST-08749,Medan,nan
CUST-08750,Makassar,Individual
CUST-08751,Surabaya,Corporate
CUST-08752,Jakarta,Corporate
CUST-08753,Denpasar,Individual
CUST-08754,Balikpapan,Individual
CUST-08755,Denpasar,nan
CUST-08756,Semarang,Individual
CUST-08757,Surabaya,Individual
CUST-08758,Balikpapan,Corporate
CUST-08759,Makassar,Individual
CUST-08760,Jakarta,nan
CUST-08761,Surabaya,Individual
CUST-08762,Palembang,Individual
CUST-08763,Yogyakarta,Individual
CUST-08764,Balikpapan,Individual
CUST-08765,Medan,nan
CUST-08766,Balikpapan,Individual
CUST-08767,Makassar,Individual
CUST-08768,Jakarta,Individual
CUST-08769,Surabaya,Individual
CUST-08770,Medan,Corporate
CUST-08771,Makassar,nan
CUST-08772,Denpasar,Individual
CUST-08773,Semarang,Corporate
CUST-08774,Palembang,nan
CUST-08775,Makassar,nan
CUST-08776,Palembang,Individual
CUST-08777,Denpasar,Individual
CUST-08778,Denpasar,nan
CUST-08779,Medan,Corporate
CUST-08780,Surabaya,Corporate
CUST-08781,Balikpapan,Individual
CUST-08782,Jakarta,Corporate
CUST-08783,Palembang,Corporate
CUST-08784,Bandung,Individual
CUST-08785,Makassar,Individual
CUST-08786,Balikpapan,Individual
CUST-08787,Balikpapan,Individual
CUST-08788,Medan,Individual
CUST-08789,Yogyakarta,Individual
CUST-08790,Palembang,Individual
CUST-08791,Balikpapan,Corporate
CUST-08792,Yogyakarta,Individual
CUST-08793,Yogyakarta,Individual
CUST-08794,Medan,Individual
CUST-08795,Semarang,Corporate
CUST-08796,Medan,Individual
CUST-08797,Bandung,Corporate
CUST-08798,Surabaya,Corporate
CUST-08799,Denpasar,Individual
CUST-08800,Semarang,Individual
CUST-08801,Surabaya,nan
CUST-08802,Denpasar,Corporate
CUST-08803,Yogyakarta,Corporate
CUST-08804,Denpasar,Individual
CUST-08805,Palembang,Individual
CUST-08806,Semarang,Individual
CUST-08807,Makassar,Corporate
CUST-08808,Bandung,Corporate
CUST-08809,Yogyakarta,nan
CUST-08810,Bandung,Individual
CUST-08811,Balikpapan,Individual
CUST-08812,Palembang,nan
CUST-08813,Palembang,nan
CUST-08814,Balikpapan,Corporate
CUST-08815,Surabaya,Individual
CUST-08816,Palembang,Individual
CUST-08817,Makassar,Corporate
CUST-08818,Makassar,Corporate
CUST-08819,Bandung,Corporate
CUST-08820,Makassar,Individual
CUST-08821,Surabaya,Corporate
CUST-08822,Bandung,Individual
CUST-08823,Denpasar,Individual
CUST-08824,Bandung,nan
CUST-08825,Bandung,nan
CUST-08826,Yogyakarta,Individual
CUST-08827,Palembang,nan
CUST-08828,Semarang,Individual
CUST-08829,Balikpapan,Corporate
CUST-08830,Surabaya,Individual
CUST-08831,Bandung,nan
CUST-08832,Jakarta,Individual
CUST-08833,Jakarta,Individual
CUST-08834,Makassar,Corporate
CUST-08835,Yogyakarta,Individual
CUST-08836,Semarang,Corporate
CUST-08837,Medan,Individual
CUST-08838,Bandung,Individual
CUST-08839,Palembang,nan
CUST-08840,Medan,Individual
CUST-08841,Jakarta,Individual
CUST-08842,Medan,Corporate
CUST-08843,Yogyakarta,Individual
CUST-08844,Medan,Individual
CUST-08845,Medan,nan
CUST-08846,Yogyakarta,Individual
CUST-08847,Jakarta,Corporate
CUST-08848,Balikpapan,Individual
CUST-08849,Medan,Individual
CUST-08850,Balikpapan,Individual
CUST-08851,Surabaya,Corporate
CUST-08852,Denpasar,nan
CUST-08853,Balikpapan,Individual
CUST-08854,Balikpapan,Individual
CUST-08855,Surabaya,Individual
CUST-08856,Makassar,Individual
CUST-08857,Semarang,Individual
CUST-08858,Jakarta,Corporate
CUST-08859,Palembang,nan
CUST-08860,Semarang,Individual
CUST-08861,Yogyakarta,Individual
CUST-08862,Bandung,nan
CUST-08863,Denpasar,Individual
CUST-08864,Medan,Individual
CUST-08865,Yogyakarta,Individual
CUST-08866,Surabaya,Corporate
CUST-08867,Surabaya,nan
CUST-08868,Medan,Individual
CUST-08869,Makassar,Corporate
CUST-08870,Bandung,Individual
CUST-08871,Makassar,Corporate
CUST-08872,Bandung,Corporate
CUST-08873,Medan,nan
CUST-08874,Denpasar,nan
CUST-08875,Denpasar,Individual
CUST-08876,Surabaya,Individual
CUST-08877,Medan,Individual
CUST-08878,Palembang,Corporate
CUST-08879,Bandung,Individual
CUST-08880,Jakarta,Corporate
CUST-08881,Semarang,Corporate
CUST-08882,Semarang,Individual
CUST-08883,Surabaya,Individual
CUST-08884,Medan,Individual
CUST-08885,Bandung,Individual
CUST-08886,Makassar,Individual
CUST-08887,Palembang,Individual
CUST-08888,Denpasar,Corporate
CUST-08889,Makassar,nan
CUST-08890,Jakarta,Individual
CUST-08891,Palembang,Corporate
CUST-08892,Yogyakarta,Corporate
CUST-08893,Balikpapan,Individual
CUST-08894,Makassar,nan
CUST-08895,Surabaya,Corporate
CUST-08896,Surabaya,nan
CUST-08897,Surabaya,Corporate
CUST-08898,Medan,Corporate
CUST-08899,Medan,Individual
CUST-08900,Palembang,nan
CUST-08901,Yogyakarta,Individual
CUST-08902,Medan,Corporate
CUST-08903,Medan,Individual
CUST-08904,Semarang,nan
CUST-08905,Medan,Individual
CUST-08906,Yogyakarta,Individual
CUST-08907,Jakarta,Corporate
CUST-08908,Balikpapan,nan
CUST-08909,Balikpapan,Individual
CUST-08910,Surabaya,nan
CUST-08911,Denpasar,Individual
CUST-08912,Yogyakarta,Individual
CUST-08913,Jakarta,Individual
CUST-08914,Jakarta,Individual
CUST-08915,Bandung,Individual
CUST-08916,Bandung,Individual
CUST-08917,Surabaya,Corporate
CUST-08918,Surabaya,Individual
CUST-08919,Balikpapan,Individual
CUST-08920,Palembang,Individual
CUST-08921,Jakarta,Corporate
CUST-08922,Palembang,Corporate
CUST-08923,Bandung,Individual
CUST-08924,Denpasar,Individual
CUST-08925,Semarang,Individual
CUST-08926,Denpasar,Individual
CUST-08927,Palembang,Corporate
CUST-08928,Palembang,Corporate
CUST-08929,Denpasar,nan
CUST-08930,Palembang,Individual
CUST-08931,Makassar,Individual
CUST-08932,Bandung,Individual
CUST-08933,Bandung,Individual
CUST-08934,Balikpapan,Individual
CUST-08935,Yogyakarta,Individual
CUST-08936,Denpasar,Individual
CUST-08937,Palembang,Corporate
CUST-08938,Palembang,Corporate
CUST-08939,Semarang,nan
CUST-08940,Palembang,Individual
CUST-08941,Bandung,nan
CUST-08942,Surabaya,Individual
CUST-08943,Balikpapan,Corporate
CUST-08944,Medan,Corporate
CUST-08945,Denpasar,Individual
CUST-08946,Bandung,Corporate
CUST-08947,Denpasar,Individual
CUST-08948,Denpasar,Individual
CUST-08949,Jakarta,Corporate
CUST-08950,Yogyakarta,Individual
CUST-08951,Balikpapan,Corporate
CUST-08952,Medan,Individual
CUST-08953,Jakarta,Individual
CUST-08954,Palembang,Corporate
CUST-08955,Semarang,Individual
CUST-08956,Bandung,Individual
CUST-08957,Medan,Corporate
CUST-08958,Yogyakarta,Corporate
CUST-08959,Balikpapan,Individual
CUST-08960,Semarang,Individual
CUST-08961,Medan,Individual
CUST-08962,Yogyakarta,Individual
CUST-08963,Yogyakarta,Individual
CUST-08964,Balikpapan,Individual
CUST-08965,Jakarta,Individual
CUST-08966,Denpasar,Individual
CUST-08967,Palembang,Individual
CUST-08968,Semarang,Individual
CUST-08969,Yogyakarta,nan
CUST-08970,Makassar,nan
CUST-08971,Semarang,nan
CUST-08972,Semarang,Individual
CUST-08973,Jakarta,Corporate
CUST-08974,Denpasar,Corporate
CUST-08975,Denpasar,Individual
CUST-08976,Semarang,Corporate
CUST-08977,Jakarta,Corporate
CUST-08978,Palembang,Individual
CUST-08979,Denpasar,Corporate
CUST-08980,Balikpapan,Individual
CUST-08981,Bandung,Corporate
CUST-08982,Denpasar,Corporate
CUST-08983,Jakarta,Corporate
CUST-08984,Medan,Individual
CUST-08985,Palembang,Corporate
CUST-08986,Medan,Individual
CUST-08987,Medan,Corporate
CUST-08988,Bandung,Individual
CUST-08989,Makassar,Individual
CUST-08990,Jakarta,Individual
CUST-08991,Denpasar,nan
CUST-08992,Makassar,Individual
CUST-08993,Denpasar,nan
CUST-08994,Denpasar,Individual
CUST-08995,Denpasar,Corporate
CUST-08996,Jakarta,Corporate
CUST-08997,Semarang,Corporate
CUST-08998,Makassar,Individual
CUST-08999,Bandung,Individual
CUST-09000,Jakarta,Corporate
CUST-09001,Semarang,Individual
CUST-09002,Bandung,nan
CUST-09003,Makassar,Individual
CUST-09004,Makassar,Corporate
CUST-09005,Balikpapan,Individual
CUST-09006,Makassar,Individual
CUST-09007,Jakarta,Individual
CUST-09008,Denpasar,Individual
CUST-09009,Balikpapan,nan
CUST-09010,Semarang,Individual
CUST-09011,Semarang,Corporate
CUST-09012,Semarang,Individual
CUST-09013,Yogyakarta,Individual
CUST-09014,Surabaya,Individual
CUST-09015,Bandung,Corporate
CUST-09016,Makassar,Corporate
CUST-09017,Jakarta,Individual
CUST-09018,Denpasar,Individual
CUST-09019,Medan,Individual
CUST-09020,Balikpapan,Individual
CUST-09021,Jakarta,Individual
CUST-09022,Yogyakarta,Corporate
CUST-09023,Bandung,Individual
CUST-09024,Semarang,nan
CUST-09025,Palembang,Corporate
CUST-09026,Bandung,nan
CUST-09027,Bandung,Corporate
CUST-09028,Bandung,Individual
CUST-09029,Palembang,Individual
CUST-09030,Balikpapan,nan
CUST-09031,Bandung,Individual
CUST-09032,Palembang,Individual
CUST-09033,Palembang,Individual
CUST-09034,Yogyakarta,Corporate
CUST-09035,Surabaya,Individual
CUST-09036,Medan,nan
CUST-09037,Denpasar,Individual
CUST-09038,Balikpapan,Individual
CUST-09039,Bandung,Individual
CUST-09040,Denpasar,Corporate
CUST-09041,Yogyakarta,Individual
CUST-09042,Yogyakarta,Individual
CUST-09043,Bandung,Corporate
CUST-09044,Palembang,Individual
CUST-09045,Yogyakarta,Individual
CUST-09046,Semarang,nan
CUST-09047,Semarang,Individual
CUST-09048,Jakarta,Individual
CUST-09049,Medan,Individual
CUST-09050,Medan,Corporate
CUST-09051,Yogyakarta,nan
CUST-09052,Yogyakarta,Individual
CUST-09053,Medan,Corporate
CUST-09054,Denpasar,Individual
CUST-09055,Yogyakarta,Corporate
CUST-09056,Palembang,Corporate
CUST-09057,Balikpapan,Individual
CUST-09058,Yogyakarta,Individual
CUST-09059,Balikpapan,Individual
CUST-09060,Surabaya,Individual
CUST-09061,Semarang,Individual
CUST-09062,Surabaya,Individual
CUST-09063,Palembang,Corporate
CUST-09064,Bandung,Individual
CUST-09065,Jakarta,Individual
CUST-09066,Semarang,Individual
CUST-09067,Denpasar,Individual
CUST-09068,Medan,nan
CUST-09069,Makassar,Individual
CUST-09070,Balikpapan,Individual
CUST-09071,Semarang,Individual
CUST-09072,Semarang,Individual
CUST-09073,Yogyakarta,Individual
CUST-09074,Bandung,Individual
CUST-09075,Semarang,Individual
CUST-09076,Makassar,Individual
CUST-09077,Palembang,Individual
CUST-09078,Surabaya,Individual
CUST-09079,Bandung,Individual
CUST-09080,Bandung,Individual
CUST-09081,Makassar,Individual
CUST-09082,Makassar,Individual
CUST-09083,Surabaya,Individual
CUST-09084,Yogyakarta,Individual
CUST-09085,Jakarta,Individual
CUST-09086,Bandung,Corporate
CUST-09087,Medan,nan
CUST-09088,Bandung,nan
CUST-09089,Semarang,Individual
CUST-09090,Jakarta,nan
CUST-09091,Denpasar,Individual
CUST-09092,Bandung,Corporate
CUST-09093,Surabaya,Individual
CUST-09094,Surabaya,Individual
CUST-09095,Surabaya,Individual
CUST-09096,Makassar,Individual
CUST-09097,Surabaya,Individual
CUST-09098,Denpasar,Individual
CUST-09099,Semarang,Corporate
CUST-09100,Makassar,Individual
CUST-09101,Jakarta,Corporate
CUST-09102,Makassar,Individual
CUST-09103,Bandung,Corporate
CUST-09104,Balikpapan,Corporate
CUST-09105,Balikpapan,nan
CUST-09106,Bandung,Corporate
CUST-09107,Yogyakarta,nan
CUST-09108,Bandung,Individual
CUST-09109,Bandung,Individual
CUST-09110,Semarang,Individual
CUST-09111,Yogyakarta,nan
CUST-09112,Palembang,Individual
CUST-09113,Denpasar,Individual
CUST-09114,Jakarta,Individual
CUST-09115,Makassar,nan
CUST-09116,Palembang,Corporate
CUST-09117,Jakarta,nan
CUST-09118,Bandung,Corporate
CUST-09119,Yogyakarta,Individual
CUST-09120,Denpasar,Individual
CUST-09121,Denpasar,Individual
CUST-09122,Surabaya,Individual
CUST-09123,Makassar,Individual
CUST-09124,Semarang,nan
CUST-09125,Medan,Individual
CUST-09126,Yogyakarta,Individual
CUST-09127,Yogyakarta,Individual
CUST-09128,Balikpapan,nan
CUST-09129,Jakarta,Corporate
CUST-09130,Balikpapan,Individual
CUST-09131,Surabaya,Corporate
CUST-09132,Medan,Individual
CUST-09133,Surabaya,Individual
CUST-09134,Palembang,nan
CUST-09135,Denpasar,Individual
CUST-09136,Semarang,Corporate
CUST-09137,Makassar,Individual
CUST-09138,Surabaya,Individual
CUST-09139,Balikpapan,nan
CUST-09140,Semarang,nan
CUST-09141,Yogyakarta,Individual
CUST-09142,Yogyakarta,Individual
CUST-09143,Jakarta,Individual
CUST-09144,Bandung,Individual
CUST-09145,Medan,Corporate
CUST-09146,Yogyakarta,nan
CUST-09147,Surabaya,nan
CUST-09148,Medan,Individual
CUST-09149,Semarang,Corporate
CUST-09150,Medan,Individual
CUST-09151,Semarang,Individual
CUST-09152,Bandung,Individual
CUST-09153,Yogyakarta,Corporate
CUST-09154,Semarang,Individual
CUST-09155,Palembang,Corporate
CUST-09156,Jakarta,Individual
CUST-09157,Yogyakarta,Individual
CUST-09158,Balikpapan,Corporate
CUST-09159,Yogyakarta,Individual
CUST-09160,Balikpapan,Individual
CUST-09161,Medan,Individual
CUST-09162,Medan,Individual
CUST-09163,Jakarta,Individual
CUST-09164,Palembang,Individual
CUST-09165,Denpasar,Individual
CUST-09166,Medan,Individual
CUST-09167,Denpasar,Individual
CUST-09168,Yogyakarta,Individual
CUST-09169,Palembang,Individual
CUST-09170,Denpasar,nan
CUST-09171,Jakarta,Individual
CUST-09172,Bandung,Individual
CUST-09173,Palembang,Individual
CUST-09174,Semarang,Corporate
CUST-09175,Makassar,Individual
CUST-09176,Denpasar,Individual
CUST-09177,Makassar,Individual
CUST-09178,Medan,Corporate
CUST-09179,Yogyakarta,Corporate
CUST-09180,Denpasar,Individual
CUST-09181,Medan,Corporate
CUST-09182,Semarang,Individual
CUST-09183,Palembang,Corporate
CUST-09184,Bandung,Individual
CUST-09185,Makassar,Individual
CUST-09186,Makassar,Individual
CUST-09187,Medan,Corporate
CUST-09188,Semarang,Individual
CUST-09189,Surabaya,Individual
CUST-09190,Denpasar,nan
CUST-09191,Medan,Individual
CUST-09192,Denpasar,nan
CUST-09193,Yogyakarta,Individual
CUST-09194,Palembang,Individual
CUST-09195,Balikpapan,Corporate
CUST-09196,Jakarta,Corporate
CUST-09197,Jakarta,Corporate
CUST-09198,Surabaya,Individual
CUST-09199,Yogyakarta,Individual
CUST-09200,Yogyakarta,Corporate
CUST-09201,Balikpapan,Individual
CUST-09202,Yogyakarta,Individual
CUST-09203,Medan,Corporate
CUST-09204,Denpasar,Corporate
CUST-09205,Semarang,nan
CUST-09206,Makassar,nan
CUST-09207,Balikpapan,Individual
CUST-09208,Yogyakarta,Individual
CUST-09209,Jakarta,nan
CUST-09210,Denpasar,Individual
CUST-09211,Surabaya,nan
CUST-09212,Palembang,Individual
CUST-09213,Medan,Individual
CUST-09214,Makassar,Individual
CUST-09215,Semarang,Individual
CUST-09216,Yogyakarta,Individual
CUST-09217,Jakarta,Individual
CUST-09218,Palembang,Individual
CUST-09219,Makassar,Individual
CUST-09220,Yogyakarta,Individual
CUST-09221,Denpasar,Corporate
CUST-09222,Yogyakarta,Individual
CUST-09223,Semarang,Individual
CUST-09224,Denpasar,nan
CUST-09225,Yogyakarta,Individual
CUST-09226,Medan,Individual
CUST-09227,Makassar,Individual
CUST-09228,Medan,Individual
CUST-09229,Makassar,Individual
CUST-09230,Semarang,Individual
CUST-09231,Palembang,Individual
CUST-09232,Surabaya,Corporate
CUST-09233,Semarang,Individual
CUST-09234,Jakarta,Individual
CUST-09235,Yogyakarta,Individual
CUST-09236,Palembang,Individual
CUST-09237,Makassar,Individual
CUST-09238,Medan,Corporate
CUST-09239,Medan,Individual
CUST-09240,Makassar,Corporate
CUST-09241,Jakarta,Individual
CUST-09242,Jakarta,nan
CUST-09243,Yogyakarta,Corporate
CUST-09244,Yogyakarta,Individual
CUST-09245,Jakarta,Corporate
CUST-09246,Balikpapan,Individual
CUST-09247,Balikpapan,Individual
CUST-09248,Bandung,Individual
CUST-09249,Balikpapan,nan
CUST-09250,Semarang,Individual
CUST-09251,Bandung,Individual
CUST-09252,Jakarta,Individual
CUST-09253,Yogyakarta,Corporate
CUST-09254,Makassar,Individual
CUST-09255,Yogyakarta,Corporate
CUST-09256,Semarang,Individual
CUST-09257,Denpasar,Individual
CUST-09258,Makassar,nan
CUST-09259,Makassar,Corporate
CUST-09260,Medan,Individual
CUST-09261,Denpasar,Individual
CUST-09262,Surabaya,Individual
CUST-09263,Bandung,Corporate
CUST-09264,Semarang,Individual
CUST-09265,Palembang,Individual
CUST-09266,Yogyakarta,Individual
CUST-09267,Makassar,Individual
CUST-09268,Bandung,Corporate
CUST-09269,Makassar,Corporate
CUST-09270,Semarang,Individual
CUST-09271,Semarang,Corporate
CUST-09272,Makassar,Individual
CUST-09273,Balikpapan,Individual
CUST-09274,Makassar,Individual
CUST-09275,Denpasar,Individual
CUST-09276,Jakarta,Individual
CUST-09277,Jakarta,Individual
CUST-09278,Yogyakarta,Individual
CUST-09279,Jakarta,Corporate
CUST-09280,Makassar,nan
CUST-09281,Denpasar,Corporate
CUST-09282,Makassar,Individual
CUST-09283,Makassar,Individual
CUST-09284,Jakarta,Individual
CUST-09285,Jakarta,Corporate
CUST-09286,Surabaya,Corporate
CUST-09287,Semarang,Corporate
CUST-09288,Balikpapan,Individual
CUST-09289,Yogyakarta,Corporate
CUST-09290,Surabaya,Individual
CUST-09291,Semarang,Individual
CUST-09292,Bandung,Individual
CUST-09293,Denpasar,Corporate
CUST-09294,Balikpapan,Individual
CUST-09295,Makassar,Corporate
CUST-09296,Yogyakarta,nan
CUST-09297,Semarang,Individual
CUST-09298,Jakarta,Individual
CUST-09299,Jakarta,Individual
CUST-09300,Jakarta,nan
CUST-09301,Semarang,Individual
CUST-09302,Surabaya,Individual
CUST-09303,Palembang,Individual
CUST-09304,Denpasar,nan
CUST-09305,Balikpapan,Individual
CUST-09306,Denpasar,Individual
CUST-09307,Balikpapan,Individual
CUST-09308,Denpasar,Corporate
CUST-09309,Medan,Individual
CUST-09310,Medan,Individual
CUST-09311,Balikpapan,Individual
CUST-09312,Palembang,nan
CUST-09313,Medan,Individual
CUST-09314,Denpasar,Individual
CUST-09315,Surabaya,Individual
CUST-09316,Makassar,Individual
CUST-09317,Semarang,Individual
CUST-09318,Makassar,Individual
CUST-09319,Surabaya,Individual
CUST-09320,Palembang,Individual
CUST-09321,Denpasar,Corporate
CUST-09322,Surabaya,Individual
CUST-09323,Palembang,nan
CUST-09324,Bandung,Corporate
CUST-09325,Jakarta,Individual
CUST-09326,Medan,Individual
CUST-09327,Medan,Individual
CUST-09328,Denpasar,nan
CUST-09329,Jakarta,Individual
CUST-09330,Bandung,Individual
CUST-09331,Jakarta,Individual
CUST-09332,Balikpapan,Individual
CUST-09333,Bandung,Corporate
CUST-09334,Bandung,Corporate
CUST-09335,Jakarta,Corporate
CUST-09336,Semarang,Corporate
CUST-09337,Denpasar,Individual
CUST-09338,Balikpapan,Individual
CUST-09339,Semarang,Individual
CUST-09340,Semarang,Corporate
CUST-09341,Balikpapan,Individual
CUST-09342,Bandung,Corporate
CUST-09343,Surabaya,nan
CUST-09344,Makassar,nan
CUST-09345,Balikpapan,Individual
CUST-09346,Yogyakarta,Individual
CUST-09347,Makassar,Individual
CUST-09348,Balikpapan,nan
CUST-09349,Medan,Individual
CUST-09350,Bandung,Corporate
CUST-09351,Palembang,Individual
CUST-09352,Medan,Individual
CUST-09353,Bandung,Individual
CUST-09354,Denpasar,Corporate
CUST-09355,Palembang,Individual
CUST-09356,Makassar,Individual
CUST-09357,Palembang,nan
CUST-09358,Jakarta,Individual
CUST-09359,Jakarta,Individual
CUST-09360,Yogyakarta,Individual
CUST-09361,Palembang,Corporate
CUST-09362,Surabaya,Individual
CUST-09363,Yogyakarta,Corporate
CUST-09364,Yogyakarta,Individual
CUST-09365,Denpasar,Corporate
CUST-09366,Yogyakarta,Individual
CUST-09367,Palembang,Individual
CUST-09368,Yogyakarta,Individual
CUST-09369,Surabaya,Individual
CUST-09370,Makassar,Corporate
CUST-09371,Yogyakarta,Individual
CUST-09372,Makassar,Corporate
CUST-09373,Yogyakarta,Individual
CUST-09374,Surabaya,Individual
CUST-09375,Medan,nan
CUST-09376,Palembang,nan
CUST-09377,Makassar,Individual
CUST-09378,Denpasar,Individual
CUST-09379,Medan,Individual
CUST-09380,Semarang,Individual
CUST-09381,Yogyakarta,Corporate
CUST-09382,Yogyakarta,Individual
CUST-09383,Semarang,Individual
CUST-09384,Yogyakarta,Individual
CUST-09385,Balikpapan,Individual
CUST-09386,Yogyakarta,nan
CUST-09387,Makassar,Individual
CUST-09388,Bandung,Individual
CUST-09389,Jakarta,Individual
CUST-09390,Medan,Corporate
CUST-09391,Semarang,Individual
CUST-09392,Palembang,Individual
CUST-09393,Medan,Individual
CUST-09394,Makassar,Individual
CUST-09395,Denpasar,Corporate
CUST-09396,Semarang,Corporate
CUST-09397,Medan,Individual
CUST-09398,Semarang,Corporate
CUST-09399,Jakarta,Corporate
CUST-09400,Semarang,Individual
CUST-09401,Medan,Corporate
CUST-09402,Palembang,nan
CUST-09403,Semarang,nan
CUST-09404,Makassar,Corporate
CUST-09405,Surabaya,Individual
CUST-09406,Semarang,Individual
CUST-09407,Denpasar,Individual
CUST-09408,Semarang,nan
CUST-09409,Balikpapan,Individual
CUST-09410,Makassar,Corporate
CUST-09411,Jakarta,Corporate
CUST-09412,Bandung,nan
CUST-09413,Surabaya,Individual
CUST-09414,Balikpapan,Corporate
CUST-09415,Palembang,nan
CUST-09416,Semarang,nan
CUST-09417,Medan,Corporate
CUST-09418,Semarang,Individual
CUST-09419,Yogyakarta,Individual
CUST-09420,Medan,Individual
CUST-09421,Denpasar,Corporate
CUST-09422,Semarang,Individual
CUST-09423,Palembang,Individual
CUST-09424,Semarang,Individual
CUST-09425,Bandung,Individual
CUST-09426,Surabaya,Corporate
CUST-09427,Palembang,nan
CUST-09428,Jakarta,Corporate
CUST-09429,Makassar,Individual
CUST-09430,Makassar,Individual
CUST-09431,Semarang,Individual
CUST-09432,Bandung,Corporate
CUST-09433,Denpasar,Individual
CUST-09434,Semarang,Individual
CUST-09435,Medan,Corporate
CUST-09436,Yogyakarta,nan
CUST-09437,Denpasar,Corporate
CUST-09438,Balikpapan,Individual
CUST-09439,Yogyakarta,Corporate
CUST-09440,Yogyakarta,Individual
CUST-09441,Balikpapan,Individual
CUST-09442,Medan,nan
CUST-09443,Jakarta,Individual
CUST-09444,Denpasar,Individual
CUST-09445,Surabaya,Individual
CUST-09446,Bandung,Individual
CUST-09447,Denpasar,Corporate
CUST-09448,Denpasar,Individual
CUST-09449,Surabaya,Individual
CUST-09450,Medan,Individual
CUST-09451,Medan,Corporate
CUST-09452,Denpasar,nan
CUST-09453,Bandung,Individual
CUST-09454,Yogyakarta,Corporate
CUST-09455,Denpasar,Individual
CUST-09456,Palembang,nan
CUST-09457,Denpasar,Individual
CUST-09458,Palembang,Individual
CUST-09459,Palembang,Individual
CUST-09460,Yogyakarta,Corporate
CUST-09461,Medan,Corporate
CUST-09462,Balikpapan,Individual
CUST-09463,Palembang,Individual
CUST-09464,Palembang,Individual
CUST-09465,Denpasar,Corporate
CUST-09466,Makassar,Individual
CUST-09467,Bandung,Corporate
CUST-09468,Semarang,Individual
CUST-09469,Makassar,Corporate
CUST-09470,Jakarta,Individual
CUST-09471,Balikpapan,nan
CUST-09472,Balikpapan,Individual
CUST-09473,Yogyakarta,Individual
CUST-09474,Denpasar,Individual
CUST-09475,Yogyakarta,Individual
CUST-09476,Medan,Individual
CUST-09477,Denpasar,Individual
CUST-09478,Balikpapan,Individual
CUST-09479,Semarang,nan
CUST-09480,Balikpapan,Individual
CUST-09481,Makassar,Corporate
CUST-09482,Balikpapan,Individual
CUST-09483,Makassar,Individual
CUST-09484,Palembang,Individual
CUST-09485,Surabaya,Individual
CUST-09486,Jakarta,Individual
CUST-09487,Makassar,Corporate
CUST-09488,Bandung,Corporate
CUST-09489,Semarang,Corporate
CUST-09490,Denpasar,Individual
CUST-09491,Yogyakarta,nan
CUST-09492,Yogyakarta,Individual
CUST-09493,Jakarta,Individual
CUST-09494,Jakarta,Individual
CUST-09495,Medan,Individual
CUST-09496,Yogyakarta,Individual
CUST-09497,Medan,Individual
CUST-09498,Bandung,nan
CUST-09499,Surabaya,Individual
CUST-09500,Makassar,Corporate
CUST-09501,Medan,nan
CUST-09502,Medan,Individual
CUST-09503,Makassar,Individual
CUST-09504,Medan,Corporate
CUST-09505,Palembang,Corporate
CUST-09506,Medan,Individual
CUST-09507,Bandung,Individual
CUST-09508,Medan,Individual
CUST-09509,Balikpapan,nan
CUST-09510,Semarang,Individual
CUST-09511,Denpasar,Individual
CUST-09512,Balikpapan,nan
CUST-09513,Medan,Corporate
CUST-09514,Makassar,Individual
CUST-09515,Semarang,Individual
CUST-09516,Jakarta,Corporate
CUST-09517,Medan,Individual
CUST-09518,Yogyakarta,Corporate
CUST-09519,Surabaya,Individual
CUST-09520,Surabaya,Individual
CUST-09521,Bandung,nan
CUST-09522,Yogyakarta,Individual
CUST-09523,Bandung,nan
CUST-09524,Denpasar,Individual
CUST-09525,Denpasar,Individual
CUST-09526,Jakarta,Individual
CUST-09527,Makassar,Corporate
CUST-09528,Bandung,Corporate
CUST-09529,Palembang,Individual
CUST-09530,Palembang,Individual
CUST-09531,Makassar,Individual
CUST-09532,Surabaya,Individual
CUST-09533,Yogyakarta,Individual
CUST-09534,Semarang,Corporate
CUST-09535,Balikpapan,Individual
CUST-09536,Palembang,Corporate
CUST-09537,Semarang,Individual
CUST-09538,Balikpapan,Individual
CUST-09539,Yogyakarta,Individual
CUST-09540,Bandung,Corporate
CUST-09541,Yogyakarta,Individual
CUST-09542,Jakarta,Individual
CUST-09543,Semarang,Individual
CUST-09544,Makassar,nan
CUST-09545,Balikpapan,Individual
CUST-09546,Jakarta,Individual
CUST-09547,Denpasar,Individual
CUST-09548,Surabaya,Corporate
CUST-09549,Yogyakarta,Individual
CUST-09550,Balikpapan,Corporate
CUST-09551,Denpasar,Corporate
CUST-09552,Yogyakarta,Individual
CUST-09553,Yogyakarta,Individual
CUST-09554,Medan,Corporate
CUST-09555,Denpasar,Individual
CUST-09556,Denpasar,Individual
CUST-09557,Semarang,Individual
CUST-09558,Makassar,Individual
CUST-09559,Balikpapan,Individual
CUST-09560,Denpasar,nan
CUST-09561,Balikpapan,Corporate
CUST-09562,Surabaya,Individual
CUST-09563,Jakarta,Corporate
CUST-09564,Semarang,Individual
CUST-09565,Bandung,Corporate
CUST-09566,Jakarta,Corporate
CUST-09567,Balikpapan,Individual
CUST-09568,Balikpapan,Corporate
CUST-09569,Jakarta,nan
CUST-09570,Surabaya,Individual
CUST-09571,Medan,Individual
CUST-09572,Surabaya,nan
CUST-09573,Jakarta,nan
CUST-09574,Surabaya,nan
CUST-09575,Semarang,Corporate
CUST-09576,Bandung,Individual
CUST-09577,Denpasar,Individual
CUST-09578,Palembang,Individual
CUST-09579,Makassar,Individual
CUST-09580,Makassar,Corporate
CUST-09581,Yogyakarta,Individual
CUST-09582,Medan,Corporate
CUST-09583,Jakarta,Corporate
CUST-09584,Yogyakarta,Individual
CUST-09585,Bandung,Individual
CUST-09586,Palembang,Individual
CUST-09587,Denpasar,Corporate
CUST-09588,Surabaya,Corporate
CUST-09589,Bandung,nan
CUST-09590,Makassar,Corporate
CUST-09591,Surabaya,Individual
CUST-09592,Medan,Individual
CUST-09593,Denpasar,nan
CUST-09594,Makassar,Individual
CUST-09595,Makassar,Individual
CUST-09596,Palembang,Individual
CUST-09597,Jakarta,nan
CUST-09598,Denpasar,Corporate
CUST-09599,Denpasar,Corporate
CUST-09600,Makassar,Individual
CUST-09601,Jakarta,Individual
CUST-09602,Bandung,Individual
CUST-09603,Denpasar,Individual
CUST-09604,Surabaya,Individual
CUST-09605,Makassar,Individual
CUST-09606,Jakarta,Corporate
CUST-09607,Jakarta,Corporate
CUST-09608,Balikpapan,Corporate
CUST-09609,Bandung,Individual
CUST-09610,Medan,Individual
CUST-09611,Jakarta,Individual
CUST-09612,Bandung,Individual
CUST-09613,Makassar,Individual
CUST-09614,Yogyakarta,nan
CUST-09615,Surabaya,Corporate
CUST-09616,Palembang,Individual
CUST-09617,Surabaya,Individual
CUST-09618,Denpasar,Individual
CUST-09619,Semarang,Individual
CUST-09620,Makassar,Individual
CUST-09621,Bandung,Individual
CUST-09622,Semarang,nan
CUST-09623,Medan,Individual
CUST-09624,Palembang,nan
CUST-09625,Semarang,Individual
CUST-09626,Yogyakarta,Individual
CUST-09627,Semarang,Individual
CUST-09628,Palembang,Individual
CUST-09629,Balikpapan,nan
CUST-09630,Makassar,Individual
CUST-09631,Balikpapan,Corporate
CUST-09632,Semarang,nan
CUST-09633,Jakarta,Individual
CUST-09634,Yogyakarta,Individual
CUST-09635,Denpasar,Individual
CUST-09636,Makassar,nan
CUST-09637,Balikpapan,Individual
CUST-09638,Medan,Corporate
CUST-09639,Denpasar,Individual
CUST-09640,Makassar,Corporate
CUST-09641,Bandung,Corporate
CUST-09642,Medan,Individual
CUST-09643,Semarang,nan
CUST-09644,Jakarta,Individual
CUST-09645,Semarang,Corporate
CUST-09646,Semarang,Corporate
CUST-09647,Surabaya,Individual
CUST-09648,Yogyakarta,nan
CUST-09649,Medan,nan
CUST-09650,Medan,Individual
CUST-09651,Makassar,nan
CUST-09652,Denpasar,Individual
CUST-09653,Balikpapan,Individual
CUST-09654,Yogyakarta,Individual
CUST-09655,Medan,Individual
CUST-09656,Denpasar,Individual
CUST-09657,Balikpapan,Corporate
CUST-09658,Yogyakarta,Corporate
CUST-09659,Jakarta,Individual
CUST-09660,Semarang,Individual
CUST-09661,Jakarta,Corporate
CUST-09662,Yogyakarta,Corporate
CUST-09663,Yogyakarta,nan
CUST-09664,Balikpapan,Corporate
CUST-09665,Makassar,nan
CUST-09666,Denpasar,Individual
CUST-09667,Yogyakarta,Individual
CUST-09668,Semarang,Individual
CUST-09669,Balikpapan,Corporate
CUST-09670,Medan,Corporate
CUST-09671,Surabaya,Corporate
CUST-09672,Jakarta,Corporate
CUST-09673,Denpasar,Corporate
CUST-09674,Medan,Individual
CUST-09675,Palembang,Individual
CUST-09676,Medan,Individual
CUST-09677,Denpasar,Individual
CUST-09678,Medan,Individual
CUST-09679,Palembang,Individual
CUST-09680,Makassar,Individual
CUST-09681,Yogyakarta,Corporate
CUST-09682,Yogyakarta,Corporate
CUST-09683,Balikpapan,Individual
CUST-09684,Balikpapan,Individual
CUST-09685,Palembang,Individual
CUST-09686,Denpasar,Corporate
CUST-09687,Semarang,nan
CUST-09688,Bandung,nan
CUST-09689,Yogyakarta,Individual
CUST-09690,Surabaya,Individual
CUST-09691,Semarang,Individual
CUST-09692,Surabaya,Corporate
CUST-09693,Semarang,Individual
CUST-09694,Surabaya,Individual
CUST-09695,Bandung,Individual
CUST-09696,Denpasar,Corporate
CUST-09697,Surabaya,nan
CUST-09698,Yogyakarta,Individual
CUST-09699,Palembang,Corporate
CUST-09700,Palembang,nan
CUST-09701,Surabaya,Individual
CUST-09702,Palembang,Corporate
CUST-09703,Jakarta,Individual
CUST-09704,Balikpapan,Corporate
CUST-09705,Medan,nan
CUST-09706,Jakarta,Corporate
CUST-09707,Yogyakarta,Individual
CUST-09708,Yogyakarta,Corporate
CUST-09709,Balikpapan,Individual
CUST-09710,Balikpapan,nan
CUST-09711,Makassar,Corporate
CUST-09712,Medan,Individual
CUST-09713,Semarang,Individual
CUST-09714,Surabaya,Corporate
CUST-09715,Yogyakarta,nan
CUST-09716,Palembang,Individual
CUST-09717,Balikpapan,Individual
CUST-09718,Jakarta,Individual
CUST-09719,Palembang,Individual
CUST-09720,Jakarta,Corporate
CUST-09721,Balikpapan,nan
CUST-09722,Yogyakarta,Individual
CUST-09723,Balikpapan,nan
CUST-09724,Bandung,Corporate
CUST-09725,Makassar,Individual
CUST-09726,Medan,Corporate
CUST-09727,Bandung,Individual
CUST-09728,Semarang,Individual
CUST-09729,Semarang,Individual
CUST-09730,Balikpapan,Individual
CUST-09731,Semarang,Individual
CUST-09732,Bandung,Individual
CUST-09733,Makassar,Corporate
CUST-09734,Balikpapan,Individual
CUST-09735,Jakarta,Corporate
CUST-09736,Medan,nan
CUST-09737,Bandung,Individual
CUST-09738,Semarang,nan
CUST-09739,Surabaya,Individual
CUST-09740,Yogyakarta,Individual
CUST-09741,Medan,Corporate
CUST-09742,Palembang,Individual
CUST-09743,Bandung,Individual
CUST-09744,Yogyakarta,Corporate
CUST-09745,Jakarta,Corporate
CUST-09746,Surabaya,Individual
CUST-09747,Jakarta,Corporate
CUST-09748,Jakarta,Individual
CUST-09749,Denpasar,Individual
CUST-09750,Jakarta,nan
CUST-09751,Jakarta,Corporate
CUST-09752,Jakarta,Individual
CUST-09753,Yogyakarta,nan
CUST-09754,Bandung,Individual
CUST-09755,Balikpapan,Individual
CUST-09756,Yogyakarta,nan
CUST-09757,Jakarta,Individual
CUST-09758,Surabaya,Individual
CUST-09759,Makassar,Individual
CUST-09760,Balikpapan,Individual
CUST-09761,Medan,Corporate
CUST-09762,Bandung,Individual
CUST-09763,Jakarta,Individual
CUST-09764,Balikpapan,Corporate
CUST-09765,Yogyakarta,Corporate
CUST-09766,Makassar,Corporate
CUST-09767,Palembang,Corporate
CUST-09768,Makassar,Corporate
CUST-09769,Palembang,Individual
CUST-09770,Balikpapan,Individual
CUST-09771,Semarang,nan
CUST-09772,Jakarta,Individual
CUST-09773,Medan,Individual
CUST-09774,Palembang,Individual
CUST-09775,Denpasar,nan
CUST-09776,Yogyakarta,Corporate
CUST-09777,Jakarta,Individual
CUST-09778,Semarang,nan
CUST-09779,Bandung,Corporate
CUST-09780,Makassar,Corporate
CUST-09781,Yogyakarta,Corporate
CUST-09782,Balikpapan,Corporate
CUST-09783,Medan,Individual
CUST-09784,Surabaya,Individual
CUST-09785,Surabaya,Individual
CUST-09786,Jakarta,Individual
CUST-09787,Semarang,nan
CUST-09788,Yogyakarta,Individual
CUST-09789,Semarang,nan
CUST-09790,Yogyakarta,Individual
CUST-09791,Medan,Individual
CUST-09792,Semarang,Corporate
CUST-09793,Palembang,Corporate
CUST-09794,Surabaya,Individual
CUST-09795,Surabaya,Individual
CUST-09796,Makassar,Corporate
CUST-09797,Balikpapan,Individual
CUST-09798,Denpasar,nan
CUST-09799,Denpasar,Corporate
CUST-09800,Bandung,Individual
CUST-09801,Denpasar,Corporate
CUST-09802,Medan,Corporate
CUST-09803,Denpasar,Individual
CUST-09804,Yogyakarta,Corporate
CUST-09805,Surabaya,nan
CUST-09806,Jakarta,Individual
CUST-09807,Bandung,Corporate
CUST-09808,Yogyakarta,Corporate
CUST-09809,Jakarta,Corporate
CUST-09810,Denpasar,Individual
CUST-09811,Bandung,Individual
CUST-09812,Palembang,Individual
CUST-09813,Balikpapan,Individual
CUST-09814,Yogyakarta,Corporate
CUST-09815,Makassar,Individual
CUST-09816,Surabaya,Individual
CUST-09817,Palembang,Individual
CUST-09818,Bandung,Corporate
CUST-09819,Yogyakarta,Corporate
CUST-09820,Semarang,Individual
CUST-09821,Semarang,Individual
CUST-09822,Yogyakarta,Individual
CUST-09823,Surabaya,Corporate
CUST-09824,Surabaya,Individual
CUST-09825,Bandung,Corporate
CUST-09826,Yogyakarta,Corporate
CUST-09827,Balikpapan,nan
CUST-09828,Bandung,Individual
CUST-09829,Semarang,Individual
CUST-09830,Medan,Corporate
CUST-09831,Bandung,Corporate
CUST-09832,Palembang,Individual
CUST-09833,Yogyakarta,Individual
CUST-09834,Balikpapan,Corporate
CUST-09835,Denpasar,Individual
CUST-09836,Surabaya,Individual
CUST-09837,Makassar,Individual
CUST-09838,Yogyakarta,Individual
CUST-09839,Bandung,Individual
CUST-09840,Balikpapan,Individual
CUST-09841,Denpasar,Individual
CUST-09842,Semarang,Corporate
CUST-09843,Yogyakarta,Individual
CUST-09844,Surabaya,Individual
CUST-09845,Balikpapan,Individual
CUST-09846,Palembang,Corporate
CUST-09847,Semarang,Corporate
CUST-09848,Jakarta,Individual
CUST-09849,Bandung,Individual
CUST-09850,Semarang,Individual
CUST-09851,Makassar,Individual
CUST-09852,Balikpapan,Individual
CUST-09853,Jakarta,Corporate
CUST-09854,Jakarta,Individual
CUST-09855,Jakarta,Corporate
CUST-09856,Balikpapan,Individual
CUST-09857,Medan,Individual
CUST-09858,Surabaya,Corporate
CUST-09859,Palembang,Individual
CUST-09860,Balikpapan,nan
CUST-09861,Balikpapan,Individual
CUST-09862,Yogyakarta,nan
CUST-09863,Medan,Individual
CUST-09864,Medan,Individual
CUST-09865,Denpasar,Individual
CUST-09866,Semarang,Individual
CUST-09867,Surabaya,Individual
CUST-09868,Semarang,nan
CUST-09869,Palembang,nan
CUST-09870,Palembang,Individual
CUST-09871,Semarang,Individual
CUST-09872,Balikpapan,Individual
CUST-09873,Denpasar,Individual
CUST-09874,Denpasar,nan
CUST-09875,Palembang,nan
CUST-09876,Surabaya,Individual
CUST-09877,Palembang,Individual
CUST-09878,Bandung,nan
CUST-09879,Bandung,Individual
CUST-09880,Jakarta,Individual
CUST-09881,Makassar,Individual
CUST-09882,Balikpapan,nan
CUST-09883,Surabaya,Individual
CUST-09884,Palembang,Individual
CUST-09885,Surabaya,Individual
CUST-09886,Yogyakarta,Corporate
CUST-09887,Medan,Individual
CUST-09888,Makassar,nan
CUST-09889,Jakarta,Corporate
CUST-09890,Jakarta,Individual
CUST-09891,Semarang,Individual
CUST-09892,Balikpapan,Individual
CUST-09893,Bandung,nan
CUST-09894,Jakarta,Corporate
CUST-09895,Semarang,Corporate
CUST-09896,Surabaya,nan
CUST-09897,Palembang,nan
CUST-09898,Jakarta,nan
CUST-09899,Semarang,nan
CUST-09900,Yogyakarta,Individual
CUST-09901,Jakarta,Individual
CUST-09902,Jakarta,Individual
CUST-09903,Medan,nan
CUST-09904,Bandung,Corporate
CUST-09905,Jakarta,Individual
CUST-09906,Denpasar,Corporate
CUST-09907,Medan,Individual
CUST-09908,Medan,Individual
CUST-09909,Semarang,Corporate
CUST-09910,Semarang,nan
CUST-09911,Semarang,Corporate
CUST-09912,Medan,Corporate
CUST-09913,Yogyakarta,nan
CUST-09914,Jakarta,Individual
CUST-09915,Bandung,Individual
CUST-09916,Bandung,Individual
CUST-09917,Surabaya,Individual
CUST-09918,Semarang,Individual
CUST-09919,Palembang,Corporate
CUST-09920,Bandung,nan
CUST-09921,Bandung,Corporate
CUST-09922,Palembang,Individual
CUST-09923,Bandung,Individual
CUST-09924,Denpasar,Individual
CUST-09925,Semarang,Corporate
CUST-09926,Makassar,Individual
CUST-09927,Yogyakarta,Corporate
CUST-09928,Jakarta,Individual
CUST-09929,Balikpapan,Corporate
CUST-09930,Makassar,Corporate
CUST-09931,Semarang,Individual
CUST-09932,Palembang,nan
CUST-09933,Balikpapan,Corporate
CUST-09934,Denpasar,Individual
CUST-09935,Yogyakarta,Individual
CUST-09936,Semarang,Individual
CUST-09937,Palembang,Corporate
CUST-09938,Semarang,Corporate
CUST-09939,Jakarta,Corporate
CUST-09940,Jakarta,Individual
CUST-09941,Yogyakarta,Corporate
CUST-09942,Denpasar,Individual
CUST-09943,Medan,Individual
CUST-09944,Semarang,Corporate
CUST-09945,Medan,Individual
CUST-09946,Bandung,Individual
CUST-09947,Denpasar,Individual
CUST-09948,Yogyakarta,nan
CUST-09949,Semarang,Individual
CUST-09950,Makassar,Individual
CUST-09951,Makassar,Individual
CUST-09952,Balikpapan,Corporate
CUST-09953,Surabaya,Individual
CUST-09954,Bandung,nan
CUST-09955,Semarang,Individual
CUST-09956,Jakarta,Corporate
CUST-09957,Semarang,Corporate
CUST-09958,Palembang,Individual
CUST-09959,Makassar,Corporate
CUST-09960,Bandung,nan
CUST-09961,Balikpapan,Individual
CUST-09962,Semarang,Individual
CUST-09963,Balikpapan,Individual
CUST-09964,Balikpapan,nan
CUST-09965,Semarang,Individual
CUST-09966,Semarang,Individual
CUST-09967,Surabaya,Individual
CUST-09968,Surabaya,Individual
CUST-09969,Surabaya,Individual
CUST-09970,Balikpapan,Corporate
CUST-09971,Medan,Individual
CUST-09972,Medan,Corporate
CUST-09973,Balikpapan,Individual
CUST-09974,Jakarta,Individual
CUST-09975,Bandung,Individual
CUST-09976,Makassar,Individual
CUST-09977,Makassar,Corporate
CUST-09978,Medan,Individual
CUST-09979,Bandung,Individual
CUST-09980,Denpasar,Individual
CUST-09981,Yogyakarta,Individual
CUST-09982,Jakarta,Individual
CUST-09983,Palembang,Individual
CUST-09984,Surabaya,Individual
CUST-09985,Denpasar,Corporate
CUST-09986,Medan,Individual
CUST-09987,Medan,Individual
CUST-09988,Medan,Individual
CUST-09989,Palembang,Individual
CUST-09990,Palembang,Individual
CUST-09991,Jakarta,Individual
CUST-09992,Palembang,Individual
CUST-09993,Balikpapan,Corporate
CUST-09994,Bandung,Individual
CUST-09995,Denpasar,Individual
CUST-09996,Semarang,Corporate
CUST-09997,Yogyakarta,Individual
CUST-09998,Semarang,Corporate
CUST-09999,Jakarta,Individual
CUST-10000,Balikpapan,Corporate
CUST-10001,Palembang,Corporate
CUST-10002,Surabaya,Individual
CUST-10003,Palembang,Individual
CUST-10004,Makassar,Individual
CUST-10005,Palembang,Corporate
CUST-10006,Makassar,Corporate
CUST-10007,Makassar,Corporate
CUST-10008,Bandung,Individual
CUST-10009,Denpasar,Individual
CUST-10010,Surabaya,Individual
CUST-10011,Makassar,Individual
CUST-10012,Makassar,Individual
CUST-10013,Bandung,Individual
CUST-10014,Surabaya,nan
CUST-10015,Makassar,Individual
CUST-10016,Balikpapan,Corporate
CUST-10017,Bandung,Individual
CUST-10018,Surabaya,Individual
CUST-10019,Palembang,Corporate
CUST-10020,Palembang,nan
CUST-10021,Bandung,Individual
CUST-10022,Semarang,Individual
CUST-10023,Surabaya,Corporate
CUST-10024,Denpasar,Individual
CUST-10025,Yogyakarta,Corporate
CUST-10026,Surabaya,Corporate
CUST-10027,Makassar,Corporate
CUST-10028,Jakarta,Corporate
CUST-10029,Makassar,nan
CUST-10030,Yogyakarta,Individual
CUST-10031,Bandung,Corporate
CUST-10032,Semarang,Individual
CUST-10033,Surabaya,Individual
CUST-10034,Denpasar,Individual
CUST-10035,Surabaya,Corporate
CUST-10036,Bandung,Individual
CUST-10037,Surabaya,Individual
CUST-10038,Balikpapan,Individual
CUST-10039,Palembang,Corporate
CUST-10040,Denpasar,Corporate
CUST-10041,Medan,Individual
CUST-10042,Denpasar,Individual
CUST-10043,Jakarta,Individual
CUST-10044,Jakarta,Individual
CUST-10045,Surabaya,nan
CUST-10046,Balikpapan,Corporate
CUST-10047,Palembang,Individual
CUST-10048,Bandung,nan
CUST-10049,Semarang,Individual
CUST-10050,Yogyakarta,Individual
CUST-10051,Surabaya,Individual
CUST-10052,Makassar,Corporate
CUST-10053,Bandung,Corporate
CUST-10054,Medan,Individual
CUST-10055,Denpasar,nan
CUST-10056,Makassar,nan
CUST-10057,Makassar,Individual
CUST-10058,Surabaya,Individual
CUST-10059,Medan,Individual
CUST-10060,Jakarta,nan
CUST-10061,Jakarta,Individual
CUST-10062,Palembang,Individual
CUST-10063,Semarang,Individual
CUST-10064,Denpasar,Individual
CUST-10065,Balikpapan,Individual
CUST-10066,Bandung,Corporate
CUST-10067,Denpasar,Individual
CUST-10068,Surabaya,Individual
CUST-10069,Palembang,nan
CUST-10070,Yogyakarta,Individual
CUST-10071,Bandung,Individual
CUST-10072,Jakarta,Corporate
CUST-10073,Palembang,Individual
CUST-10074,Makassar,Individual
CUST-10075,Medan,nan
CUST-10076,Denpasar,Individual
CUST-10077,Balikpapan,nan
CUST-10078,Semarang,Individual
CUST-10079,Medan,Individual
CUST-10080,Semarang,Individual
CUST-10081,Surabaya,Corporate
CUST-10082,Yogyakarta,Individual
CUST-10083,Makassar,Corporate
CUST-10084,Denpasar,Corporate
CUST-10085,Bandung,Individual
CUST-10086,Jakarta,Corporate
CUST-10087,Denpasar,Individual
CUST-10088,Medan,Corporate
CUST-10089,Yogyakarta,Individual
CUST-10090,Palembang,Individual
CUST-10091,Palembang,Individual
CUST-10092,Makassar,Individual
CUST-10093,Surabaya,Individual
CUST-10094,Medan,Individual
CUST-10095,Makassar,Corporate
CUST-10096,Yogyakarta,Individual
CUST-10097,Jakarta,Individual
CUST-10098,Yogyakarta,nan
CUST-10099,Balikpapan,Individual
CUST-10100,Palembang,Corporate
CUST-10101,Denpasar,nan
CUST-10102,Bandung,nan
CUST-10103,Semarang,Corporate
CUST-10104,Jakarta,Individual
CUST-10105,Palembang,Corporate
CUST-10106,Surabaya,Corporate
CUST-10107,Bandung,Individual
CUST-10108,Bandung,Individual
CUST-10109,Bandung,Individual
CUST-10110,Denpasar,Corporate
CUST-10111,Semarang,Individual
CUST-10112,Yogyakarta,nan
CUST-10113,Surabaya,Individual
CUST-10114,Makassar,Individual
CUST-10115,Balikpapan,Individual
CUST-10116,Denpasar,Individual
CUST-10117,Surabaya,Corporate
CUST-10118,Surabaya,nan
CUST-10119,Makassar,Corporate
CUST-10120,Bandung,Individual
CUST-10121,Palembang,Individual
CUST-10122,Surabaya,Individual
CUST-10123,Balikpapan,Corporate
CUST-10124,Denpasar,Individual
CUST-10125,Bandung,Individual
CUST-10126,Denpasar,nan
CUST-10127,Medan,Individual
CUST-10128,Bandung,Individual
CUST-10129,Jakarta,Individual
CUST-10130,Yogyakarta,Individual
CUST-10131,Medan,Individual
CUST-10132,Surabaya,nan
CUST-10133,Palembang,Individual
CUST-10134,Semarang,Individual
CUST-10135,Medan,Individual
CUST-10136,Semarang,nan
CUST-10137,Surabaya,Corporate
CUST-10138,Semarang,Individual
CUST-10139,Medan,Individual
CUST-10140,Makassar,Corporate
CUST-10141,Denpasar,Corporate
CUST-10142,Balikpapan,nan
CUST-10143,Bandung,Individual
CUST-10144,Surabaya,Corporate
CUST-10145,Makassar,Individual
CUST-10146,Denpasar,Individual
CUST-10147,Jakarta,Individual
CUST-10148,Bandung,Individual
CUST-10149,Balikpapan,Corporate
CUST-10150,Yogyakarta,Individual
CUST-10151,Medan,Individual
CUST-10152,Semarang,Individual
CUST-10153,Bandung,nan
CUST-10154,Medan,Individual
CUST-10155,Surabaya,Corporate
CUST-10156,Jakarta,Corporate
CUST-10157,Denpasar,Individual
CUST-10158,Denpasar,nan
CUST-10159,Yogyakarta,Corporate
CUST-10160,Palembang,Corporate
CUST-10161,Medan,Individual
CUST-10162,Bandung,nan
CUST-10163,Yogyakarta,Corporate
CUST-10164,Jakarta,Individual
CUST-10165,Jakarta,Corporate
CUST-10166,Semarang,Individual
CUST-10167,Balikpapan,Corporate
CUST-10168,Medan,Individual
CUST-10169,Balikpapan,Corporate
CUST-10170,Denpasar,Individual
CUST-10171,Medan,Corporate
CUST-10172,Balikpapan,Individual
CUST-10173,Surabaya,Individual
CUST-10174,Surabaya,nan
CUST-10175,Medan,Individual
CUST-10176,Yogyakarta,Individual
CUST-10177,Palembang,Individual
CUST-10178,Balikpapan,Individual
CUST-10179,Surabaya,Individual
CUST-10180,Surabaya,Individual
CUST-10181,Medan,Individual
CUST-10182,Medan,Individual
CUST-10183,Surabaya,Individual
CUST-10184,Balikpapan,Individual
CUST-10185,Surabaya,Corporate
CUST-10186,Bandung,Individual
CUST-10187,Surabaya,Individual
CUST-10188,Denpasar,Individual
CUST-10189,Surabaya,Individual
CUST-10190,Semarang,Corporate
CUST-10191,Denpasar,Corporate
CUST-10192,Balikpapan,Individual
CUST-10193,Surabaya,Corporate
CUST-10194,Yogyakarta,Individual
CUST-10195,Palembang,Individual
CUST-10196,Jakarta,Individual
CUST-10197,Palembang,Individual
CUST-10198,Surabaya,Individual
CUST-10199,Jakarta,Individual
CUST-10200,Surabaya,Corporate
CUST-10201,Palembang,Corporate
CUST-10202,Semarang,Individual
CUST-10203,Yogyakarta,Corporate
CUST-10204,Yogyakarta,Individual
CUST-10205,Balikpapan,Corporate
CUST-10206,Semarang,Corporate
CUST-10207,Balikpapan,nan
CUST-10208,Semarang,Corporate
CUST-10209,Makassar,Corporate
CUST-10210,Makassar,nan
CUST-10211,Semarang,Corporate
CUST-10212,Makassar,Individual
CUST-10213,Surabaya,Individual
CUST-10214,Jakarta,Individual
CUST-10215,Balikpapan,Individual
CUST-10216,Makassar,Individual
CUST-10217,Jakarta,Individual
CUST-10218,Semarang,Corporate
CUST-10219,Medan,Corporate
CUST-10220,Balikpapan,Individual
CUST-10221,Medan,Individual
CUST-10222,Bandung,Corporate
CUST-10223,Yogyakarta,Individual
CUST-10224,Surabaya,Individual
CUST-10225,Makassar,Individual
CUST-10226,Jakarta,Individual
CUST-10227,Yogyakarta,Corporate
CUST-10228,Makassar,Individual
CUST-10229,Surabaya,nan
CUST-10230,Balikpapan,nan
CUST-10231,Jakarta,Individual
CUST-10232,Palembang,Individual
CUST-10233,Bandung,nan
CUST-10234,Palembang,Individual
CUST-10235,Palembang,Individual
CUST-10236,Denpasar,Corporate
CUST-10237,Surabaya,Individual
CUST-10238,Palembang,Individual
CUST-10239,Surabaya,Individual
CUST-10240,Yogyakarta,Individual
CUST-10241,Palembang,Individual
CUST-10242,Medan,Individual
CUST-10243,Medan,Individual
CUST-10244,Yogyakarta,Individual
CUST-10245,Medan,Individual
CUST-10246,Semarang,Corporate
CUST-10247,Surabaya,Individual
CUST-10248,Surabaya,Individual
CUST-10249,Makassar,Individual
CUST-10250,Surabaya,Individual
CUST-10251,Jakarta,Individual
CUST-10252,Denpasar,Corporate
CUST-10253,Yogyakarta,Individual
CUST-10254,Semarang,Individual
CUST-10255,Surabaya,Individual
CUST-10256,Yogyakarta,Individual
CUST-10257,Makassar,Individual
CUST-10258,Denpasar,nan
CUST-10259,Medan,Individual
CUST-10260,Balikpapan,Individual
CUST-10261,Makassar,Corporate
CUST-10262,Makassar,Individual
CUST-10263,Surabaya,nan
CUST-10264,Semarang,Individual
CUST-10265,Makassar,Individual
CUST-10266,Palembang,Corporate
CUST-10267,Yogyakarta,Corporate
CUST-10268,Yogyakarta,Corporate
CUST-10269,Medan,Individual
CUST-10270,Balikpapan,Individual
CUST-10271,Yogyakarta,Individual
CUST-10272,Yogyakarta,Individual
CUST-10273,Jakarta,nan
CUST-10274,Balikpapan,Individual
CUST-10275,Jakarta,Individual
CUST-10276,Surabaya,Corporate
CUST-10277,Medan,nan
CUST-10278,Denpasar,Individual
CUST-10279,Bandung,Corporate
CUST-10280,Makassar,nan
CUST-10281,Medan,Individual
CUST-10282,Makassar,Corporate
CUST-10283,Makassar,Individual
CUST-10284,Bandung,Individual
CUST-10285,Yogyakarta,Individual
CUST-10286,Yogyakarta,Individual
CUST-10287,Semarang,Individual
CUST-10288,Surabaya,Individual
CUST-10289,Makassar,Individual
CUST-10290,Makassar,Individual
CUST-10291,Medan,Individual
CUST-10292,Semarang,nan
CUST-10293,Jakarta,Corporate
CUST-10294,Medan,Individual
CUST-10295,Denpasar,nan
CUST-10296,Surabaya,Individual
CUST-10297,Jakarta,Individual
CUST-10298,Medan,Individual
CUST-10299,Medan,Individual
CUST-10300,Palembang,Individual
CUST-10301,Makassar,Corporate
CUST-10302,Surabaya,Individual
CUST-10303,Makassar,Individual
CUST-10304,Balikpapan,Corporate
CUST-10305,Jakarta,Individual
CUST-10306,Jakarta,Individual
CUST-10307,Yogyakarta,Corporate
CUST-10308,Jakarta,Individual
CUST-10309,Surabaya,Individual
CUST-10310,Medan,Individual
CUST-10311,Yogyakarta,Individual
CUST-10312,Palembang,Corporate
CUST-10313,Yogyakarta,Individual
CUST-10314,Semarang,Corporate
CUST-10315,Semarang,Corporate
CUST-10316,Balikpapan,Corporate
CUST-10317,Surabaya,Individual
CUST-10318,Makassar,Individual
CUST-10319,Medan,nan
CUST-10320,Semarang,Individual
CUST-10321,Surabaya,Individual
CUST-10322,Semarang,Individual
CUST-10323,Jakarta,nan
CUST-10324,Surabaya,Individual
CUST-10325,Surabaya,Corporate
CUST-10326,Makassar,Individual
CUST-10327,Semarang,nan
CUST-10328,Medan,Corporate
CUST-10329,Denpasar,Corporate
CUST-10330,Bandung,Corporate
CUST-10331,Medan,Individual
CUST-10332,Balikpapan,Corporate
CUST-10333,Medan,Individual
CUST-10334,Bandung,Individual
CUST-10335,Bandung,Individual
CUST-10336,Medan,Individual
CUST-10337,Palembang,Individual
CUST-10338,Palembang,Individual
CUST-10339,Yogyakarta,Individual
CUST-10340,Medan,Individual
CUST-10341,Palembang,Corporate
CUST-10342,Palembang,Individual
CUST-10343,Medan,Individual
CUST-10344,Palembang,nan
CUST-10345,Denpasar,Individual
CUST-10346,Jakarta,Corporate
CUST-10347,Bandung,Corporate
CUST-10348,Jakarta,nan
CUST-10349,Surabaya,Individual
CUST-10350,Medan,Corporate
CUST-10351,Palembang,nan
CUST-10352,Jakarta,Individual
CUST-10353,Yogyakarta,Individual
CUST-10354,Bandung,nan
CUST-10355,Medan,Individual
CUST-10356,Yogyakarta,Corporate
CUST-10357,Makassar,Individual
CUST-10358,Bandung,Individual
CUST-10359,Jakarta,Individual
CUST-10360,Jakarta,Individual
CUST-10361,Jakarta,Individual
CUST-10362,Palembang,Individual
CUST-10363,Yogyakarta,nan
CUST-10364,Jakarta,Corporate
CUST-10365,Jakarta,Individual
CUST-10366,Semarang,Individual
CUST-10367,Semarang,Individual
CUST-10368,Makassar,Individual
CUST-10369,Makassar,Corporate
CUST-10370,Medan,Individual
CUST-10371,Palembang,Individual
CUST-10372,Makassar,Individual
CUST-10373,Jakarta,Individual
CUST-10374,Denpasar,Individual
CUST-10375,Makassar,Corporate
CUST-10376,Medan,Individual
CUST-10377,Surabaya,Individual
CUST-10378,Bandung,Corporate
CUST-10379,Yogyakarta,Corporate
CUST-10380,Jakarta,Individual
CUST-10381,Makassar,Individual
CUST-10382,Jakarta,Individual
CUST-10383,Yogyakarta,Individual
CUST-10384,Semarang,Corporate
CUST-10385,Bandung,Corporate
CUST-10386,Bandung,Individual
CUST-10387,Yogyakarta,Corporate
CUST-10388,Medan,Corporate
CUST-10389,Yogyakarta,Individual
CUST-10390,Medan,Individual
CUST-10391,Makassar,Corporate
CUST-10392,Balikpapan,Individual
CUST-10393,Denpasar,Corporate
CUST-10394,Denpasar,nan
CUST-10395,Balikpapan,Individual
CUST-10396,Balikpapan,Corporate
CUST-10397,Bandung,Individual
CUST-10398,Makassar,Individual
CUST-10399,Jakarta,Individual
CUST-10400,Semarang,Corporate
CUST-10401,Makassar,Individual
CUST-10402,Jakarta,Individual
CUST-10403,Surabaya,Individual
CUST-10404,Bandung,Corporate
CUST-10405,Bandung,Individual
CUST-10406,Bandung,Individual
CUST-10407,Denpasar,Individual
CUST-10408,Surabaya,Individual
CUST-10409,Yogyakarta,Individual
CUST-10410,Jakarta,Corporate
CUST-10411,Medan,Corporate
CUST-10412,Medan,Individual
CUST-10413,Palembang,Individual
CUST-10414,Bandung,Individual
CUST-10415,Yogyakarta,Individual
CUST-10416,Surabaya,Individual
CUST-10417,Jakarta,Corporate
CUST-10418,Denpasar,Corporate
CUST-10419,Palembang,Individual
CUST-10420,Denpasar,Individual
CUST-10421,Denpasar,Individual
CUST-10422,Denpasar,nan
CUST-10423,Semarang,nan
CUST-10424,Surabaya,Individual
CUST-10425,Palembang,Corporate
CUST-10426,Balikpapan,Individual
CUST-10427,Medan,Individual
CUST-10428,Medan,Individual
CUST-10429,Surabaya,Individual
CUST-10430,Balikpapan,Individual
CUST-10431,Semarang,Corporate
CUST-10432,Denpasar,Individual
CUST-10433,Palembang,Individual
CUST-10434,Surabaya,Corporate
CUST-10435,Medan,Corporate
CUST-10436,Semarang,Individual
CUST-10437,Jakarta,nan
CUST-10438,Jakarta,Individual
CUST-10439,Surabaya,Individual
CUST-10440,Makassar,nan
CUST-10441,Palembang,Corporate
CUST-10442,Medan,Individual
CUST-10443,Makassar,Individual
CUST-10444,Denpasar,Individual
CUST-10445,Yogyakarta,Individual
CUST-10446,Makassar,Individual
CUST-10447,Semarang,Individual
CUST-10448,Medan,Corporate
CUST-10449,Palembang,Individual
CUST-10450,Yogyakarta,nan
CUST-10451,Yogyakarta,Individual
CUST-10452,Palembang,nan
CUST-10453,Semarang,Individual
CUST-10454,Balikpapan,Individual
CUST-10455,Palembang,Individual
CUST-10456,Yogyakarta,nan
CUST-10457,Makassar,Corporate
CUST-10458,Makassar,nan
CUST-10459,Denpasar,Individual
CUST-10460,Bandung,Corporate
CUST-10461,Semarang,Individual
CUST-10462,Bandung,Individual
CUST-10463,Jakarta,nan
CUST-10464,Balikpapan,Individual
CUST-10465,Jakarta,Individual
CUST-10466,Yogyakarta,Individual
CUST-10467,Balikpapan,Individual
CUST-10468,Yogyakarta,Corporate
CUST-10469,Medan,Individual
CUST-10470,Semarang,Individual
CUST-10471,Balikpapan,Individual
CUST-10472,Semarang,Corporate
CUST-10473,Palembang,Individual
CUST-10474,Denpasar,Corporate
CUST-10475,Bandung,Individual
CUST-10476,Yogyakarta,nan
CUST-10477,Semarang,Corporate
CUST-10478,Denpasar,Corporate
CUST-10479,Yogyakarta,Individual
CUST-10480,Yogyakarta,Individual
CUST-10481,Yogyakarta,Individual
CUST-10482,Balikpapan,Individual
CUST-10483,Bandung,nan
CUST-10484,Yogyakarta,Corporate
CUST-10485,Yogyakarta,Individual
CUST-10486,Balikpapan,Corporate
CUST-10487,Balikpapan,Corporate
CUST-10488,Balikpapan,Corporate
CUST-10489,Balikpapan,Individual
CUST-10490,Makassar,Corporate
CUST-10491,Balikpapan,Individual
CUST-10492,Medan,Corporate
CUST-10493,Makassar,Individual
CUST-10494,Denpasar,Individual
CUST-10495,Surabaya,nan
CUST-10496,Yogyakarta,Corporate
CUST-10497,Bandung,Corporate
CUST-10498,Yogyakarta,Corporate
CUST-10499,Yogyakarta,Corporate
CUST-10500,Medan,Individual
CUST-10501,Medan,Corporate
CUST-10502,Bandung,Individual
CUST-10503,Surabaya,Individual
CUST-10504,Jakarta,Individual
CUST-10505,Yogyakarta,Individual
CUST-10506,Palembang,Individual
CUST-10507,Yogyakarta,nan
CUST-10508,Bandung,nan
CUST-10509,Semarang,Individual
CUST-10510,Jakarta,Individual
CUST-10511,Palembang,Individual
CUST-10512,Medan,Individual
CUST-10513,Surabaya,Corporate
CUST-10514,Bandung,Individual
CUST-10515,Medan,Individual
CUST-10516,Jakarta,Individual
CUST-10517,Medan,Individual
CUST-10518,Yogyakarta,Corporate
CUST-10519,Palembang,Corporate
CUST-10520,Jakarta,nan
CUST-10521,Palembang,Individual
CUST-10522,Balikpapan,Individual
CUST-10523,Makassar,Individual
CUST-10524,Surabaya,Individual
CUST-10525,Palembang,nan
CUST-10526,Jakarta,Individual
CUST-10527,Balikpapan,Individual
CUST-10528,Palembang,Individual
CUST-10529,Palembang,nan
CUST-10530,Jakarta,Individual
CUST-10531,Medan,Individual
CUST-10532,Makassar,Individual
CUST-10533,Denpasar,nan
CUST-10534,Yogyakarta,Corporate
CUST-10535,Makassar,Corporate
CUST-10536,Bandung,Individual
CUST-10537,Bandung,Individual
CUST-10538,Surabaya,Corporate
CUST-10539,Makassar,Individual
CUST-10540,Medan,Individual
CUST-10541,Jakarta,Corporate
CUST-10542,Bandung,Individual
CUST-10543,Palembang,Individual
CUST-10544,Jakarta,Individual
CUST-10545,Bandung,Corporate
CUST-10546,Medan,Individual
CUST-10547,Balikpapan,Corporate
CUST-10548,Palembang,Individual
CUST-10549,Bandung,Individual
CUST-10550,Medan,Individual
CUST-10551,Medan,nan
CUST-10552,Medan,nan
CUST-10553,Semarang,Individual
CUST-10554,Palembang,Individual
CUST-10555,Balikpapan,Individual
CUST-10556,Jakarta,nan
CUST-10557,Balikpapan,nan
CUST-10558,Yogyakarta,Individual
CUST-10559,Medan,Corporate
CUST-10560,Bandung,Corporate
CUST-10561,Palembang,Individual
CUST-10562,Denpasar,Individual
CUST-10563,Yogyakarta,Individual
CUST-10564,Jakarta,Individual
CUST-10565,Bandung,nan
CUST-10566,Denpasar,Individual
CUST-10567,Balikpapan,Individual
CUST-10568,Palembang,Corporate
CUST-10569,Surabaya,Corporate
CUST-10570,Yogyakarta,Individual
CUST-10571,Denpasar,nan
CUST-10572,Surabaya,Corporate
CUST-10573,Yogyakarta,nan
CUST-10574,Bandung,Corporate
CUST-10575,Surabaya,Individual
CUST-10576,Surabaya,Individual
CUST-10577,Palembang,Individual
CUST-10578,Balikpapan,Individual
CUST-10579,Semarang,Individual
CUST-10580,Makassar,Individual
CUST-10581,Surabaya,Individual
CUST-10582,Semarang,Corporate
CUST-10583,Makassar,Individual
CUST-10584,Balikpapan,Individual
CUST-10585,Surabaya,Individual
CUST-10586,Makassar,Individual
CUST-10587,Makassar,nan
CUST-10588,Surabaya,nan
CUST-10589,Medan,Individual
CUST-10590,Surabaya,Corporate
CUST-10591,Surabaya,Individual
CUST-10592,Jakarta,Individual
CUST-10593,Surabaya,Individual
CUST-10594,Yogyakarta,Individual
CUST-10595,Balikpapan,Individual
CUST-10596,Palembang,Individual
CUST-10597,Denpasar,Individual
CUST-10598,Palembang,Individual
CUST-10599,Makassar,Individual
CUST-10600,Jakarta,Individual
CUST-10601,Makassar,Corporate
CUST-10602,Denpasar,Individual
CUST-10603,Balikpapan,Corporate
CUST-10604,Yogyakarta,nan
CUST-10605,Bandung,Individual
CUST-10606,Bandung,Corporate
CUST-10607,Makassar,Individual
CUST-10608,Jakarta,Individual
CUST-10609,Balikpapan,Individual
CUST-10610,Surabaya,nan
CUST-10611,Palembang,Individual
CUST-10612,Makassar,Individual
CUST-10613,Makassar,Corporate
CUST-10614,Semarang,Individual
CUST-10615,Denpasar,Individual
CUST-10616,Yogyakarta,Corporate
CUST-10617,Yogyakarta,Individual
CUST-10618,Surabaya,Individual
CUST-10619,Balikpapan,Individual
CUST-10620,Palembang,Individual
CUST-10621,Makassar,Individual
CUST-10622,Semarang,Corporate
CUST-10623,Jakarta,Individual
CUST-10624,Jakarta,Corporate
CUST-10625,Bandung,Corporate
CUST-10626,Palembang,Individual
CUST-10627,Makassar,Individual
CUST-10628,Balikpapan,Corporate
CUST-10629,Surabaya,Corporate
CUST-10630,Medan,Individual
CUST-10631,Medan,Individual
CUST-10632,Bandung,Individual
CUST-10633,Yogyakarta,Individual
CUST-10634,Surabaya,Individual
CUST-10635,Yogyakarta,Individual
CUST-10636,Medan,nan
CUST-10637,Jakarta,Individual
CUST-10638,Surabaya,nan
CUST-10639,Balikpapan,Individual
CUST-10640,Yogyakarta,Corporate
CUST-10641,Makassar,Individual
CUST-10642,Surabaya,Individual
CUST-10643,Surabaya,Individual
CUST-10644,Balikpapan,nan
CUST-10645,Bandung,Individual
CUST-10646,Surabaya,nan
CUST-10647,Palembang,Corporate
CUST-10648,Balikpapan,Individual
CUST-10649,Yogyakarta,nan
CUST-10650,Jakarta,Corporate
CUST-10651,Denpasar,Corporate
CUST-10652,Palembang,nan
CUST-10653,Denpasar,Corporate
CUST-10654,Makassar,Corporate
CUST-10655,Denpasar,Corporate
CUST-10656,Medan,Individual
CUST-10657,Balikpapan,Individual
CUST-10658,Balikpapan,Corporate
CUST-10659,Semarang,nan
CUST-10660,Medan,nan
CUST-10661,Medan,Individual
CUST-10662,Bandung,Corporate
CUST-10663,Jakarta,Corporate
CUST-10664,Medan,Individual
CUST-10665,Bandung,Individual
CUST-10666,Bandung,Individual
CUST-10667,Bandung,Individual
CUST-10668,Bandung,Individual
CUST-10669,Bandung,Individual
CUST-10670,Medan,Individual
CUST-10671,Surabaya,Individual
CUST-10672,Jakarta,Individual
CUST-10673,Bandung,Individual
CUST-10674,Medan,nan
CUST-10675,Semarang,Individual
CUST-10676,Medan,Individual
CUST-10677,Semarang,Corporate
CUST-10678,Surabaya,Individual
CUST-10679,Yogyakarta,nan
CUST-10680,Denpasar,nan
CUST-10681,Jakarta,Corporate
CUST-10682,Jakarta,Corporate
CUST-10683,Medan,Individual
CUST-10684,Medan,Corporate
CUST-10685,Yogyakarta,Individual
CUST-10686,Medan,Individual
CUST-10687,Bandung,nan
CUST-10688,Bandung,Corporate
CUST-10689,Jakarta,Individual
CUST-10690,Balikpapan,Corporate
CUST-10691,Surabaya,Individual
CUST-10692,Semarang,nan
CUST-10693,Semarang,Individual
CUST-10694,Denpasar,Individual
CUST-10695,Jakarta,Individual
CUST-10696,Yogyakarta,nan
CUST-10697,Makassar,Corporate
CUST-10698,Jakarta,Individual
CUST-10699,Yogyakarta,Corporate
CUST-10700,Semarang,Individual
CUST-10701,Surabaya,Corporate
CUST-10702,Surabaya,Individual
CUST-10703,Semarang,nan
CUST-10704,Medan,Corporate
CUST-10705,Semarang,Individual
CUST-10706,Palembang,Individual
CUST-10707,Semarang,Individual
CUST-10708,Yogyakarta,Individual
CUST-10709,Bandung,Individual
CUST-10710,Surabaya,Individual
CUST-10711,Bandung,Individual
CUST-10712,Palembang,Individual
CUST-10713,Makassar,Corporate
CUST-10714,Semarang,Individual
CUST-10715,Jakarta,Individual
CUST-10716,Surabaya,Individual
CUST-10717,Yogyakarta,Individual
CUST-10718,Makassar,Corporate
CUST-10719,Denpasar,Individual
CUST-10720,Denpasar,Individual
CUST-10721,Balikpapan,Individual
CUST-10722,Palembang,Individual
CUST-10723,Semarang,Corporate
CUST-10724,Medan,Individual
CUST-10725,Semarang,Individual
CUST-10726,Medan,Individual
CUST-10727,Denpasar,Individual
CUST-10728,Semarang,Individual
CUST-10729,Surabaya,Individual
CUST-10730,Palembang,Corporate
CUST-10731,Medan,Individual
CUST-10732,Makassar,Individual
CUST-10733,Yogyakarta,Individual
CUST-10734,Medan,Individual
CUST-10735,Bandung,Corporate
CUST-10736,Balikpapan,Individual
CUST-10737,Bandung,Individual
CUST-10738,Yogyakarta,Corporate
CUST-10739,Semarang,Corporate
CUST-10740,Jakarta,Individual
CUST-10741,Balikpapan,Individual
CUST-10742,Semarang,Individual
CUST-10743,Medan,Individual
CUST-10744,Jakarta,Corporate
CUST-10745,Palembang,nan
CUST-10746,Medan,Individual
CUST-10747,Yogyakarta,Individual
CUST-10748,Semarang,Corporate
CUST-10749,Bandung,nan
CUST-10750,Medan,nan
CUST-10751,Jakarta,Individual
CUST-10752,Palembang,Individual
CUST-10753,Surabaya,Corporate
CUST-10754,Denpasar,nan
CUST-10755,Denpasar,Individual
CUST-10756,Surabaya,Individual
CUST-10757,Yogyakarta,Corporate
CUST-10758,Palembang,Corporate
CUST-10759,Denpasar,Individual
CUST-10760,Semarang,Individual
CUST-10761,Makassar,nan
CUST-10762,Semarang,Individual
CUST-10763,Medan,nan
CUST-10764,Denpasar,Individual
CUST-10765,Bandung,Individual
CUST-10766,Palembang,Corporate
CUST-10767,Semarang,Individual
CUST-10768,Yogyakarta,Individual
CUST-10769,Makassar,nan
CUST-10770,Yogyakarta,Individual
CUST-10771,Balikpapan,Individual
CUST-10772,Palembang,Corporate
CUST-10773,Jakarta,Individual
CUST-10774,Balikpapan,Individual
CUST-10775,Medan,Corporate
CUST-10776,Palembang,nan
CUST-10777,Denpasar,Individual
CUST-10778,Bandung,Corporate
CUST-10779,Balikpapan,Corporate
CUST-10780,Makassar,nan
CUST-10781,Jakarta,Corporate
CUST-10782,Palembang,nan
CUST-10783,Yogyakarta,Corporate
CUST-10784,Jakarta,Corporate
CUST-10785,Medan,Individual
CUST-10786,Bandung,Corporate
CUST-10787,Denpasar,Individual
CUST-10788,Balikpapan,Individual
CUST-10789,Yogyakarta,Individual
CUST-10790,Denpasar,nan
CUST-10791,Makassar,nan
CUST-10792,Bandung,nan
CUST-10793,Makassar,Corporate
CUST-10794,Medan,Individual
CUST-10795,Bandung,Individual
CUST-10796,Makassar,Corporate
CUST-10797,Semarang,Individual
CUST-10798,Bandung,Individual
CUST-10799,Denpasar,Corporate
CUST-10800,Balikpapan,Individual
CUST-10801,Medan,Individual
CUST-10802,Surabaya,nan
CUST-10803,Palembang,Corporate
CUST-10804,Palembang,Individual
CUST-10805,Yogyakarta,nan
CUST-10806,Palembang,Individual
CUST-10807,Denpasar,Individual
CUST-10808,Palembang,Individual
CUST-10809,Jakarta,Individual
CUST-10810,Denpasar,Corporate
CUST-10811,Denpasar,Individual
CUST-10812,Jakarta,Corporate
CUST-10813,Medan,Corporate
CUST-10814,Surabaya,Individual
CUST-10815,Palembang,Individual
CUST-10816,Yogyakarta,Corporate
CUST-10817,Denpasar,nan
CUST-10818,Yogyakarta,Individual
CUST-10819,Jakarta,Individual
CUST-10820,Yogyakarta,Individual
CUST-10821,Yogyakarta,Individual
CUST-10822,Balikpapan,Individual
CUST-10823,Semarang,Individual
CUST-10824,Surabaya,Individual
CUST-10825,Makassar,Individual
CUST-10826,Surabaya,Individual
CUST-10827,Semarang,nan
CUST-10828,Bandung,Individual
CUST-10829,Balikpapan,Individual
CUST-10830,Medan,Individual
CUST-10831,Medan,Individual
CUST-10832,Medan,Individual
CUST-10833,Balikpapan,nan
CUST-10834,Makassar,Corporate
CUST-10835,Jakarta,Corporate
CUST-10836,Surabaya,Individual
CUST-10837,Yogyakarta,Individual
CUST-10838,Semarang,nan
CUST-10839,Jakarta,Corporate
CUST-10840,Semarang,Individual
CUST-10841,Makassar,Individual
CUST-10842,Bandung,Individual
CUST-10843,Semarang,Individual
CUST-10844,Denpasar,Corporate
CUST-10845,Palembang,Corporate
CUST-10846,Medan,nan
CUST-10847,Medan,Corporate
CUST-10848,Bandung,Individual
CUST-10849,Medan,Corporate
CUST-10850,Bandung,Corporate
CUST-10851,Semarang,Corporate
CUST-10852,Medan,Individual
CUST-10853,Jakarta,Individual
CUST-10854,Jakarta,nan
CUST-10855,Yogyakarta,Corporate
CUST-10856,Surabaya,Corporate
CUST-10857,Medan,Corporate
CUST-10858,Surabaya,Corporate
CUST-10859,Makassar,Individual
CUST-10860,Medan,Individual
CUST-10861,Denpasar,Corporate
CUST-10862,Yogyakarta,nan
CUST-10863,Semarang,Individual
CUST-10864,Balikpapan,Individual
CUST-10865,Semarang,Individual
CUST-10866,Bandung,Individual
CUST-10867,Yogyakarta,Corporate
CUST-10868,Denpasar,nan
CUST-10869,Palembang,Corporate
CUST-10870,Palembang,Corporate
CUST-10871,Jakarta,Individual
CUST-10872,Jakarta,Corporate
CUST-10873,Jakarta,Individual
CUST-10874,Palembang,Individual
CUST-10875,Medan,Corporate
CUST-10876,Denpasar,Individual
CUST-10877,Surabaya,Corporate
CUST-10878,Denpasar,nan
CUST-10879,Yogyakarta,nan
CUST-10880,Yogyakarta,Corporate
CUST-10881,Balikpapan,Individual
CUST-10882,Yogyakarta,nan
CUST-10883,Bandung,nan
CUST-10884,Makassar,nan
CUST-10885,Makassar,Corporate
CUST-10886,Palembang,Individual
CUST-10887,Yogyakarta,Individual
CUST-10888,Denpasar,Individual
CUST-10889,Denpasar,Corporate
CUST-10890,Balikpapan,Individual
CUST-10891,Semarang,nan
CUST-10892,Jakarta,nan
CUST-10893,Bandung,Individual
CUST-10894,Yogyakarta,Individual
CUST-10895,Semarang,nan
CUST-10896,Yogyakarta,Individual
CUST-10897,Balikpapan,Individual
CUST-10898,Makassar,Individual
CUST-10899,Palembang,Corporate
CUST-10900,Makassar,Individual
CUST-10901,Yogyakarta,Individual
CUST-10902,Surabaya,nan
CUST-10903,Medan,Corporate
CUST-10904,Palembang,Individual
CUST-10905,Balikpapan,Individual
CUST-10906,Jakarta,Individual
CUST-10907,Semarang,Individual
CUST-10908,Palembang,Individual
CUST-10909,Yogyakarta,Corporate
CUST-10910,Semarang,Individual
CUST-10911,Denpasar,Individual
CUST-10912,Jakarta,Individual
CUST-10913,Jakarta,nan
CUST-10914,Bandung,Corporate
CUST-10915,Palembang,Corporate
CUST-10916,Surabaya,Individual
CUST-10917,Palembang,nan
CUST-10918,Bandung,Corporate
CUST-10919,Bandung,Corporate
CUST-10920,Bandung,Individual
CUST-10921,Jakarta,Individual
CUST-10922,Balikpapan,Individual
CUST-10923,Palembang,Individual
CUST-10924,Surabaya,Individual
CUST-10925,Denpasar,Individual
CUST-10926,Semarang,Individual
CUST-10927,Bandung,Individual
CUST-10928,Jakarta,Corporate
CUST-10929,Surabaya,nan
CUST-10930,Balikpapan,nan
CUST-10931,Jakarta,Corporate
CUST-10932,Yogyakarta,nan
CUST-10933,Denpasar,Individual
CUST-10934,Jakarta,Individual
CUST-10935,Bandung,Individual
CUST-10936,Denpasar,Individual
CUST-10937,Medan,Individual
CUST-10938,Makassar,nan
CUST-10939,Denpasar,nan
CUST-10940,Semarang,nan
CUST-10941,Makassar,Individual
CUST-10942,Yogyakarta,Individual
CUST-10943,Bandung,Individual
CUST-10944,Balikpapan,Corporate
CUST-10945,Bandung,Individual
CUST-10946,Yogyakarta,Individual
CUST-10947,Denpasar,Individual
CUST-10948,Yogyakarta,Individual
CUST-10949,Yogyakarta,nan
CUST-10950,Semarang,Individual
CUST-10951,Yogyakarta,Individual
CUST-10952,Medan,Corporate
CUST-10953,Semarang,Individual
CUST-10954,Denpasar,Individual
CUST-10955,Denpasar,Individual
CUST-10956,Palembang,nan
CUST-10957,Medan,nan
CUST-10958,Balikpapan,nan
CUST-10959,Semarang,Individual
CUST-10960,Palembang,nan
CUST-10961,Jakarta,Individual
CUST-10962,Yogyakarta,Corporate
CUST-10963,Balikpapan,Individual
CUST-10964,Denpasar,Corporate
CUST-10965,Denpasar,Individual
CUST-10966,Yogyakarta,Individual
CUST-10967,Bandung,Corporate
CUST-10968,Yogyakarta,Corporate
CUST-10969,Denpasar,Corporate
CUST-10970,Bandung,Individual
CUST-10971,Makassar,Individual
CUST-10972,Yogyakarta,Corporate
CUST-10973,Jakarta,nan
CUST-10974,Surabaya,Corporate
CUST-10975,Surabaya,Corporate
CUST-10976,Denpasar,Individual
CUST-10977,Bandung,Individual
CUST-10978,Semarang,Corporate
CUST-10979,Balikpapan,Individual
CUST-10980,Medan,Corporate
CUST-10981,Surabaya,Corporate
CUST-10982,Semarang,Individual
CUST-10983,Makassar,Individual
CUST-10984,Medan,Individual
CUST-10985,Surabaya,Individual
CUST-10986,Balikpapan,Individual
CUST-10987,Denpasar,Corporate
CUST-10988,Balikpapan,Individual
CUST-10989,Denpasar,nan
CUST-10990,Yogyakarta,Corporate
CUST-10991,Makassar,Corporate
CUST-10992,Denpasar,Individual
CUST-10993,Bandung,Individual
CUST-10994,Palembang,Corporate
CUST-10995,Semarang,Individual
CUST-10996,Makassar,Individual
CUST-10997,Denpasar,nan
CUST-10998,Jakarta,Individual
CUST-10999,Denpasar,nan
CUST-11000,Palembang,Individual
CUST-11001,Surabaya,Corporate
CUST-11002,Balikpapan,Individual
CUST-11003,Bandung,Individual
CUST-11004,Denpasar,Individual
CUST-11005,Palembang,nan
CUST-11006,Balikpapan,Corporate
CUST-11007,Palembang,Corporate
CUST-11008,Balikpapan,Individual
CUST-11009,Surabaya,Individual
CUST-11010,Semarang,Individual
CUST-11011,Denpasar,Individual
CUST-11012,Surabaya,Individual
CUST-11013,Surabaya,Individual
CUST-11014,Yogyakarta,Individual
CUST-11015,Semarang,Corporate
CUST-11016,Jakarta,Individual
CUST-11017,Balikpapan,Individual
CUST-11018,Medan,nan
CUST-11019,Balikpapan,Individual
CUST-11020,Makassar,Individual
CUST-11021,Palembang,Corporate
CUST-11022,Jakarta,Corporate
CUST-11023,Makassar,nan
CUST-11024,Semarang,nan
CUST-11025,Makassar,Individual
CUST-11026,Semarang,Corporate
CUST-11027,Surabaya,Individual
CUST-11028,Yogyakarta,Individual
CUST-11029,Medan,Corporate
CUST-11030,Jakarta,Individual
CUST-11031,Palembang,nan
CUST-11032,Medan,nan
CUST-11033,Balikpapan,Individual
CUST-11034,Surabaya,Corporate
CUST-11035,Surabaya,Individual
CUST-11036,Surabaya,Corporate
CUST-11037,Balikpapan,Individual
CUST-11038,Jakarta,Individual
CUST-11039,Denpasar,Individual
CUST-11040,Semarang,Individual
CUST-11041,Jakarta,Individual
CUST-11042,Makassar,Corporate
CUST-11043,Palembang,Corporate
CUST-11044,Semarang,Individual
CUST-11045,Bandung,Individual
CUST-11046,Balikpapan,nan
CUST-11047,Semarang,nan
CUST-11048,Semarang,Individual
CUST-11049,Yogyakarta,Individual
CUST-11050,Medan,Corporate
CUST-11051,Denpasar,Individual
CUST-11052,Bandung,nan
CUST-11053,Yogyakarta,nan
CUST-11054,Semarang,Corporate
CUST-11055,Yogyakarta,Individual
CUST-11056,Balikpapan,Corporate
CUST-11057,Surabaya,Individual
CUST-11058,Surabaya,Individual
CUST-11059,Palembang,Individual
CUST-11060,Medan,nan
CUST-11061,Palembang,Individual
CUST-11062,Palembang,Individual
CUST-11063,Palembang,Corporate
CUST-11064,Palembang,Individual
CUST-11065,Yogyakarta,Individual
CUST-11066,Jakarta,Individual
CUST-11067,Makassar,Individual
CUST-11068,Jakarta,nan
CUST-11069,Palembang,Individual
CUST-11070,Makassar,Individual
CUST-11071,Denpasar,nan
CUST-11072,Surabaya,Individual
CUST-11073,Balikpapan,Individual
CUST-11074,Medan,Individual
CUST-11075,Medan,Corporate
CUST-11076,Jakarta,Corporate
CUST-11077,Bandung,Individual
CUST-11078,Jakarta,Individual
CUST-11079,Balikpapan,nan
CUST-11080,Medan,Corporate
CUST-11081,Jakarta,Individual
CUST-11082,Palembang,Corporate
CUST-11083,Medan,Individual
CUST-11084,Jakarta,nan
CUST-11085,Surabaya,Individual
CUST-11086,Denpasar,Individual
CUST-11087,Palembang,Corporate
CUST-11088,Yogyakarta,Individual
CUST-11089,Yogyakarta,Individual
CUST-11090,Makassar,Individual
CUST-11091,Makassar,Individual
CUST-11092,Makassar,Corporate
CUST-11093,Bandung,Corporate
CUST-11094,Yogyakarta,Corporate
CUST-11095,Makassar,Individual
CUST-11096,Semarang,Individual
CUST-11097,Balikpapan,Individual
CUST-11098,Semarang,Individual
CUST-11099,Palembang,Corporate
CUST-11100,Makassar,Individual
CUST-11101,Denpasar,Individual
CUST-11102,Palembang,Individual
CUST-11103,Balikpapan,Individual
CUST-11104,Makassar,Corporate
CUST-11105,Denpasar,Individual
CUST-11106,Surabaya,nan
CUST-11107,Yogyakarta,Individual
CUST-11108,Denpasar,Individual
CUST-11109,Balikpapan,Individual
CUST-11110,Yogyakarta,Individual
CUST-11111,Makassar,Individual
CUST-11112,Denpasar,Corporate
CUST-11113,Semarang,Individual
CUST-11114,Medan,Individual
CUST-11115,Palembang,Individual
CUST-11116,Semarang,Individual
CUST-11117,Palembang,Individual
CUST-11118,Semarang,Corporate
CUST-11119,Makassar,Individual
CUST-11120,Medan,Corporate
CUST-11121,Semarang,Individual
CUST-11122,Bandung,Individual
CUST-11123,Bandung,nan
CUST-11124,Palembang,Corporate
CUST-11125,Makassar,Individual
CUST-11126,Makassar,nan
CUST-11127,Medan,Individual
CUST-11128,Balikpapan,Corporate
CUST-11129,Denpasar,Corporate
CUST-11130,Denpasar,Corporate
CUST-11131,Yogyakarta,Corporate
CUST-11132,Makassar,Individual
CUST-11133,Makassar,Corporate
CUST-11134,Jakarta,Corporate
CUST-11135,Medan,nan
CUST-11136,Denpasar,Individual
CUST-11137,Surabaya,Individual
CUST-11138,Jakarta,Individual
CUST-11139,Bandung,Individual
CUST-11140,Yogyakarta,Individual
CUST-11141,Medan,Individual
CUST-11142,Bandung,nan
CUST-11143,Makassar,nan
CUST-11144,Yogyakarta,Individual
CUST-11145,Semarang,Corporate
CUST-11146,Bandung,Individual
CUST-11147,Palembang,nan
CUST-11148,Semarang,Individual
CUST-11149,Jakarta,nan
CUST-11150,Denpasar,Individual
CUST-11151,Medan,Corporate
CUST-11152,Bandung,Individual
CUST-11153,Denpasar,Individual
CUST-11154,Denpasar,Individual
CUST-11155,Denpasar,nan
CUST-11156,Medan,nan
CUST-11157,Makassar,Corporate
CUST-11158,Balikpapan,Individual
CUST-11159,Jakarta,Individual
CUST-11160,Denpasar,Individual
CUST-11161,Semarang,Corporate
CUST-11162,Denpasar,Individual
CUST-11163,Makassar,Corporate
CUST-11164,Makassar,Corporate
CUST-11165,Denpasar,Corporate
CUST-11166,Semarang,nan
CUST-11167,Palembang,Individual
CUST-11168,Bandung,nan
CUST-11169,Yogyakarta,Corporate
CUST-11170,Makassar,Corporate
CUST-11171,Medan,Corporate
CUST-11172,Bandung,Individual
CUST-11173,Semarang,nan
CUST-11174,Denpasar,Individual
CUST-11175,Balikpapan,nan
CUST-11176,Bandung,Individual
CUST-11177,Yogyakarta,nan
CUST-11178,Surabaya,Individual
CUST-11179,Denpasar,nan
CUST-11180,Palembang,Corporate
CUST-11181,Yogyakarta,nan
CUST-11182,Balikpapan,Individual
CUST-11183,Medan,Individual
CUST-11184,Surabaya,Corporate
CUST-11185,Jakarta,nan
CUST-11186,Medan,Individual
CUST-11187,Denpasar,Individual
CUST-11188,Jakarta,Individual
CUST-11189,Surabaya,Individual
CUST-11190,Medan,Individual
CUST-11191,Palembang,nan
CUST-11192,Jakarta,Corporate
CUST-11193,Yogyakarta,Individual
CUST-11194,Semarang,Individual
CUST-11195,Yogyakarta,nan
CUST-11196,Semarang,Corporate
CUST-11197,Yogyakarta,Individual
CUST-11198,Denpasar,Corporate
CUST-11199,Bandung,Individual
CUST-11200,Palembang,Corporate
CUST-11201,Medan,Corporate
CUST-11202,Palembang,Individual
CUST-11203,Makassar,Corporate
CUST-11204,Medan,Individual
CUST-11205,Makassar,Corporate
CUST-11206,Yogyakarta,Individual
CUST-11207,Medan,Individual
CUST-11208,Surabaya,Corporate
CUST-11209,Bandung,nan
CUST-11210,Palembang,nan
CUST-11211,Semarang,Individual
CUST-11212,Palembang,Individual
CUST-11213,Yogyakarta,Corporate
CUST-11214,Balikpapan,Corporate
CUST-11215,Jakarta,Individual
CUST-11216,Denpasar,Individual
CUST-11217,Yogyakarta,Individual
CUST-11218,Surabaya,Corporate
CUST-11219,Denpasar,Individual
CUST-11220,Denpasar,Individual
CUST-11221,Makassar,Individual
CUST-11222,Semarang,Corporate
CUST-11223,Makassar,Individual
CUST-11224,Makassar,Corporate
CUST-11225,Yogyakarta,Individual
CUST-11226,Surabaya,nan
CUST-11227,Balikpapan,Individual
CUST-11228,Surabaya,Corporate
CUST-11229,Makassar,Individual
CUST-11230,Makassar,Individual
CUST-11231,Medan,Corporate
CUST-11232,Palembang,Individual
CUST-11233,Yogyakarta,Corporate
CUST-11234,Bandung,Individual
CUST-11235,Semarang,Individual
CUST-11236,Palembang,nan
CUST-11237,Denpasar,Individual
CUST-11238,Denpasar,Individual
CUST-11239,Jakarta,Individual
CUST-11240,Balikpapan,Individual
CUST-11241,Denpasar,nan
CUST-11242,Bandung,Individual
CUST-11243,Jakarta,Corporate
CUST-11244,Surabaya,Individual
CUST-11245,Bandung,nan
CUST-11246,Denpasar,nan
CUST-11247,Bandung,Individual
CUST-11248,Yogyakarta,Individual
CUST-11249,Balikpapan,Individual
CUST-11250,Denpasar,Individual
CUST-11251,Jakarta,Individual
CUST-11252,Denpasar,Individual
CUST-11253,Semarang,Individual
CUST-11254,Semarang,Individual
CUST-11255,Semarang,Corporate
CUST-11256,Denpasar,Individual
CUST-11257,Palembang,Individual
CUST-11258,Palembang,Individual
CUST-11259,Bandung,Individual
CUST-11260,Palembang,Individual
CUST-11261,Makassar,Individual
CUST-11262,Balikpapan,Individual
CUST-11263,Makassar,Individual
CUST-11264,Medan,nan
CUST-11265,Semarang,Individual
CUST-11266,Palembang,nan
CUST-11267,Denpasar,Individual
CUST-11268,Jakarta,Corporate
CUST-11269,Medan,nan
CUST-11270,Yogyakarta,Individual
CUST-11271,Balikpapan,Individual
CUST-11272,Yogyakarta,Individual
CUST-11273,Medan,Individual
CUST-11274,Jakarta,Individual
CUST-11275,Yogyakarta,Individual
CUST-11276,Makassar,Individual
CUST-11277,Semarang,Corporate
CUST-11278,Denpasar,Corporate
CUST-11279,Makassar,Corporate
CUST-11280,Bandung,Individual
CUST-11281,Medan,Individual
CUST-11282,Balikpapan,Individual
CUST-11283,Surabaya,Corporate
CUST-11284,Denpasar,nan
CUST-11285,Makassar,Individual
CUST-11286,Jakarta,Corporate
CUST-11287,Denpasar,Corporate
CUST-11288,Palembang,Corporate
CUST-11289,Bandung,Individual
CUST-11290,Yogyakarta,nan
CUST-11291,Denpasar,Individual
CUST-11292,Surabaya,Individual
CUST-11293,Palembang,Individual
CUST-11294,Yogyakarta,Corporate
CUST-11295,Makassar,Corporate
CUST-11296,Bandung,Individual
CUST-11297,Surabaya,Corporate
CUST-11298,Bandung,Individual
CUST-11299,Yogyakarta,Corporate
CUST-11300,Makassar,Individual
CUST-11301,Makassar,Corporate
CUST-11302,Balikpapan,Individual
CUST-11303,Surabaya,Individual
CUST-11304,Medan,Individual
CUST-11305,Palembang,Individual
CUST-11306,Denpasar,Individual
CUST-11307,Medan,Individual
CUST-11308,Makassar,Corporate
CUST-11309,Surabaya,nan
CUST-11310,Makassar,Corporate
CUST-11311,Medan,Corporate
CUST-11312,Makassar,nan
CUST-11313,Denpasar,Corporate
CUST-11314,Makassar,Individual
CUST-11315,Makassar,Individual
CUST-11316,Medan,Corporate
CUST-11317,Yogyakarta,nan
CUST-11318,Bandung,Individual
CUST-11319,Denpasar,Individual
CUST-11320,Medan,Corporate
CUST-11321,Makassar,Individual
CUST-11322,Palembang,Individual
CUST-11323,Semarang,Corporate
CUST-11324,Palembang,Corporate
CUST-11325,Denpasar,Individual
CUST-11326,Bandung,Individual
CUST-11327,Semarang,Individual
CUST-11328,Makassar,Individual
CUST-11329,Balikpapan,Individual
CUST-11330,Medan,nan
CUST-11331,Denpasar,nan
CUST-11332,Palembang,Individual
CUST-11333,Balikpapan,nan
CUST-11334,Makassar,Corporate
CUST-11335,Balikpapan,nan
CUST-11336,Semarang,Individual
CUST-11337,Palembang,Individual
CUST-11338,Surabaya,Individual
CUST-11339,Denpasar,Individual
CUST-11340,Medan,Individual
CUST-11341,Jakarta,Individual
CUST-11342,Denpasar,Individual
CUST-11343,Yogyakarta,Corporate
CUST-11344,Balikpapan,Individual
CUST-11345,Bandung,nan
CUST-11346,Makassar,nan
CUST-11347,Yogyakarta,nan
CUST-11348,Makassar,Corporate
CUST-11349,Medan,Corporate
CUST-11350,Bandung,Corporate
CUST-11351,Makassar,nan
CUST-11352,Surabaya,Corporate
CUST-11353,Medan,Corporate
CUST-11354,Bandung,Individual
CUST-11355,Bandung,Corporate
CUST-11356,Denpasar,Individual
CUST-11357,Bandung,nan
CUST-11358,Semarang,Individual
CUST-11359,Palembang,Individual
CUST-11360,Denpasar,Individual
CUST-11361,Bandung,Individual
CUST-11362,Makassar,Individual
CUST-11363,Bandung,Individual
CUST-11364,Surabaya,Individual
CUST-11365,Bandung,Individual
CUST-11366,Palembang,Individual
CUST-11367,Jakarta,Corporate
CUST-11368,Palembang,Individual
CUST-11369,Semarang,nan
CUST-11370,Bandung,Individual
CUST-11371,Denpasar,Individual
CUST-11372,Surabaya,Individual
CUST-11373,Makassar,Individual
CUST-11374,Surabaya,Individual
CUST-11375,Denpasar,Individual
CUST-11376,Jakarta,Individual
CUST-11377,Bandung,nan
CUST-11378,Denpasar,nan
CUST-11379,Bandung,Individual
CUST-11380,Makassar,Corporate
CUST-11381,Semarang,nan
CUST-11382,Surabaya,nan
CUST-11383,Balikpapan,Individual
CUST-11384,Bandung,Individual
CUST-11385,Jakarta,Individual
CUST-11386,Surabaya,Individual
CUST-11387,Balikpapan,nan
CUST-11388,Denpasar,Individual
CUST-11389,Bandung,Corporate
CUST-11390,Medan,Individual
CUST-11391,Makassar,Individual
CUST-11392,Surabaya,nan
CUST-11393,Semarang,nan
CUST-11394,Yogyakarta,Individual
CUST-11395,Denpasar,Individual
CUST-11396,Makassar,Corporate
CUST-11397,Medan,Individual
CUST-11398,Semarang,Individual
CUST-11399,Denpasar,Corporate
CUST-11400,Yogyakarta,Individual
CUST-11401,Makassar,Individual
CUST-11402,Yogyakarta,Individual
CUST-11403,Semarang,Individual
CUST-11404,Semarang,Corporate
CUST-11405,Yogyakarta,Individual
CUST-11406,Semarang,Corporate
CUST-11407,Denpasar,nan
CUST-11408,Balikpapan,Individual
CUST-11409,Jakarta,nan
CUST-11410,Jakarta,nan
CUST-11411,Bandung,Individual
CUST-11412,Bandung,nan
CUST-11413,Semarang,nan
CUST-11414,Makassar,Corporate
CUST-11415,Palembang,Corporate
CUST-11416,Bandung,Individual
CUST-11417,Balikpapan,Individual
CUST-11418,Palembang,Individual
CUST-11419,Denpasar,Individual
CUST-11420,Palembang,Corporate
CUST-11421,Denpasar,nan
CUST-11422,Surabaya,nan
CUST-11423,Palembang,Individual
CUST-11424,Medan,Individual
CUST-11425,Medan,nan
CUST-11426,Yogyakarta,Individual
CUST-11427,Palembang,Corporate
CUST-11428,Palembang,nan
CUST-11429,Bandung,Individual
CUST-11430,Balikpapan,Individual
CUST-11431,Semarang,nan
CUST-11432,Medan,Individual
CUST-11433,Balikpapan,Corporate
CUST-11434,Palembang,Individual
CUST-11435,Palembang,nan
CUST-11436,Palembang,Individual
CUST-11437,Makassar,Corporate
CUST-11438,Surabaya,Individual
CUST-11439,Makassar,Corporate
CUST-11440,Jakarta,nan
CUST-11441,Jakarta,Individual
CUST-11442,Yogyakarta,nan
CUST-11443,Yogyakarta,Corporate
CUST-11444,Yogyakarta,Corporate
CUST-11445,Surabaya,Corporate
CUST-11446,Yogyakarta,Corporate
CUST-11447,Jakarta,nan
CUST-11448,Bandung,nan
CUST-11449,Balikpapan,Corporate
CUST-11450,Surabaya,Individual
CUST-11451,Bandung,Individual
CUST-11452,Jakarta,Individual
CUST-11453,Semarang,Individual
CUST-11454,Denpasar,Individual
CUST-11455,Bandung,Individual
CUST-11456,Jakarta,Individual
CUST-11457,Yogyakarta,Individual
CUST-11458,Jakarta,Individual
CUST-11459,Palembang,Individual
CUST-11460,Yogyakarta,Corporate
CUST-11461,Jakarta,Individual
CUST-11462,Bandung,Corporate
CUST-11463,Bandung,Individual
CUST-11464,Surabaya,Individual
CUST-11465,Balikpapan,Individual
CUST-11466,Semarang,Individual
CUST-11467,Makassar,nan
CUST-11468,Bandung,Individual
CUST-11469,Palembang,Individual
CUST-11470,Makassar,Corporate
CUST-11471,Surabaya,Individual
CUST-11472,Jakarta,Individual
CUST-11473,Makassar,Individual
CUST-11474,Jakarta,Individual
CUST-11475,Medan,Individual
CUST-11476,Medan,nan
CUST-11477,Jakarta,Individual
CUST-11478,Jakarta,nan
CUST-11479,Medan,Corporate
CUST-11480,Semarang,Individual
CUST-11481,Balikpapan,Individual
CUST-11482,Balikpapan,nan
CUST-11483,Balikpapan,Corporate
CUST-11484,Palembang,Individual
CUST-11485,Balikpapan,Individual
CUST-11486,Jakarta,Individual
CUST-11487,Medan,Individual
CUST-11488,Jakarta,nan
CUST-11489,Jakarta,nan
CUST-11490,Surabaya,Corporate
CUST-11491,Medan,nan
CUST-11492,Medan,Individual
CUST-11493,Balikpapan,nan
CUST-11494,Makassar,nan
CUST-11495,Bandung,nan
CUST-11496,Yogyakarta,Individual
CUST-11497,Medan,Corporate
CUST-11498,Yogyakarta,Individual
CUST-11499,Medan,Individual
CUST-11500,Jakarta,Individual
CUST-11501,Bandung,Corporate
CUST-11502,Semarang,Individual
CUST-11503,Yogyakarta,Individual
CUST-11504,Palembang,Individual
CUST-11505,Jakarta,nan
CUST-11506,Yogyakarta,Corporate
CUST-11507,Bandung,Corporate
CUST-11508,Bandung,nan
CUST-11509,Semarang,Individual
CUST-11510,Denpasar,Individual
CUST-11511,Palembang,Individual
CUST-11512,Makassar,Corporate
CUST-11513,Surabaya,Individual
CUST-11514,Surabaya,nan
CUST-11515,Balikpapan,Individual
CUST-11516,Balikpapan,Corporate
CUST-11517,Makassar,Corporate
CUST-11518,Bandung,nan
CUST-11519,Makassar,Individual
CUST-11520,Yogyakarta,Individual
CUST-11521,Semarang,Individual
CUST-11522,Yogyakarta,Individual
CUST-11523,Balikpapan,Individual
CUST-11524,Semarang,Corporate
CUST-11525,Palembang,Corporate
CUST-11526,Makassar,Individual
CUST-11527,Yogyakarta,Corporate
CUST-11528,Yogyakarta,Individual
CUST-11529,Palembang,Corporate
CUST-11530,Jakarta,Individual
CUST-11531,Bandung,Individual
CUST-11532,Yogyakarta,Individual
CUST-11533,Semarang,Individual
CUST-11534,Surabaya,Individual
CUST-11535,Yogyakarta,Individual
CUST-11536,Medan,Individual
CUST-11537,Makassar,nan
CUST-11538,Semarang,Individual
CUST-11539,Surabaya,nan
CUST-11540,Makassar,Corporate
CUST-11541,Yogyakarta,Individual
CUST-11542,Denpasar,Individual
CUST-11543,Jakarta,nan
CUST-11544,Balikpapan,Corporate
CUST-11545,Palembang,Individual
CUST-11546,Makassar,Individual
CUST-11547,Yogyakarta,Individual
CUST-11548,Semarang,Individual
CUST-11549,Palembang,Corporate
CUST-11550,Makassar,Individual
CUST-11551,Denpasar,Corporate
CUST-11552,Semarang,Individual
CUST-11553,Medan,Individual
CUST-11554,Balikpapan,Corporate
CUST-11555,Bandung,Individual
CUST-11556,Yogyakarta,nan
CUST-11557,Semarang,Individual
CUST-11558,Semarang,nan
CUST-11559,Medan,Corporate
CUST-11560,Yogyakarta,Individual
CUST-11561,Jakarta,Individual
CUST-11562,Palembang,Individual
CUST-11563,Yogyakarta,Individual
CUST-11564,Bandung,Corporate
CUST-11565,Semarang,nan
CUST-11566,Jakarta,Individual
CUST-11567,Jakarta,nan
CUST-11568,Bandung,Individual
CUST-11569,Semarang,Individual
CUST-11570,Jakarta,Individual
CUST-11571,Yogyakarta,Corporate
CUST-11572,Jakarta,Individual
CUST-11573,Surabaya,Individual
CUST-11574,Jakarta,Individual
CUST-11575,Surabaya,Individual
CUST-11576,Bandung,Individual
CUST-11577,Yogyakarta,Individual
CUST-11578,Balikpapan,nan
CUST-11579,Makassar,nan
CUST-11580,Makassar,Individual
CUST-11581,Balikpapan,Individual
CUST-11582,Jakarta,Individual
CUST-11583,Surabaya,nan
CUST-11584,Bandung,Individual
CUST-11585,Semarang,Individual
CUST-11586,Balikpapan,Individual
CUST-11587,Medan,nan
CUST-11588,Balikpapan,Individual
CUST-11589,Surabaya,Individual
CUST-11590,Palembang,Corporate
CUST-11591,Palembang,Corporate
CUST-11592,Surabaya,Individual
CUST-11593,Jakarta,nan
CUST-11594,Medan,Individual
CUST-11595,Jakarta,Individual
CUST-11596,Semarang,Individual
CUST-11597,Yogyakarta,Individual
CUST-11598,Yogyakarta,Individual
CUST-11599,Denpasar,Individual
CUST-11600,Yogyakarta,Individual
CUST-11601,Palembang,Corporate
CUST-11602,Palembang,Corporate
CUST-11603,Yogyakarta,nan
CUST-11604,Makassar,Individual
CUST-11605,Palembang,Individual
CUST-11606,Denpasar,Individual
CUST-11607,Makassar,Individual
CUST-11608,Balikpapan,Individual
CUST-11609,Makassar,Individual
CUST-11610,Yogyakarta,nan
CUST-11611,Palembang,Individual
CUST-11612,Semarang,Individual
CUST-11613,Denpasar,Individual
CUST-11614,Surabaya,Individual
CUST-11615,Makassar,Individual
CUST-11616,Jakarta,Individual
CUST-11617,Medan,Individual
CUST-11618,Bandung,Individual
CUST-11619,Jakarta,Individual
CUST-11620,Jakarta,Corporate
CUST-11621,Denpasar,Individual
CUST-11622,Jakarta,Corporate
CUST-11623,Jakarta,Corporate
CUST-11624,Denpasar,nan
CUST-11625,Semarang,Individual
CUST-11626,Balikpapan,Individual
CUST-11627,Jakarta,Individual
CUST-11628,Makassar,Individual
CUST-11629,Surabaya,nan
CUST-11630,Palembang,Individual
CUST-11631,Medan,Individual
CUST-11632,Medan,Individual
CUST-11633,Palembang,Corporate
CUST-11634,Bandung,Individual
CUST-11635,Bandung,Corporate
CUST-11636,Jakarta,Individual
CUST-11637,Balikpapan,Individual
CUST-11638,Denpasar,Individual
CUST-11639,Makassar,Corporate
CUST-11640,Surabaya,Individual
CUST-11641,Balikpapan,Individual
CUST-11642,Makassar,Corporate
CUST-11643,Bandung,nan
CUST-11644,Semarang,Individual
CUST-11645,Semarang,Individual
CUST-11646,Denpasar,Individual
CUST-11647,Balikpapan,Individual
CUST-11648,Yogyakarta,Individual
CUST-11649,Medan,Individual
CUST-11650,Makassar,Individual
CUST-11651,Denpasar,nan
CUST-11652,Medan,Individual
CUST-11653,Yogyakarta,Individual
CUST-11654,Bandung,nan
CUST-11655,Semarang,Individual
CUST-11656,Jakarta,nan
CUST-11657,Surabaya,Individual
CUST-11658,Balikpapan,Individual
CUST-11659,Surabaya,Corporate
CUST-11660,Makassar,Individual
CUST-11661,Bandung,Individual
CUST-11662,Jakarta,Individual
CUST-11663,Palembang,Corporate
CUST-11664,Jakarta,nan
CUST-11665,Denpasar,Corporate
CUST-11666,Bandung,Individual
CUST-11667,Bandung,nan
CUST-11668,Semarang,Corporate
CUST-11669,Medan,Individual
CUST-11670,Bandung,Individual
CUST-11671,Bandung,nan
CUST-11672,Balikpapan,Individual
CUST-11673,Balikpapan,Individual
CUST-11674,Surabaya,Individual
CUST-11675,Makassar,nan
CUST-11676,Jakarta,nan
CUST-11677,Denpasar,Individual
CUST-11678,Semarang,Corporate
CUST-11679,Bandung,Individual
CUST-11680,Jakarta,nan
CUST-11681,Bandung,Corporate
CUST-11682,Palembang,Individual
CUST-11683,Jakarta,Individual
CUST-11684,Palembang,Corporate
CUST-11685,Jakarta,Individual
CUST-11686,Makassar,nan
CUST-11687,Jakarta,Individual
CUST-11688,Makassar,Individual
CUST-11689,Surabaya,Individual
CUST-11690,Surabaya,Individual
CUST-11691,Balikpapan,Individual
CUST-11692,Bandung,Individual
CUST-11693,Denpasar,nan
CUST-11694,Surabaya,Corporate
CUST-11695,Denpasar,Corporate
CUST-11696,Balikpapan,Corporate
CUST-11697,Yogyakarta,Individual
CUST-11698,Jakarta,nan
CUST-11699,Bandung,Individual
CUST-11700,Surabaya,nan
CUST-11701,Palembang,Corporate
CUST-11702,Semarang,Individual
CUST-11703,Medan,Individual
CUST-11704,Makassar,Individual
CUST-11705,Denpasar,nan
CUST-11706,Semarang,Corporate
CUST-11707,Yogyakarta,Individual
CUST-11708,Surabaya,Individual
CUST-11709,Palembang,Individual
CUST-11710,Jakarta,Individual
CUST-11711,Makassar,Individual
CUST-11712,Palembang,nan
CUST-11713,Makassar,Individual
CUST-11714,Semarang,Individual
CUST-11715,Bandung,Individual
CUST-11716,Denpasar,Individual
CUST-11717,Jakarta,Individual
CUST-11718,Bandung,Individual
CUST-11719,Bandung,Individual
CUST-11720,Yogyakarta,Individual
CUST-11721,Medan,Individual
CUST-11722,Denpasar,Individual
CUST-11723,Semarang,Corporate
CUST-11724,Yogyakarta,nan
CUST-11725,Balikpapan,Individual
CUST-11726,Palembang,nan
CUST-11727,Bandung,Individual
CUST-11728,Palembang,nan
CUST-11729,Semarang,Individual
CUST-11730,Jakarta,Corporate
CUST-11731,Semarang,Individual
CUST-11732,Bandung,Individual
CUST-11733,Semarang,Individual
CUST-11734,Palembang,Individual
CUST-11735,Medan,nan
CUST-11736,Balikpapan,Individual
CUST-11737,Surabaya,nan
CUST-11738,Denpasar,Corporate
CUST-11739,Balikpapan,Individual
CUST-11740,Balikpapan,Individual
CUST-11741,Palembang,nan
CUST-11742,Palembang,Individual
CUST-11743,Surabaya,Individual
CUST-11744,Palembang,Individual
CUST-11745,Jakarta,Individual
CUST-11746,Makassar,Corporate
CUST-11747,Surabaya,Individual
CUST-11748,Makassar,Individual
CUST-11749,Bandung,Corporate
CUST-11750,Yogyakarta,nan
CUST-11751,Medan,Individual
CUST-11752,Jakarta,Corporate
CUST-11753,Denpasar,Corporate
CUST-11754,Bandung,Corporate
CUST-11755,Denpasar,Corporate
CUST-11756,Bandung,Corporate
CUST-11757,Semarang,Individual
CUST-11758,Makassar,Corporate
CUST-11759,Balikpapan,Corporate
CUST-11760,Denpasar,Individual
CUST-11761,Makassar,Individual
CUST-11762,Yogyakarta,Individual
CUST-11763,Yogyakarta,Individual
CUST-11764,Medan,Corporate
CUST-11765,Yogyakarta,Individual
CUST-11766,Makassar,nan
CUST-11767,Medan,Corporate
CUST-11768,Semarang,nan
CUST-11769,Makassar,Corporate
CUST-11770,Yogyakarta,Individual
CUST-11771,Surabaya,Individual
CUST-11772,Semarang,Individual
CUST-11773,Denpasar,Individual
CUST-11774,Yogyakarta,Corporate
CUST-11775,Denpasar,Individual
CUST-11776,Balikpapan,Individual
CUST-11777,Yogyakarta,Individual
CUST-11778,Bandung,Individual
CUST-11779,Palembang,Individual
CUST-11780,Semarang,Individual
CUST-11781,Palembang,Corporate
CUST-11782,Denpasar,Individual
CUST-11783,Surabaya,nan
CUST-11784,Makassar,Individual
CUST-11785,Makassar,Individual
CUST-11786,Makassar,Individual
CUST-11787,Surabaya,Individual
CUST-11788,Yogyakarta,Individual
CUST-11789,Bandung,Individual
CUST-11790,Yogyakarta,nan
CUST-11791,Yogyakarta,Corporate
CUST-11792,Medan,nan
CUST-11793,Jakarta,Individual
CUST-11794,Palembang,Corporate
CUST-11795,Jakarta,Individual
CUST-11796,Jakarta,Individual
CUST-11797,Semarang,nan
CUST-11798,Makassar,nan
CUST-11799,Balikpapan,Corporate
CUST-11800,Balikpapan,Individual
CUST-11801,Surabaya,Individual
CUST-11802,Jakarta,Corporate
CUST-11803,Palembang,Corporate
CUST-11804,Semarang,Individual
CUST-11805,Medan,Individual
CUST-11806,Makassar,Corporate
CUST-11807,Jakarta,Individual
CUST-11808,Yogyakarta,Individual
CUST-11809,Yogyakarta,Corporate
CUST-11810,Denpasar,Individual
CUST-11811,Palembang,Individual
CUST-11812,Jakarta,Individual
CUST-11813,Balikpapan,Corporate
CUST-11814,Yogyakarta,Individual
CUST-11815,Makassar,Individual
CUST-11816,Bandung,nan
CUST-11817,Denpasar,nan
CUST-11818,Surabaya,Individual
CUST-11819,Palembang,Individual
CUST-11820,Surabaya,Individual
CUST-11821,Jakarta,Corporate
CUST-11822,Semarang,nan
CUST-11823,Denpasar,Corporate
CUST-11824,Jakarta,Individual
CUST-11825,Balikpapan,nan
CUST-11826,Bandung,nan
CUST-11827,Denpasar,Corporate
CUST-11828,Palembang,Individual
CUST-11829,Jakarta,Corporate
CUST-11830,Jakarta,Corporate
CUST-11831,Bandung,nan
CUST-11832,Bandung,nan
CUST-11833,Balikpapan,nan
CUST-11834,Yogyakarta,Corporate
CUST-11835,Medan,Individual
CUST-11836,Palembang,nan
CUST-11837,Makassar,Individual
CUST-11838,Surabaya,nan
CUST-11839,Bandung,Individual
CUST-11840,Makassar,Corporate
CUST-11841,Medan,Individual
CUST-11842,Surabaya,Individual
CUST-11843,Medan,Corporate
CUST-11844,Semarang,nan
CUST-11845,Medan,Individual
CUST-11846,Jakarta,Individual
CUST-11847,Medan,Individual
CUST-11848,Palembang,Individual
CUST-11849,Balikpapan,nan
CUST-11850,Palembang,nan
CUST-11851,Denpasar,Individual
CUST-11852,Yogyakarta,Individual
CUST-11853,Palembang,Corporate
CUST-11854,Semarang,Corporate
CUST-11855,Palembang,Individual
CUST-11856,Bandung,Individual
CUST-11857,Palembang,Individual
CUST-11858,Surabaya,Individual
CUST-11859,Palembang,Corporate
CUST-11860,Medan,Corporate
CUST-11861,Yogyakarta,Individual
CUST-11862,Medan,Individual
CUST-11863,Surabaya,Individual
CUST-11864,Bandung,Individual
CUST-11865,Jakarta,nan
CUST-11866,Yogyakarta,Individual
CUST-11867,Palembang,Individual
CUST-11868,Makassar,Corporate
CUST-11869,Semarang,Individual
CUST-11870,Bandung,Corporate
CUST-11871,Jakarta,Individual
CUST-11872,Medan,nan
CUST-11873,Denpasar,Individual
CUST-11874,Jakarta,Individual
CUST-11875,Yogyakarta,Individual
CUST-11876,Jakarta,nan
CUST-11877,Yogyakarta,Individual
CUST-11878,Makassar,Individual
CUST-11879,Medan,Corporate
CUST-11880,Balikpapan,Corporate
CUST-11881,Denpasar,nan
CUST-11882,Palembang,nan
CUST-11883,Palembang,Individual
CUST-11884,Jakarta,Corporate
CUST-11885,Semarang,Corporate
CUST-11886,Bandung,Individual
CUST-11887,Semarang,Corporate
CUST-11888,Semarang,Corporate
CUST-11889,Surabaya,Individual
CUST-11890,Balikpapan,Corporate
CUST-11891,Balikpapan,Corporate
CUST-11892,Denpasar,nan
CUST-11893,Jakarta,Individual
CUST-11894,Bandung,Individual
CUST-11895,Bandung,Corporate
CUST-11896,Surabaya,Corporate
CUST-11897,Jakarta,Individual
CUST-11898,Palembang,Individual
CUST-11899,Jakarta,Individual
CUST-11900,Semarang,nan
CUST-11901,Balikpapan,Individual
CUST-11902,Palembang,Corporate
CUST-11903,Palembang,Individual
CUST-11904,Medan,nan
CUST-11905,Balikpapan,nan
CUST-11906,Bandung,Individual
CUST-11907,Palembang,Individual
CUST-11908,Surabaya,Individual
CUST-11909,Jakarta,Individual
CUST-11910,Balikpapan,Individual
CUST-11911,Palembang,Individual
CUST-11912,Medan,Corporate
CUST-11913,Makassar,Corporate
CUST-11914,Yogyakarta,Individual
CUST-11915,Yogyakarta,Individual
CUST-11916,Semarang,Individual
CUST-11917,Semarang,Individual
CUST-11918,Bandung,nan
CUST-11919,Yogyakarta,Corporate
CUST-11920,Medan,Individual
CUST-11921,Semarang,Individual
CUST-11922,Surabaya,Individual
CUST-11923,Medan,Individual
CUST-11924,Bandung,Individual
CUST-11925,Medan,Individual
CUST-11926,Surabaya,Individual
CUST-11927,Makassar,nan
CUST-11928,Denpasar,Corporate
CUST-11929,Denpasar,Individual
CUST-11930,Denpasar,Corporate
CUST-11931,Denpasar,nan
CUST-11932,Medan,Individual
CUST-11933,Jakarta,Individual
CUST-11934,Palembang,Individual
CUST-11935,Palembang,Individual
CUST-11936,Surabaya,Individual
CUST-11937,Palembang,Corporate
CUST-11938,Makassar,Individual
CUST-11939,Semarang,Individual
CUST-11940,Palembang,Individual
CUST-11941,Semarang,Individual
CUST-11942,Semarang,Individual
CUST-11943,Balikpapan,nan
CUST-11944,Medan,Individual
CUST-11945,Yogyakarta,Individual
CUST-11946,Denpasar,Individual
CUST-11947,Bandung,Individual
CUST-11948,Yogyakarta,Individual
CUST-11949,Medan,Individual
CUST-11950,Yogyakarta,Individual
CUST-11951,Makassar,Individual
CUST-11952,Semarang,Corporate
CUST-11953,Makassar,Individual
CUST-11954,Bandung,Individual
CUST-11955,Palembang,Corporate
CUST-11956,Balikpapan,Individual
CUST-11957,Surabaya,Individual
CUST-11958,Jakarta,Individual
CUST-11959,Palembang,Individual
CUST-11960,Yogyakarta,Individual
CUST-11961,Denpasar,Individual
CUST-11962,Yogyakarta,Individual
CUST-11963,Denpasar,Individual
CUST-11964,Medan,Individual
CUST-11965,Denpasar,nan
CUST-11966,Denpasar,Individual
CUST-11967,Medan,Individual
CUST-11968,Semarang,Individual
CUST-11969,Medan,Individual
CUST-11970,Semarang,Corporate
CUST-11971,Yogyakarta,Corporate
CUST-11972,Balikpapan,nan
CUST-11973,Palembang,Corporate
CUST-11974,Yogyakarta,Individual
CUST-11975,Bandung,Corporate
CUST-11976,Medan,Individual
CUST-11977,Jakarta,Corporate
CUST-11978,Makassar,Corporate
CUST-11979,Balikpapan,Individual
CUST-11980,Yogyakarta,nan
CUST-11981,Jakarta,Corporate
CUST-11982,Palembang,Individual
CUST-11983,Palembang,Corporate
CUST-11984,Semarang,Individual
CUST-11985,Jakarta,Corporate
CUST-11986,Jakarta,Individual
CUST-11987,Makassar,Individual
CUST-11988,Medan,Individual
CUST-11989,Makassar,Individual
CUST-11990,Bandung,Individual
CUST-11991,Makassar,nan
CUST-11992,Medan,Individual
CUST-11993,Yogyakarta,Individual
CUST-11994,Medan,nan
CUST-11995,Makassar,Individual
CUST-11996,Yogyakarta,Individual
CUST-11997,Denpasar,Corporate
CUST-11998,Medan,Corporate
CUST-11999,Denpasar,Corporate
CUST-12000,Medan,Individual
CUST-12001,Medan,nan
CUST-12002,Jakarta,Corporate
CUST-12003,Palembang,nan
CUST-12004,Medan,Individual
CUST-12005,Surabaya,Individual
CUST-12006,Medan,nan
CUST-12007,Denpasar,Individual
CUST-12008,Denpasar,Individual
CUST-12009,Semarang,nan
CUST-12010,Palembang,Individual
CUST-12011,Denpasar,Individual
CUST-12012,Jakarta,Individual
CUST-12013,Makassar,Corporate
CUST-12014,Semarang,nan
CUST-12015,Jakarta,Individual
CUST-12016,Balikpapan,Individual
CUST-12017,Jakarta,Individual
CUST-12018,Balikpapan,Individual
CUST-12019,Palembang,Individual
CUST-12020,Jakarta,Individual
CUST-12021,Balikpapan,Corporate
CUST-12022,Semarang,Individual
CUST-12023,Yogyakarta,Individual
CUST-12024,Semarang,Individual
CUST-12025,Medan,Individual
CUST-12026,Surabaya,Individual
CUST-12027,Surabaya,Individual
CUST-12028,Yogyakarta,Individual
CUST-12029,Medan,Individual
CUST-12030,Yogyakarta,Corporate
CUST-12031,Bandung,Individual
CUST-12032,Semarang,Corporate
CUST-12033,Bandung,Individual
CUST-12034,Jakarta,Corporate
CUST-12035,Denpasar,Individual
CUST-12036,Denpasar,Individual
CUST-12037,Palembang,Individual
CUST-12038,Jakarta,Individual
CUST-12039,Jakarta,Individual
CUST-12040,Denpasar,Individual
CUST-12041,Semarang,Corporate
CUST-12042,Medan,nan
CUST-12043,Surabaya,Individual
CUST-12044,Yogyakarta,Individual
CUST-12045,Yogyakarta,Individual
CUST-12046,Denpasar,Individual
CUST-12047,Surabaya,Individual
CUST-12048,Bandung,Individual
CUST-12049,Semarang,Individual
CUST-12050,Balikpapan,Individual
CUST-12051,Jakarta,Corporate
CUST-12052,Surabaya,Individual
CUST-12053,Surabaya,Individual
CUST-12054,Denpasar,Individual
CUST-12055,Bandung,Corporate
CUST-12056,Balikpapan,Individual
CUST-12057,Jakarta,nan
CUST-12058,Surabaya,nan
CUST-12059,Jakarta,Individual
CUST-12060,Semarang,Corporate
CUST-12061,Surabaya,Individual
CUST-12062,Yogyakarta,Corporate
CUST-12063,Denpasar,Corporate
CUST-12064,Semarang,Corporate
CUST-12065,Bandung,Individual
CUST-12066,Semarang,Corporate
CUST-12067,Palembang,Individual
CUST-12068,Jakarta,Corporate
CUST-12069,Medan,Individual
CUST-12070,Semarang,Individual
CUST-12071,Balikpapan,nan
CUST-12072,Denpasar,Individual
CUST-12073,Medan,nan
CUST-12074,Denpasar,Individual
CUST-12075,Medan,Individual
CUST-12076,Balikpapan,nan
CUST-12077,Bandung,Individual
CUST-12078,Denpasar,Corporate
CUST-12079,Jakarta,Individual
CUST-12080,Bandung,Individual
CUST-12081,Jakarta,Individual
CUST-12082,Makassar,Corporate
CUST-12083,Bandung,Corporate
CUST-12084,Palembang,Individual
CUST-12085,Bandung,Individual
CUST-12086,Bandung,Individual
CUST-12087,Medan,Individual
CUST-12088,Denpasar,Individual
CUST-12089,Surabaya,Individual
CUST-12090,Denpasar,Corporate
CUST-12091,Palembang,Individual
CUST-12092,Palembang,Individual
CUST-12093,Medan,Corporate
CUST-12094,Yogyakarta,Individual
CUST-12095,Balikpapan,Corporate
CUST-12096,Bandung,nan
CUST-12097,Surabaya,Corporate
CUST-12098,Makassar,Corporate
CUST-12099,Balikpapan,nan
CUST-12100,Yogyakarta,Individual
CUST-12101,Semarang,nan
CUST-12102,Surabaya,Individual
CUST-12103,Balikpapan,Individual
CUST-12104,Palembang,Individual
CUST-12105,Bandung,Corporate
CUST-12106,Medan,Individual
CUST-12107,Yogyakarta,Individual
CUST-12108,Medan,Individual
CUST-12109,Makassar,nan
CUST-12110,Medan,Individual
CUST-12111,Palembang,Corporate
CUST-12112,Palembang,Corporate
CUST-12113,Semarang,Individual
CUST-12114,Jakarta,Individual
CUST-12115,Denpasar,Individual
CUST-12116,Surabaya,Individual
CUST-12117,Surabaya,Individual
CUST-12118,Jakarta,Individual
CUST-12119,Balikpapan,Individual
CUST-12120,Surabaya,Individual
CUST-12121,Bandung,Corporate
CUST-12122,Surabaya,Corporate
CUST-12123,Balikpapan,Corporate
CUST-12124,Balikpapan,nan
CUST-12125,Bandung,Individual
CUST-12126,Bandung,Corporate
CUST-12127,Yogyakarta,Individual
CUST-12128,Palembang,nan
CUST-12129,Balikpapan,Individual
CUST-12130,Balikpapan,Individual
CUST-12131,Medan,Corporate
CUST-12132,Medan,nan
CUST-12133,Yogyakarta,Corporate
CUST-12134,Denpasar,Corporate
CUST-12135,Medan,nan
CUST-12136,Bandung,Individual
CUST-12137,Jakarta,Individual
CUST-12138,Makassar,Individual
CUST-12139,Denpasar,Individual
CUST-12140,Balikpapan,Individual
CUST-12141,Palembang,nan
CUST-12142,Denpasar,Corporate
CUST-12143,Yogyakarta,Individual
CUST-12144,Yogyakarta,Individual
CUST-12145,Palembang,Individual
CUST-12146,Jakarta,Individual
CUST-12147,Palembang,Individual
CUST-12148,Yogyakarta,Individual
CUST-12149,Bandung,Individual
CUST-12150,Palembang,Individual
CUST-12151,Makassar,nan
CUST-12152,Semarang,Individual
CUST-12153,Medan,Corporate
CUST-12154,Semarang,Individual
CUST-12155,Medan,Individual
CUST-12156,Jakarta,Individual
CUST-12157,Makassar,Corporate
CUST-12158,Surabaya,Individual
CUST-12159,Jakarta,Individual
CUST-12160,Palembang,Individual
CUST-12161,Yogyakarta,Corporate
CUST-12162,Balikpapan,Individual
CUST-12163,Bandung,Individual
CUST-12164,Bandung,Corporate
CUST-12165,Palembang,Corporate
CUST-12166,Palembang,Individual
CUST-12167,Bandung,Corporate
CUST-12168,Balikpapan,Individual
CUST-12169,Denpasar,Individual
CUST-12170,Bandung,Individual
CUST-12171,Yogyakarta,Individual
CUST-12172,Bandung,Corporate
CUST-12173,Bandung,nan
CUST-12174,Palembang,Corporate
CUST-12175,Denpasar,nan
CUST-12176,Medan,Individual
CUST-12177,Semarang,nan
CUST-12178,Palembang,Corporate
CUST-12179,Semarang,Individual
CUST-12180,Makassar,Individual
CUST-12181,Bandung,Individual
CUST-12182,Surabaya,Individual
CUST-12183,Bandung,nan
CUST-12184,Semarang,Corporate
CUST-12185,Balikpapan,Individual
CUST-12186,Surabaya,Corporate
CUST-12187,Balikpapan,Corporate
CUST-12188,Semarang,Corporate
CUST-12189,Jakarta,Individual
CUST-12190,Denpasar,Corporate
CUST-12191,Palembang,nan
CUST-12192,Denpasar,Corporate
CUST-12193,Balikpapan,Individual
CUST-12194,Semarang,Individual
CUST-12195,Palembang,Individual
CUST-12196,Surabaya,Corporate
CUST-12197,Makassar,Individual
CUST-12198,Denpasar,Individual
CUST-12199,Semarang,Individual
CUST-12200,Balikpapan,Corporate
CUST-12201,Medan,Corporate
CUST-12202,Yogyakarta,Individual
CUST-12203,Yogyakarta,Individual
CUST-12204,Palembang,Individual
CUST-12205,Jakarta,Individual
CUST-12206,Surabaya,Corporate
CUST-12207,Denpasar,Individual
CUST-12208,Semarang,Individual
CUST-12209,Palembang,nan
CUST-12210,Yogyakarta,nan
CUST-12211,Yogyakarta,Individual
CUST-12212,Palembang,Individual
CUST-12213,Balikpapan,Individual
CUST-12214,Palembang,Corporate
CUST-12215,Palembang,Individual
CUST-12216,Medan,Individual
CUST-12217,Palembang,Corporate
CUST-12218,Balikpapan,Corporate
CUST-12219,Medan,nan
CUST-12220,Bandung,Individual
CUST-12221,Jakarta,Individual
CUST-12222,Balikpapan,Corporate
CUST-12223,Jakarta,Individual
CUST-12224,Yogyakarta,nan
CUST-12225,Medan,Individual
CUST-12226,Denpasar,Individual
CUST-12227,Balikpapan,nan
CUST-12228,Balikpapan,Corporate
CUST-12229,Balikpapan,nan
CUST-12230,Jakarta,nan
CUST-12231,Balikpapan,Individual
CUST-12232,Jakarta,Individual
CUST-12233,Yogyakarta,Individual
CUST-12234,Medan,Corporate
CUST-12235,Jakarta,Individual
CUST-12236,Makassar,Individual
CUST-12237,Surabaya,Corporate
CUST-12238,Medan,Individual
CUST-12239,Palembang,Individual
CUST-12240,Surabaya,Individual
CUST-12241,Semarang,Corporate
CUST-12242,Palembang,Individual
CUST-12243,Medan,Individual
CUST-12244,Yogyakarta,Individual
CUST-12245,Palembang,Individual
CUST-12246,Semarang,Individual
CUST-12247,Denpasar,Corporate
CUST-12248,Balikpapan,nan
CUST-12249,Makassar,Individual
CUST-12250,Surabaya,nan
CUST-12251,Bandung,Individual
CUST-12252,Balikpapan,Individual
CUST-12253,Bandung,Corporate
CUST-12254,Jakarta,Individual
CUST-12255,Semarang,Corporate
CUST-12256,Jakarta,Individual
CUST-12257,Bandung,Individual
CUST-12258,Balikpapan,Individual
CUST-12259,Surabaya,Individual
CUST-12260,Medan,Individual
CUST-12261,Medan,Individual
CUST-12262,Yogyakarta,Individual
CUST-12263,Balikpapan,nan
CUST-12264,Yogyakarta,Individual
CUST-12265,Surabaya,Corporate
CUST-12266,Medan,Individual
CUST-12267,Surabaya,Corporate
CUST-12268,Jakarta,Corporate
CUST-12269,Makassar,nan
CUST-12270,Medan,Corporate
CUST-12271,Palembang,nan
CUST-12272,Bandung,Individual
CUST-12273,Makassar,Corporate
CUST-12274,Bandung,Individual
CUST-12275,Palembang,Individual
CUST-12276,Bandung,Individual
CUST-12277,Yogyakarta,Individual
CUST-12278,Makassar,Individual
CUST-12279,Yogyakarta,nan
CUST-12280,Yogyakarta,Individual
CUST-12281,Semarang,Individual
CUST-12282,Yogyakarta,Individual
CUST-12283,Semarang,Individual
CUST-12284,Palembang,Corporate
CUST-12285,Bandung,Individual
CUST-12286,Makassar,Corporate
CUST-12287,Balikpapan,nan
CUST-12288,Surabaya,Individual
CUST-12289,Palembang,Corporate
CUST-12290,Bandung,Individual
CUST-12291,Makassar,Individual
CUST-12292,Balikpapan,nan
CUST-12293,Medan,nan
CUST-12294,Surabaya,Corporate
CUST-12295,Medan,Corporate
CUST-12296,Surabaya,Individual
CUST-12297,Palembang,Corporate
CUST-12298,Surabaya,nan
CUST-12299,Yogyakarta,Individual
CUST-12300,Palembang,Corporate
CUST-12301,Jakarta,Individual
CUST-12302,Surabaya,Individual
CUST-12303,Jakarta,Individual
CUST-12304,Makassar,Corporate
CUST-12305,Palembang,Individual
CUST-12306,Surabaya,Individual
CUST-12307,Semarang,Individual
CUST-12308,Surabaya,Individual
CUST-12309,Makassar,Corporate
CUST-12310,Semarang,nan
CUST-12311,Balikpapan,Individual
CUST-12312,Jakarta,Corporate
CUST-12313,Surabaya,nan
CUST-12314,Yogyakarta,Individual
CUST-12315,Semarang,Individual
CUST-12316,Medan,Individual
CUST-12317,Yogyakarta,Corporate
CUST-12318,Bandung,nan
CUST-12319,Jakarta,Corporate
CUST-12320,Palembang,Individual
CUST-12321,Palembang,Individual
CUST-12322,Balikpapan,Individual
CUST-12323,Jakarta,Corporate
CUST-12324,Palembang,nan
CUST-12325,Medan,Individual
CUST-12326,Palembang,Individual
CUST-12327,Surabaya,Individual
CUST-12328,Yogyakarta,Individual
CUST-12329,Semarang,Corporate
CUST-12330,Bandung,Individual
CUST-12331,Makassar,Corporate
CUST-12332,Medan,Individual
CUST-12333,Bandung,Individual
CUST-12334,Balikpapan,Individual
CUST-12335,Bandung,Corporate
CUST-12336,Palembang,Corporate
CUST-12337,Yogyakarta,Corporate
CUST-12338,Medan,nan
CUST-12339,Palembang,Individual
CUST-12340,Jakarta,Corporate
CUST-12341,Jakarta,Individual
CUST-12342,Denpasar,Corporate
CUST-12343,Yogyakarta,Individual
CUST-12344,Bandung,Corporate
CUST-12345,Jakarta,Individual
CUST-12346,Surabaya,nan
CUST-12347,Medan,Individual
CUST-12348,Jakarta,Individual
CUST-12349,Surabaya,Individual
CUST-12350,Surabaya,Individual
CUST-12351,Medan,Corporate
CUST-12352,Bandung,Individual
CUST-12353,Makassar,Individual
CUST-12354,Palembang,Individual
CUST-12355,Jakarta,Individual
CUST-12356,Semarang,nan
CUST-12357,Palembang,Individual
CUST-12358,Jakarta,Individual
CUST-12359,Jakarta,Individual
CUST-12360,Bandung,Corporate
CUST-12361,Denpasar,Corporate
CUST-12362,Medan,Individual
CUST-12363,Bandung,nan
CUST-12364,Surabaya,Individual
CUST-12365,Jakarta,Individual
CUST-12366,Denpasar,Individual
CUST-12367,Surabaya,nan
CUST-12368,Denpasar,Individual
CUST-12369,Makassar,Individual
CUST-12370,Semarang,Corporate
CUST-12371,Palembang,Individual
CUST-12372,Balikpapan,Individual
CUST-12373,Balikpapan,nan
CUST-12374,Semarang,Individual
CUST-12375,Denpasar,Individual
CUST-12376,Medan,Corporate
CUST-12377,Denpasar,Individual
CUST-12378,Makassar,Corporate
CUST-12379,Balikpapan,Individual
CUST-12380,Jakarta,Individual
CUST-12381,Jakarta,Individual
CUST-12382,Medan,nan
CUST-12383,Semarang,Individual
CUST-12384,Bandung,Individual
CUST-12385,Semarang,Individual
CUST-12386,Makassar,Corporate
CUST-12387,Yogyakarta,Individual
CUST-12388,Semarang,Individual
CUST-12389,Palembang,Corporate
CUST-12390,Jakarta,Individual
CUST-12391,Bandung,nan
CUST-12392,Jakarta,Individual
CUST-12393,Jakarta,Corporate
CUST-12394,Surabaya,Corporate
CUST-12395,Palembang,Individual
CUST-12396,Makassar,Individual
CUST-12397,Jakarta,Corporate
CUST-12398,Bandung,Corporate
CUST-12399,Denpasar,Individual
CUST-12400,Medan,Individual
CUST-12401,Jakarta,Corporate
CUST-12402,Yogyakarta,Individual
CUST-12403,Balikpapan,Individual
CUST-12404,Bandung,Corporate
CUST-12405,Bandung,nan
CUST-12406,Semarang,nan
CUST-12407,Bandung,Corporate
CUST-12408,Bandung,Individual
CUST-12409,Denpasar,Individual
CUST-12410,Denpasar,Individual
CUST-12411,Denpasar,Corporate
CUST-12412,Balikpapan,Individual
CUST-12413,Yogyakarta,Individual
CUST-12414,Palembang,Corporate
CUST-12415,Semarang,Individual
CUST-12416,Medan,Individual
CUST-12417,Makassar,Individual
CUST-12418,Surabaya,Individual
CUST-12419,Medan,Individual
CUST-12420,Denpasar,Corporate
CUST-12421,Surabaya,Individual
CUST-12422,Medan,Corporate
CUST-12423,Balikpapan,Corporate
CUST-12424,Denpasar,nan
CUST-12425,Balikpapan,Individual
CUST-12426,Surabaya,Corporate
CUST-12427,Palembang,Individual
CUST-12428,Denpasar,Corporate
CUST-12429,Medan,Individual
CUST-12430,Denpasar,Corporate
CUST-12431,Makassar,Individual
CUST-12432,Balikpapan,Corporate
CUST-12433,Balikpapan,Corporate
CUST-12434,Bandung,Corporate
CUST-12435,Balikpapan,Individual
CUST-12436,Palembang,Individual
CUST-12437,Yogyakarta,Corporate
CUST-12438,Palembang,Corporate
CUST-12439,Bandung,Individual
CUST-12440,Denpasar,Corporate
CUST-12441,Denpasar,Individual
CUST-12442,Semarang,nan
CUST-12443,Palembang,Individual
CUST-12444,Yogyakarta,Individual
CUST-12445,Palembang,nan
CUST-12446,Makassar,Individual
CUST-12447,Denpasar,Individual
CUST-12448,Denpasar,Corporate
CUST-12449,Medan,Individual
CUST-12450,Balikpapan,nan
CUST-12451,Jakarta,Corporate
CUST-12452,Jakarta,Individual
CUST-12453,Medan,nan
CUST-12454,Semarang,Corporate
CUST-12455,Denpasar,Individual
CUST-12456,Palembang,Individual
CUST-12457,Yogyakarta,Corporate
CUST-12458,Balikpapan,Individual
CUST-12459,Jakarta,Corporate
CUST-12460,Yogyakarta,Individual
CUST-12461,Denpasar,Individual
CUST-12462,Yogyakarta,Individual
CUST-12463,Surabaya,Individual
CUST-12464,Balikpapan,Individual
CUST-12465,Denpasar,Individual
CUST-12466,Makassar,Individual
CUST-12467,Balikpapan,Individual
CUST-12468,Balikpapan,Individual
CUST-12469,Jakarta,Individual
CUST-12470,Bandung,Individual
CUST-12471,Denpasar,Individual
CUST-12472,Medan,Individual
CUST-12473,Yogyakarta,Corporate
CUST-12474,Denpasar,Individual
CUST-12475,Medan,nan
CUST-12476,Semarang,Corporate
CUST-12477,Makassar,Individual
CUST-12478,Palembang,Individual
CUST-12479,Semarang,Individual
CUST-12480,Medan,Corporate
CUST-12481,Yogyakarta,Individual
CUST-12482,Medan,nan
CUST-12483,Bandung,Individual
CUST-12484,Surabaya,Corporate
CUST-12485,Denpasar,Individual
CUST-12486,Jakarta,Corporate
CUST-12487,Surabaya,Corporate
CUST-12488,Balikpapan,Individual
CUST-12489,Surabaya,nan
CUST-12490,Denpasar,nan
CUST-12491,Medan,nan
CUST-12492,Surabaya,Individual
CUST-12493,Semarang,Corporate
CUST-12494,Balikpapan,Corporate
CUST-12495,Jakarta,Individual
CUST-12496,Semarang,Individual
CUST-12497,Medan,nan
CUST-12498,Medan,Corporate
CUST-12499,Yogyakarta,Individual
CUST-12500,Balikpapan,Individual
CUST-12501,Jakarta,Individual
CUST-12502,Makassar,Individual
CUST-12503,Makassar,Corporate
CUST-12504,Medan,Individual
CUST-12505,Medan,Individual
CUST-12506,Yogyakarta,Individual
CUST-12507,Makassar,nan
CUST-12508,Palembang,Individual
CUST-12509,Semarang,Corporate
CUST-12510,Jakarta,Individual
CUST-12511,Makassar,Individual
CUST-12512,Balikpapan,Corporate
CUST-12513,Bandung,nan
CUST-12514,Medan,Individual
CUST-12515,Semarang,Individual
CUST-12516,Denpasar,nan
CUST-12517,Jakarta,nan
CUST-12518,Surabaya,Individual
CUST-12519,Surabaya,Corporate
CUST-12520,Makassar,Corporate
CUST-12521,Balikpapan,Corporate
CUST-12522,Semarang,Corporate
CUST-12523,Medan,Corporate
CUST-12524,Semarang,Corporate
CUST-12525,Jakarta,Individual
CUST-12526,Palembang,Corporate
CUST-12527,Denpasar,Individual
CUST-12528,Balikpapan,Corporate
CUST-12529,Yogyakarta,nan
CUST-12530,Makassar,Individual
CUST-12531,Jakarta,Individual
CUST-12532,Yogyakarta,nan
CUST-12533,Bandung,Individual
CUST-12534,Balikpapan,Individual
CUST-12535,Palembang,Corporate
CUST-12536,Surabaya,Individual
CUST-12537,Balikpapan,nan
CUST-12538,Medan,Individual
CUST-12539,Bandung,Corporate
CUST-12540,Semarang,Individual
CUST-12541,Palembang,Individual
CUST-12542,Bandung,Individual
CUST-12543,Jakarta,Individual
CUST-12544,Yogyakarta,Individual
CUST-12545,Bandung,Individual
CUST-12546,Semarang,Corporate
CUST-12547,Bandung,Individual
CUST-12548,Medan,Individual
CUST-12549,Bandung,Individual
CUST-12550,Yogyakarta,Corporate
CUST-12551,Yogyakarta,Individual
CUST-12552,Medan,Individual
CUST-12553,Semarang,Individual
CUST-12554,Makassar,Individual
CUST-12555,Medan,Individual
CUST-12556,Semarang,nan
CUST-12557,Bandung,Individual
CUST-12558,Makassar,Individual
CUST-12559,Jakarta,Individual
CUST-12560,Semarang,nan
CUST-12561,Semarang,Individual
CUST-12562,Denpasar,Corporate
CUST-12563,Medan,Individual
CUST-12564,Surabaya,nan
CUST-12565,Medan,Individual
CUST-12566,Semarang,Corporate
CUST-12567,Surabaya,Individual
CUST-12568,Makassar,Individual
CUST-12569,Palembang,Individual
CUST-12570,Surabaya,Corporate
CUST-12571,Yogyakarta,Individual
CUST-12572,Yogyakarta,Individual
CUST-12573,Denpasar,Individual
CUST-12574,Jakarta,Corporate
CUST-12575,Palembang,Individual
CUST-12576,Jakarta,Individual
CUST-12577,Semarang,Individual
CUST-12578,Medan,Individual
CUST-12579,Medan,nan
CUST-12580,Medan,Individual
CUST-12581,Surabaya,Individual
CUST-12582,Yogyakarta,nan
CUST-12583,Surabaya,Individual
CUST-12584,Medan,Corporate
CUST-12585,Surabaya,Individual
CUST-12586,Makassar,Corporate
CUST-12587,Semarang,Individual
CUST-12588,Palembang,Individual
CUST-12589,Yogyakarta,nan
CUST-12590,Surabaya,Individual
CUST-12591,Balikpapan,nan
CUST-12592,Medan,Individual
CUST-12593,Palembang,Individual
CUST-12594,Makassar,Individual
CUST-12595,Balikpapan,nan
CUST-12596,Jakarta,Individual
CUST-12597,Yogyakarta,Individual
CUST-12598,Yogyakarta,Individual
CUST-12599,Balikpapan,Individual
CUST-12600,Jakarta,Individual
CUST-12601,Jakarta,Individual
CUST-12602,Bandung,Individual
CUST-12603,Surabaya,Individual
CUST-12604,Makassar,nan
CUST-12605,Yogyakarta,Individual
CUST-12606,Yogyakarta,nan
CUST-12607,Medan,Corporate
CUST-12608,Balikpapan,nan
CUST-12609,Surabaya,nan
CUST-12610,Surabaya,Individual
CUST-12611,Bandung,Individual
CUST-12612,Balikpapan,Individual
CUST-12613,Denpasar,Corporate
CUST-12614,Balikpapan,Individual
CUST-12615,Palembang,Corporate
CUST-12616,Denpasar,Corporate
CUST-12617,Jakarta,Individual
CUST-12618,Semarang,Individual
CUST-12619,Bandung,Individual
CUST-12620,Denpasar,Individual
CUST-12621,Medan,Individual
CUST-12622,Medan,nan
CUST-12623,Semarang,Individual
CUST-12624,Denpasar,Individual
CUST-12625,Denpasar,nan
CUST-12626,Surabaya,nan
CUST-12627,Denpasar,Individual
CUST-12628,Palembang,Individual
CUST-12629,Makassar,Individual
CUST-12630,Yogyakarta,Corporate
CUST-12631,Denpasar,Individual
CUST-12632,Makassar,Individual
CUST-12633,Palembang,Corporate
CUST-12634,Makassar,Individual
CUST-12635,Medan,nan
CUST-12636,Bandung,Individual
CUST-12637,Balikpapan,Corporate
CUST-12638,Makassar,nan
CUST-12639,Bandung,Individual
CUST-12640,Yogyakarta,nan
CUST-12641,Medan,nan
CUST-12642,Jakarta,nan
CUST-12643,Palembang,Corporate
CUST-12644,Medan,Individual
CUST-12645,Denpasar,Corporate
CUST-12646,Surabaya,Individual
CUST-12647,Jakarta,Corporate
CUST-12648,Jakarta,Corporate
CUST-12649,Surabaya,Corporate
CUST-12650,Semarang,nan
CUST-12651,Palembang,Individual
CUST-12652,Denpasar,Individual
CUST-12653,Yogyakarta,Corporate
CUST-12654,Makassar,nan
CUST-12655,Balikpapan,Individual
CUST-12656,Yogyakarta,Corporate
CUST-12657,Denpasar,Individual
CUST-12658,Jakarta,Individual
CUST-12659,Balikpapan,Corporate
CUST-12660,Bandung,Individual
CUST-12661,Makassar,Individual
CUST-12662,Medan,Individual
CUST-12663,Surabaya,Individual
CUST-12664,Denpasar,Individual
CUST-12665,Medan,Individual
CUST-12666,Surabaya,nan
CUST-12667,Yogyakarta,Individual
CUST-12668,Denpasar,Individual
CUST-12669,Denpasar,Individual
CUST-12670,Makassar,Corporate
CUST-12671,Denpasar,Corporate
CUST-12672,Bandung,Individual
CUST-12673,Balikpapan,nan
CUST-12674,Semarang,Individual
CUST-12675,Palembang,Corporate
CUST-12676,Makassar,Individual
CUST-12677,Denpasar,Individual
CUST-12678,Bandung,Individual
CUST-12679,Makassar,Individual
CUST-12680,Palembang,Individual
CUST-12681,Jakarta,Individual
CUST-12682,Bandung,Individual
CUST-12683,Semarang,nan
CUST-12684,Yogyakarta,Individual
CUST-12685,Makassar,Individual
CUST-12686,Denpasar,Individual
CUST-12687,Semarang,Corporate
CUST-12688,Denpasar,Individual
CUST-12689,Semarang,Individual
CUST-12690,Bandung,Individual
CUST-12691,Balikpapan,Corporate
CUST-12692,Balikpapan,Individual
CUST-12693,Makassar,Individual
CUST-12694,Medan,Individual
CUST-12695,Denpasar,Corporate
CUST-12696,Semarang,Individual
CUST-12697,Yogyakarta,Individual
CUST-12698,Yogyakarta,Individual
CUST-12699,Yogyakarta,nan
CUST-12700,Surabaya,Individual
CUST-12701,Yogyakarta,Corporate
CUST-12702,Jakarta,Individual
CUST-12703,Balikpapan,Individual
CUST-12704,Medan,Corporate
CUST-12705,Surabaya,Individual
CUST-12706,Balikpapan,nan
CUST-12707,Surabaya,Corporate
CUST-12708,Palembang,Individual
CUST-12709,Palembang,Individual
CUST-12710,Surabaya,Individual
CUST-12711,Makassar,Individual
CUST-12712,Denpasar,Corporate
CUST-12713,Denpasar,Individual
CUST-12714,Surabaya,Individual
CUST-12715,Jakarta,Corporate
CUST-12716,Yogyakarta,Corporate
CUST-12717,Yogyakarta,Individual
CUST-12718,Medan,Individual
CUST-12719,Jakarta,Individual
CUST-12720,Yogyakarta,Individual
CUST-12721,Surabaya,Corporate
CUST-12722,Bandung,Individual
CUST-12723,Surabaya,nan
CUST-12724,Balikpapan,Corporate
CUST-12725,Denpasar,Individual
CUST-12726,Jakarta,Individual
CUST-12727,Bandung,Individual
CUST-12728,Yogyakarta,Corporate
CUST-12729,Medan,Individual
CUST-12730,Bandung,Individual
CUST-12731,Surabaya,Individual
CUST-12732,Makassar,nan
CUST-12733,Surabaya,Individual
CUST-12734,Makassar,Individual
CUST-12735,Balikpapan,Corporate
CUST-12736,Makassar,Individual
CUST-12737,Denpasar,Individual
CUST-12738,Denpasar,Corporate
CUST-12739,Palembang,Individual
CUST-12740,Surabaya,Individual
CUST-12741,Denpasar,Individual
CUST-12742,Palembang,Individual
CUST-12743,Makassar,Corporate
CUST-12744,Yogyakarta,Individual
CUST-12745,Balikpapan,Corporate
CUST-12746,Medan,Individual
CUST-12747,Balikpapan,Corporate
CUST-12748,Palembang,Individual
CUST-12749,Medan,Individual
CUST-12750,Medan,Individual
CUST-12751,Jakarta,Individual
CUST-12752,Yogyakarta,Individual
CUST-12753,Jakarta,Corporate
CUST-12754,Denpasar,Individual
CUST-12755,Semarang,Corporate
CUST-12756,Medan,Corporate
CUST-12757,Medan,Individual
CUST-12758,Yogyakarta,nan
CUST-12759,Denpasar,Corporate
CUST-12760,Semarang,Individual
CUST-12761,Denpasar,nan
CUST-12762,Balikpapan,nan
CUST-12763,Semarang,Corporate
CUST-12764,Semarang,Individual
CUST-12765,Yogyakarta,Corporate
CUST-12766,Makassar,nan
CUST-12767,Makassar,Individual
CUST-12768,Jakarta,Individual
CUST-12769,Surabaya,Individual
CUST-12770,Makassar,Individual
CUST-12771,Denpasar,Corporate
CUST-12772,Jakarta,Individual
CUST-12773,Yogyakarta,Individual
CUST-12774,Balikpapan,Corporate
CUST-12775,Bandung,nan
CUST-12776,Bandung,Individual
CUST-12777,Semarang,nan
CUST-12778,Bandung,Corporate
CUST-12779,Surabaya,nan
CUST-12780,Palembang,Corporate
CUST-12781,Denpasar,Individual
CUST-12782,Makassar,Corporate
CUST-12783,Semarang,nan
CUST-12784,Makassar,Corporate
CUST-12785,Jakarta,nan
CUST-12786,Denpasar,nan
CUST-12787,Palembang,nan
CUST-12788,Surabaya,Corporate
CUST-12789,Denpasar,Individual
CUST-12790,Palembang,Corporate
CUST-12791,Surabaya,Individual
CUST-12792,Semarang,nan
CUST-12793,Denpasar,Corporate
CUST-12794,Semarang,Individual
CUST-12795,Yogyakarta,Corporate
CUST-12796,Denpasar,Individual
CUST-12797,Medan,Corporate
CUST-12798,Bandung,nan
CUST-12799,Denpasar,Individual
CUST-12800,Makassar,Corporate
CUST-12801,Surabaya,Individual
CUST-12802,Yogyakarta,Individual
CUST-12803,Balikpapan,Corporate
CUST-12804,Yogyakarta,Individual
CUST-12805,Medan,Corporate
CUST-12806,Balikpapan,nan
CUST-12807,Jakarta,Individual
CUST-12808,Makassar,Corporate
CUST-12809,Balikpapan,Corporate
CUST-12810,Bandung,Individual
CUST-12811,Semarang,Individual
CUST-12812,Yogyakarta,Corporate
CUST-12813,Surabaya,Individual
CUST-12814,Bandung,Individual
CUST-12815,Surabaya,Corporate
CUST-12816,Makassar,Corporate
CUST-12817,Medan,Individual
CUST-12818,Makassar,Individual
CUST-12819,Bandung,Individual
CUST-12820,Jakarta,Corporate
CUST-12821,Bandung,Corporate
CUST-12822,Medan,nan
CUST-12823,Yogyakarta,nan
CUST-12824,Bandung,Individual
CUST-12825,Bandung,Individual
CUST-12826,Semarang,Individual
CUST-12827,Surabaya,Individual
CUST-12828,Yogyakarta,nan
CUST-12829,Denpasar,Individual
CUST-12830,Yogyakarta,Individual
CUST-12831,Denpasar,nan
CUST-12832,Medan,nan
CUST-12833,Bandung,Individual
CUST-12834,Bandung,Individual
CUST-12835,Denpasar,Individual
CUST-12836,Palembang,Individual
CUST-12837,Bandung,Individual
CUST-12838,Jakarta,Corporate
CUST-12839,Surabaya,nan
CUST-12840,Medan,nan
CUST-12841,Denpasar,Corporate
CUST-12842,Jakarta,nan
CUST-12843,Surabaya,Individual
CUST-12844,Balikpapan,nan
CUST-12845,Jakarta,Corporate
CUST-12846,Jakarta,Corporate
CUST-12847,Bandung,Individual
CUST-12848,Balikpapan,Individual
CUST-12849,Makassar,nan
CUST-12850,Semarang,nan
CUST-12851,Jakarta,Corporate
CUST-12852,Semarang,Individual
CUST-12853,Jakarta,Individual
CUST-12854,Jakarta,Individual
CUST-12855,Bandung,Corporate
CUST-12856,Medan,Individual
CUST-12857,Medan,Individual
CUST-12858,Denpasar,Corporate
CUST-12859,Bandung,Individual
CUST-12860,Semarang,Individual
CUST-12861,Medan,Individual
CUST-12862,Makassar,nan
CUST-12863,Makassar,Corporate
CUST-12864,Palembang,nan
CUST-12865,Semarang,Individual
CUST-12866,Medan,Individual
CUST-12867,Denpasar,Individual
CUST-12868,Medan,Individual
CUST-12869,Bandung,Corporate
CUST-12870,Medan,Individual
CUST-12871,Balikpapan,Individual
CUST-12872,Makassar,Individual
CUST-12873,Balikpapan,Individual
CUST-12874,Palembang,Corporate
CUST-12875,Balikpapan,Corporate
CUST-12876,Makassar,Individual
CUST-12877,Balikpapan,Individual
CUST-12878,Semarang,Individual
CUST-12879,Makassar,Individual
CUST-12880,Jakarta,Individual
CUST-12881,Semarang,Individual
CUST-12882,Yogyakarta,Corporate
CUST-12883,Surabaya,Individual
CUST-12884,Yogyakarta,Individual
CUST-12885,Medan,Corporate
CUST-12886,Palembang,Individual
CUST-12887,Jakarta,Individual
CUST-12888,Denpasar,Individual
CUST-12889,Semarang,Individual
CUST-12890,Bandung,Individual
CUST-12891,Balikpapan,Corporate
CUST-12892,Makassar,Individual
CUST-12893,Balikpapan,Corporate
CUST-12894,Yogyakarta,Corporate
CUST-12895,Medan,Corporate
CUST-12896,Makassar,Individual
CUST-12897,Bandung,Individual
CUST-12898,Jakarta,nan
CUST-12899,Bandung,Individual
CUST-12900,Bandung,Corporate
CUST-12901,Palembang,Corporate
CUST-12902,Makassar,Corporate
CUST-12903,Bandung,Corporate
CUST-12904,Makassar,Corporate
CUST-12905,Bandung,Individual
CUST-12906,Bandung,Individual
CUST-12907,Yogyakarta,Corporate
CUST-12908,Jakarta,Individual
CUST-12909,Yogyakarta,Individual
CUST-12910,Yogyakarta,Individual
CUST-12911,Balikpapan,Individual
CUST-12912,Balikpapan,Individual
CUST-12913,Balikpapan,Individual
CUST-12914,Makassar,Individual
CUST-12915,Denpasar,Individual
CUST-12916,Surabaya,Corporate
CUST-12917,Palembang,Individual
CUST-12918,Surabaya,Corporate
CUST-12919,Yogyakarta,nan
CUST-12920,Makassar,Individual
CUST-12921,Makassar,Corporate
CUST-12922,Semarang,Corporate
CUST-12923,Jakarta,Individual
CUST-12924,Semarang,Individual
CUST-12925,Balikpapan,Individual
CUST-12926,Makassar,nan
CUST-12927,Palembang,Corporate
CUST-12928,Palembang,Corporate
CUST-12929,Surabaya,Individual
CUST-12930,Jakarta,Individual
CUST-12931,Makassar,Individual
CUST-12932,Bandung,Individual
CUST-12933,Jakarta,Individual
CUST-12934,Palembang,Individual
CUST-12935,Yogyakarta,Corporate
CUST-12936,Bandung,Individual
CUST-12937,Surabaya,Individual
CUST-12938,Palembang,Corporate
CUST-12939,Yogyakarta,Individual
CUST-12940,Yogyakarta,Individual
CUST-12941,Makassar,Individual
CUST-12942,Bandung,Individual
CUST-12943,Semarang,Individual
CUST-12944,Balikpapan,Individual
CUST-12945,Jakarta,Individual
CUST-12946,Makassar,Individual
CUST-12947,Makassar,Individual
CUST-12948,Medan,nan
CUST-12949,Semarang,Corporate
CUST-12950,Jakarta,Individual
CUST-12951,Medan,Individual
CUST-12952,Medan,Individual
CUST-12953,Surabaya,Individual
CUST-12954,Bandung,Individual
CUST-12955,Palembang,Individual
CUST-12956,Bandung,Corporate
CUST-12957,Medan,Corporate
CUST-12958,Denpasar,Corporate
CUST-12959,Medan,nan
CUST-12960,Medan,Individual
CUST-12961,Medan,Corporate
CUST-12962,Palembang,Corporate
CUST-12963,Palembang,Individual
CUST-12964,Medan,Individual
CUST-12965,Yogyakarta,Corporate
CUST-12966,Surabaya,Individual
CUST-12967,Makassar,Individual
CUST-12968,Bandung,Individual
CUST-12969,Makassar,nan
CUST-12970,Semarang,Individual
CUST-12971,Medan,Corporate
CUST-12972,Surabaya,nan
CUST-12973,Balikpapan,nan
CUST-12974,Jakarta,Individual
CUST-12975,Denpasar,Corporate
CUST-12976,Balikpapan,nan
CUST-12977,Jakarta,nan
CUST-12978,Palembang,Corporate
CUST-12979,Medan,Individual
CUST-12980,Denpasar,Individual
CUST-12981,Balikpapan,Individual
CUST-12982,Denpasar,Individual
CUST-12983,Semarang,Individual
CUST-12984,Medan,Individual
CUST-12985,Balikpapan,Individual
CUST-12986,Medan,Individual
CUST-12987,Palembang,Individual
CUST-12988,Semarang,Corporate
CUST-12989,Denpasar,Corporate
CUST-12990,Makassar,Individual
CUST-12991,Denpasar,Individual
CUST-12992,Semarang,nan
CUST-12993,Bandung,nan
CUST-12994,Bandung,Individual
CUST-12995,Semarang,Individual
CUST-12996,Balikpapan,Corporate
CUST-12997,Surabaya,Individual
CUST-12998,Palembang,Corporate
CUST-12999,Surabaya,Individual
CUST-13000,Medan,Individual
CUST-13001,Jakarta,Individual
CUST-13002,Palembang,Individual
CUST-13003,Balikpapan,Individual
CUST-13004,Medan,Individual
CUST-13005,Bandung,Individual
CUST-13006,Jakarta,nan
CUST-13007,Palembang,Individual
CUST-13008,Jakarta,Individual
CUST-13009,Semarang,nan
CUST-13010,Surabaya,Individual
CUST-13011,Makassar,Individual
CUST-13012,Balikpapan,Individual
CUST-13013,Surabaya,nan
CUST-13014,Bandung,nan
CUST-13015,Jakarta,nan
CUST-13016,Semarang,Individual
CUST-13017,Bandung,Individual
CUST-13018,Balikpapan,Individual
CUST-13019,Semarang,Corporate
CUST-13020,Bandung,Corporate
CUST-13021,Balikpapan,Corporate
CUST-13022,Denpasar,Individual
CUST-13023,Makassar,Individual
CUST-13024,Semarang,Individual
CUST-13025,Makassar,Individual
CUST-13026,Palembang,Individual
CUST-13027,Yogyakarta,Corporate
CUST-13028,Palembang,Individual
CUST-13029,Surabaya,nan
CUST-13030,Jakarta,Individual
CUST-13031,Bandung,Individual
CUST-13032,Makassar,Individual
CUST-13033,Jakarta,Corporate
CUST-13034,Medan,Individual
CUST-13035,Surabaya,nan
CUST-13036,Denpasar,Corporate
CUST-13037,Jakarta,Corporate
CUST-13038,Balikpapan,Corporate
CUST-13039,Jakarta,nan
CUST-13040,Palembang,Individual
CUST-13041,Denpasar,Individual
CUST-13042,Makassar,Individual
CUST-13043,Bandung,Individual
CUST-13044,Denpasar,Individual
CUST-13045,Jakarta,Individual
CUST-13046,Balikpapan,Individual
CUST-13047,Bandung,nan
CUST-13048,Palembang,Individual
CUST-13049,Palembang,Individual
CUST-13050,Balikpapan,Individual
CUST-13051,Denpasar,Corporate
CUST-13052,Palembang,Corporate
CUST-13053,Palembang,Individual
CUST-13054,Balikpapan,Individual
CUST-13055,Denpasar,Individual
CUST-13056,Jakarta,Individual
CUST-13057,Makassar,Corporate
CUST-13058,Semarang,nan
CUST-13059,Semarang,Corporate
CUST-13060,Makassar,Corporate
CUST-13061,Yogyakarta,Individual
CUST-13062,Semarang,Individual
CUST-13063,Surabaya,Individual
CUST-13064,Balikpapan,Individual
CUST-13065,Medan,Individual
CUST-13066,Medan,Corporate
CUST-13067,Denpasar,Individual
CUST-13068,Makassar,Individual
CUST-13069,Jakarta,Individual
CUST-13070,Makassar,nan
CUST-13071,Makassar,Individual
CUST-13072,Jakarta,Individual
CUST-13073,Jakarta,Individual
CUST-13074,Semarang,Individual
CUST-13075,Surabaya,Individual
CUST-13076,Balikpapan,Individual
CUST-13077,Semarang,nan
CUST-13078,Palembang,Individual
CUST-13079,Denpasar,Corporate
CUST-13080,Surabaya,Individual
CUST-13081,Medan,Individual
CUST-13082,Medan,nan
CUST-13083,Makassar,Individual
CUST-13084,Bandung,Corporate
CUST-13085,Yogyakarta,Corporate
CUST-13086,Yogyakarta,Individual
CUST-13087,Surabaya,nan
CUST-13088,Surabaya,Corporate
CUST-13089,Makassar,Individual
CUST-13090,Balikpapan,Corporate
CUST-13091,Yogyakarta,Individual
CUST-13092,Jakarta,Individual
CUST-13093,Makassar,Individual
CUST-13094,Makassar,Individual
CUST-13095,Denpasar,Corporate
CUST-13096,Semarang,Individual
CUST-13097,Bandung,Individual
CUST-13098,Semarang,nan
CUST-13099,Palembang,Corporate
CUST-13100,Semarang,Individual
CUST-13101,Bandung,Individual
CUST-13102,Yogyakarta,Individual
CUST-13103,Jakarta,nan
CUST-13104,Medan,nan
CUST-13105,Jakarta,Corporate
CUST-13106,Yogyakarta,Corporate
CUST-13107,Balikpapan,nan
CUST-13108,Medan,Individual
CUST-13109,Makassar,Individual
CUST-13110,Denpasar,nan
CUST-13111,Denpasar,Individual
CUST-13112,Balikpapan,Corporate
CUST-13113,Bandung,Corporate
CUST-13114,Denpasar,Individual
CUST-13115,Bandung,Corporate
CUST-13116,Makassar,Corporate
CUST-13117,Yogyakarta,Individual
CUST-13118,Semarang,Corporate
CUST-13119,Palembang,Individual
CUST-13120,Medan,Corporate
CUST-13121,Balikpapan,Individual
CUST-13122,Yogyakarta,Corporate
CUST-13123,Yogyakarta,Corporate
CUST-13124,Denpasar,Corporate
CUST-13125,Bandung,Individual
CUST-13126,Surabaya,Individual
CUST-13127,Denpasar,Individual
CUST-13128,Bandung,Individual
CUST-13129,Balikpapan,Individual
CUST-13130,Yogyakarta,Corporate
CUST-13131,Makassar,Individual
CUST-13132,Balikpapan,Individual
CUST-13133,Denpasar,Individual
CUST-13134,Semarang,Individual
CUST-13135,Medan,Individual
CUST-13136,Jakarta,nan
CUST-13137,Palembang,Individual
CUST-13138,Palembang,Individual
CUST-13139,Denpasar,Corporate
CUST-13140,Yogyakarta,nan
CUST-13141,Surabaya,Individual
CUST-13142,Surabaya,Corporate
CUST-13143,Surabaya,Corporate
CUST-13144,Surabaya,Individual
CUST-13145,Yogyakarta,Individual
CUST-13146,Palembang,Individual
CUST-13147,Surabaya,Individual
CUST-13148,Balikpapan,Individual
CUST-13149,Surabaya,Individual
CUST-13150,Medan,Corporate
CUST-13151,Medan,Individual
CUST-13152,Palembang,Corporate
CUST-13153,Jakarta,nan
CUST-13154,Balikpapan,Individual
CUST-13155,Jakarta,nan
CUST-13156,Semarang,Individual
CUST-13157,Denpasar,Individual
CUST-13158,Yogyakarta,Individual
CUST-13159,Medan,Individual
CUST-13160,Bandung,Individual
CUST-13161,Balikpapan,Corporate
CUST-13162,Balikpapan,nan
CUST-13163,Denpasar,Individual
CUST-13164,Surabaya,nan
CUST-13165,Yogyakarta,Individual
CUST-13166,Makassar,Corporate
CUST-13167,Makassar,Individual
CUST-13168,Medan,nan
CUST-13169,Yogyakarta,Individual
CUST-13170,Jakarta,Individual
CUST-13171,Semarang,nan
CUST-13172,Yogyakarta,Individual
CUST-13173,Surabaya,Corporate
CUST-13174,Bandung,Corporate
CUST-13175,Palembang,Individual
CUST-13176,Balikpapan,Individual
CUST-13177,Bandung,Corporate
CUST-13178,Bandung,Individual
CUST-13179,Jakarta,Individual
CUST-13180,Makassar,Individual
CUST-13181,Denpasar,Individual
CUST-13182,Bandung,nan
CUST-13183,Bandung,Individual
CUST-13184,Semarang,Individual
CUST-13185,Surabaya,Individual
CUST-13186,Bandung,Individual
CUST-13187,Yogyakarta,Corporate
CUST-13188,Jakarta,Individual
CUST-13189,Denpasar,nan
CUST-13190,Palembang,Corporate
CUST-13191,Surabaya,Corporate
CUST-13192,Makassar,Individual
CUST-13193,Makassar,nan
CUST-13194,Jakarta,nan
CUST-13195,Bandung,nan
CUST-13196,Semarang,Individual
CUST-13197,Yogyakarta,Individual
CUST-13198,Denpasar,Corporate
CUST-13199,Balikpapan,Corporate
CUST-13200,Bandung,Individual
CUST-13201,Jakarta,Individual
CUST-13202,Makassar,Individual
CUST-13203,Palembang,Corporate
CUST-13204,Palembang,Individual
CUST-13205,Denpasar,Individual
CUST-13206,Makassar,Individual
CUST-13207,Denpasar,Individual
CUST-13208,Yogyakarta,nan
CUST-13209,Balikpapan,nan
CUST-13210,Yogyakarta,Individual
CUST-13211,Medan,Individual
CUST-13212,Balikpapan,nan
CUST-13213,Bandung,nan
CUST-13214,Medan,Individual
CUST-13215,Bandung,Individual
CUST-13216,Bandung,Individual
CUST-13217,Medan,Individual
CUST-13218,Jakarta,nan
CUST-13219,Medan,nan
CUST-13220,Bandung,nan
CUST-13221,Denpasar,Individual
CUST-13222,Semarang,nan
CUST-13223,Palembang,nan
CUST-13224,Yogyakarta,Corporate
CUST-13225,Surabaya,Corporate
CUST-13226,Jakarta,Individual
CUST-13227,Balikpapan,Corporate
CUST-13228,Medan,Corporate
CUST-13229,Balikpapan,Individual
CUST-13230,Balikpapan,Individual
CUST-13231,Semarang,Individual
CUST-13232,Surabaya,Corporate
CUST-13233,Balikpapan,nan
CUST-13234,Jakarta,Individual
CUST-13235,Bandung,nan
CUST-13236,Bandung,Individual
CUST-13237,Denpasar,Individual
CUST-13238,Makassar,Corporate
CUST-13239,Denpasar,Individual
CUST-13240,Makassar,Individual
CUST-13241,Jakarta,Individual
CUST-13242,Palembang,Individual
CUST-13243,Palembang,Individual
CUST-13244,Yogyakarta,nan
CUST-13245,Surabaya,Corporate
CUST-13246,Jakarta,Individual
CUST-13247,Semarang,nan
CUST-13248,Semarang,nan
CUST-13249,Jakarta,Individual
CUST-13250,Semarang,nan
CUST-13251,Balikpapan,Individual
CUST-13252,Medan,Individual
CUST-13253,Surabaya,Individual
CUST-13254,Balikpapan,nan
CUST-13255,Denpasar,Corporate
CUST-13256,Denpasar,nan
CUST-13257,Medan,nan
CUST-13258,Yogyakarta,Individual
CUST-13259,Palembang,Individual
CUST-13260,Jakarta,Individual
CUST-13261,Balikpapan,Corporate
CUST-13262,Makassar,Individual
CUST-13263,Denpasar,nan
CUST-13264,Denpasar,Individual
CUST-13265,Surabaya,Individual
CUST-13266,Surabaya,Corporate
CUST-13267,Balikpapan,Individual
CUST-13268,Surabaya,nan
CUST-13269,Balikpapan,Corporate
CUST-13270,Semarang,Individual
CUST-13271,Palembang,Individual
CUST-13272,Makassar,nan
CUST-13273,Medan,Corporate
CUST-13274,Yogyakarta,Corporate
CUST-13275,Jakarta,Corporate
CUST-13276,Surabaya,nan
CUST-13277,Yogyakarta,Individual
CUST-13278,Palembang,Individual
CUST-13279,Semarang,Individual
CUST-13280,Denpasar,Individual
CUST-13281,Bandung,Individual
CUST-13282,Palembang,Corporate
CUST-13283,Surabaya,Individual
CUST-13284,Jakarta,nan
CUST-13285,Jakarta,Individual
CUST-13286,Yogyakarta,Individual
CUST-13287,Makassar,nan
CUST-13288,Balikpapan,Individual
CUST-13289,Denpasar,Individual
CUST-13290,Balikpapan,Individual
CUST-13291,Surabaya,Individual
CUST-13292,Denpasar,Corporate
CUST-13293,Medan,Individual
CUST-13294,Balikpapan,Individual
CUST-13295,Surabaya,Corporate
CUST-13296,Palembang,Individual
CUST-13297,Jakarta,Corporate
CUST-13298,Balikpapan,Individual
CUST-13299,Balikpapan,Corporate
CUST-13300,Makassar,Individual
CUST-13301,Palembang,Individual
CUST-13302,Denpasar,Corporate
CUST-13303,Bandung,Individual
CUST-13304,Denpasar,Corporate
CUST-13305,Denpasar,Corporate
CUST-13306,Surabaya,Individual
CUST-13307,Semarang,Corporate
CUST-13308,Medan,Individual
CUST-13309,Bandung,Individual
CUST-13310,Surabaya,Individual
CUST-13311,Surabaya,nan
CUST-13312,Makassar,Individual
CUST-13313,Semarang,Individual
CUST-13314,Surabaya,Individual
CUST-13315,Denpasar,Corporate
CUST-13316,Palembang,Individual
CUST-13317,Makassar,Individual
CUST-13318,Palembang,Individual
CUST-13319,Medan,Individual
CUST-13320,Balikpapan,nan
CUST-13321,Jakarta,Corporate
CUST-13322,Denpasar,Individual
CUST-13323,Makassar,Individual
CUST-13324,Jakarta,Individual
CUST-13325,Denpasar,nan
CUST-13326,Palembang,Individual
CUST-13327,Balikpapan,Individual
CUST-13328,Yogyakarta,Corporate
CUST-13329,Surabaya,nan
CUST-13330,Jakarta,Individual
CUST-13331,Medan,Individual
CUST-13332,Jakarta,Individual
CUST-13333,Surabaya,Individual
CUST-13334,Yogyakarta,Corporate
CUST-13335,Makassar,nan
CUST-13336,Surabaya,Individual
CUST-13337,Denpasar,nan
CUST-13338,Bandung,Individual
CUST-13339,Yogyakarta,Individual
CUST-13340,Denpasar,Individual
CUST-13341,Bandung,nan
CUST-13342,Balikpapan,Individual
CUST-13343,Balikpapan,Individual
CUST-13344,Denpasar,Corporate
CUST-13345,Yogyakarta,Individual
CUST-13346,Surabaya,Corporate
CUST-13347,Balikpapan,Corporate
CUST-13348,Medan,nan
CUST-13349,Balikpapan,nan
CUST-13350,Balikpapan,Individual
CUST-13351,Jakarta,Individual
CUST-13352,Surabaya,Corporate
CUST-13353,Makassar,Corporate
CUST-13354,Denpasar,Individual
CUST-13355,Balikpapan,Individual
CUST-13356,Makassar,Individual
CUST-13357,Makassar,Corporate
CUST-13358,Yogyakarta,Individual
CUST-13359,Bandung,Corporate
CUST-13360,Jakarta,Individual
CUST-13361,Balikpapan,nan
CUST-13362,Yogyakarta,Individual
CUST-13363,Jakarta,Corporate
CUST-13364,Medan,Individual
CUST-13365,Balikpapan,Individual
CUST-13366,Denpasar,Individual
CUST-13367,Bandung,nan
CUST-13368,Makassar,Individual
CUST-13369,Bandung,nan
CUST-13370,Jakarta,Individual
CUST-13371,Medan,Individual
CUST-13372,Bandung,Individual
CUST-13373,Yogyakarta,Corporate
CUST-13374,Surabaya,Individual
CUST-13375,Surabaya,Individual
CUST-13376,Medan,Individual
CUST-13377,Makassar,Individual
CUST-13378,Makassar,Corporate
CUST-13379,Yogyakarta,nan
CUST-13380,Denpasar,Corporate
CUST-13381,Jakarta,Individual
CUST-13382,Balikpapan,Corporate
CUST-13383,Yogyakarta,Individual
CUST-13384,Yogyakarta,Individual
CUST-13385,Denpasar,Corporate
CUST-13386,Yogyakarta,Individual
CUST-13387,Palembang,Corporate
CUST-13388,Semarang,Individual
CUST-13389,Surabaya,Individual
CUST-13390,Denpasar,Individual
CUST-13391,Surabaya,Individual
CUST-13392,Balikpapan,Individual
CUST-13393,Surabaya,Corporate
CUST-13394,Surabaya,Corporate
CUST-13395,Jakarta,Individual
CUST-13396,Medan,Individual
CUST-13397,Denpasar,nan
CUST-13398,Surabaya,Corporate
CUST-13399,Medan,nan
CUST-13400,Denpasar,Corporate
CUST-13401,Bandung,Corporate
CUST-13402,Semarang,nan
CUST-13403,Semarang,Individual
CUST-13404,Yogyakarta,nan
CUST-13405,Bandung,Individual
CUST-13406,Palembang,Individual
CUST-13407,Jakarta,Individual
CUST-13408,Palembang,Individual
CUST-13409,Balikpapan,Individual
CUST-13410,Palembang,Corporate
CUST-13411,Bandung,Corporate
CUST-13412,Balikpapan,Corporate
CUST-13413,Bandung,nan
CUST-13414,Bandung,Individual
CUST-13415,Semarang,Corporate
CUST-13416,Medan,Individual
CUST-13417,Palembang,Individual
CUST-13418,Makassar,nan
CUST-13419,Surabaya,nan
CUST-13420,Semarang,Individual
CUST-13421,Semarang,nan
CUST-13422,Balikpapan,Corporate
CUST-13423,Balikpapan,Individual
CUST-13424,Semarang,Individual
CUST-13425,Bandung,Corporate
CUST-13426,Medan,Corporate
CUST-13427,Semarang,Corporate
CUST-13428,Yogyakarta,Individual
CUST-13429,Semarang,Individual
CUST-13430,Makassar,Individual
CUST-13431,Bandung,Individual
CUST-13432,Semarang,Individual
CUST-13433,Yogyakarta,Individual
CUST-13434,Bandung,Individual
CUST-13435,Palembang,Corporate
CUST-13436,Palembang,Individual
CUST-13437,Surabaya,Individual
CUST-13438,Makassar,Corporate
CUST-13439,Palembang,Individual
CUST-13440,Makassar,Corporate
CUST-13441,Semarang,Individual
CUST-13442,Palembang,Individual
CUST-13443,Surabaya,nan
CUST-13444,Makassar,Corporate
CUST-13445,Makassar,nan
CUST-13446,Makassar,Individual
CUST-13447,Palembang,Individual
CUST-13448,Palembang,Corporate
CUST-13449,Jakarta,nan
CUST-13450,Makassar,Individual
CUST-13451,Surabaya,Individual
CUST-13452,Yogyakarta,Individual
CUST-13453,Balikpapan,nan
CUST-13454,Yogyakarta,Corporate
CUST-13455,Yogyakarta,Individual
CUST-13456,Yogyakarta,Individual
CUST-13457,Palembang,Corporate
CUST-13458,Makassar,Individual
CUST-13459,Makassar,Individual
CUST-13460,Denpasar,Corporate
CUST-13461,Palembang,Corporate
CUST-13462,Denpasar,nan
CUST-13463,Palembang,nan
CUST-13464,Surabaya,Individual
CUST-13465,Balikpapan,Corporate
CUST-13466,Jakarta,Individual
CUST-13467,Bandung,Individual
CUST-13468,Medan,Individual
CUST-13469,Semarang,Individual
CUST-13470,Jakarta,Individual
CUST-13471,Jakarta,nan
CUST-13472,Surabaya,Individual
CUST-13473,Yogyakarta,Individual
CUST-13474,Yogyakarta,Individual
CUST-13475,Yogyakarta,Corporate
CUST-13476,Denpasar,Individual
CUST-13477,Surabaya,Corporate
CUST-13478,Balikpapan,Individual
CUST-13479,Bandung,Corporate
CUST-13480,Medan,Corporate
CUST-13481,Palembang,Individual
CUST-13482,Jakarta,Corporate
CUST-13483,Medan,Individual
CUST-13484,Denpasar,Individual
CUST-13485,Surabaya,Individual
CUST-13486,Bandung,Individual
CUST-13487,Medan,Individual
CUST-13488,Balikpapan,Individual
CUST-13489,Surabaya,Individual
CUST-13490,Medan,Individual
CUST-13491,Semarang,Corporate
CUST-13492,Medan,Corporate
CUST-13493,Denpasar,nan
CUST-13494,Palembang,Individual
CUST-13495,Bandung,Individual
CUST-13496,Semarang,Individual
CUST-13497,Denpasar,Individual
CUST-13498,Semarang,Individual
CUST-13499,Surabaya,Individual
CUST-13500,Medan,nan
CUST-13501,Balikpapan,Corporate
CUST-13502,Jakarta,Corporate
CUST-13503,Palembang,Individual
CUST-13504,Makassar,nan
CUST-13505,Medan,Individual
CUST-13506,Yogyakarta,Individual
CUST-13507,Balikpapan,Individual
CUST-13508,Makassar,Corporate
CUST-13509,Surabaya,Corporate
CUST-13510,Denpasar,Corporate
CUST-13511,Bandung,Individual
CUST-13512,Semarang,Individual
CUST-13513,Denpasar,nan
CUST-13514,Semarang,Individual
CUST-13515,Surabaya,Individual
CUST-13516,Palembang,nan
CUST-13517,Denpasar,Individual
CUST-13518,Jakarta,Individual
CUST-13519,Yogyakarta,Individual
CUST-13520,Jakarta,nan
CUST-13521,Medan,Corporate
CUST-13522,Denpasar,nan
CUST-13523,Yogyakarta,Individual
CUST-13524,Balikpapan,Individual
CUST-13525,Medan,Individual
CUST-13526,Semarang,Corporate
CUST-13527,Palembang,Individual
CUST-13528,Palembang,Individual
CUST-13529,Surabaya,Individual
CUST-13530,Yogyakarta,nan
CUST-13531,Yogyakarta,Individual
CUST-13532,Semarang,Individual
CUST-13533,Medan,Individual
CUST-13534,Jakarta,Individual
CUST-13535,Balikpapan,Individual
CUST-13536,Surabaya,Corporate
CUST-13537,Denpasar,Individual
CUST-13538,Bandung,nan
CUST-13539,Yogyakarta,Individual
CUST-13540,Bandung,Individual
CUST-13541,Balikpapan,Individual
CUST-13542,Bandung,Individual
CUST-13543,Surabaya,Individual
CUST-13544,Surabaya,nan
CUST-13545,Jakarta,Individual
CUST-13546,Surabaya,Individual
CUST-13547,Medan,Corporate
CUST-13548,Medan,Individual
CUST-13549,Bandung,Individual
CUST-13550,Makassar,Corporate
CUST-13551,Surabaya,nan
CUST-13552,Yogyakarta,nan
CUST-13553,Palembang,nan
CUST-13554,Jakarta,Individual
CUST-13555,Medan,Individual
CUST-13556,Bandung,Individual
CUST-13557,Medan,Corporate
CUST-13558,Denpasar,Corporate
CUST-13559,Jakarta,Individual
CUST-13560,Yogyakarta,Individual
CUST-13561,Semarang,Individual
CUST-13562,Yogyakarta,Individual
CUST-13563,Palembang,Individual
CUST-13564,Palembang,Individual
CUST-13565,Yogyakarta,Individual
CUST-13566,Makassar,Individual
CUST-13567,Balikpapan,Individual
CUST-13568,Medan,Corporate
CUST-13569,Makassar,Individual
CUST-13570,Yogyakarta,Individual
CUST-13571,Bandung,Individual
CUST-13572,Balikpapan,Individual
CUST-13573,Semarang,Corporate
CUST-13574,Bandung,Individual
CUST-13575,Surabaya,Corporate
CUST-13576,Balikpapan,Individual
CUST-13577,Surabaya,Individual
CUST-13578,Bandung,Individual
CUST-13579,Semarang,Individual
CUST-13580,Semarang,Individual
CUST-13581,Yogyakarta,Corporate
CUST-13582,Surabaya,Corporate
CUST-13583,Denpasar,Individual
CUST-13584,Medan,Corporate
CUST-13585,Semarang,Individual
CUST-13586,Medan,nan
CUST-13587,Denpasar,Corporate
CUST-13588,Balikpapan,Corporate
CUST-13589,Semarang,Individual
CUST-13590,Jakarta,Individual
CUST-13591,Jakarta,nan
CUST-13592,Bandung,nan
CUST-13593,Semarang,nan
CUST-13594,Makassar,Corporate
CUST-13595,Palembang,Corporate
CUST-13596,Balikpapan,Individual
CUST-13597,Balikpapan,Individual
CUST-13598,Medan,Individual
CUST-13599,Medan,Individual
CUST-13600,Makassar,Individual
CUST-13601,Denpasar,Corporate
CUST-13602,Jakarta,Individual
CUST-13603,Denpasar,nan
CUST-13604,Makassar,Individual
CUST-13605,Makassar,Corporate
CUST-13606,Makassar,Individual
CUST-13607,Yogyakarta,Individual
CUST-13608,Denpasar,Corporate
CUST-13609,Medan,nan
CUST-13610,Surabaya,nan
CUST-13611,Balikpapan,Individual
CUST-13612,Semarang,Individual
CUST-13613,Jakarta,Corporate
CUST-13614,Semarang,nan
CUST-13615,Yogyakarta,Individual
CUST-13616,Yogyakarta,nan
CUST-13617,Jakarta,Individual
CUST-13618,Surabaya,Corporate
CUST-13619,Denpasar,Individual
CUST-13620,Denpasar,nan
CUST-13621,Makassar,nan
CUST-13622,Balikpapan,nan
CUST-13623,Medan,Individual
CUST-13624,Yogyakarta,Individual
CUST-13625,Medan,Corporate
CUST-13626,Balikpapan,Individual
CUST-13627,Yogyakarta,Individual
CUST-13628,Medan,Corporate
CUST-13629,Denpasar,Individual
CUST-13630,Bandung,Corporate
CUST-13631,Medan,Individual
CUST-13632,Bandung,Corporate
CUST-13633,Yogyakarta,nan
CUST-13634,Bandung,Individual
CUST-13635,Yogyakarta,Individual
CUST-13636,Semarang,nan
CUST-13637,Medan,Individual
CUST-13638,Makassar,Individual
CUST-13639,Bandung,nan
CUST-13640,Denpasar,nan
CUST-13641,Surabaya,nan
CUST-13642,Semarang,Individual
CUST-13643,Balikpapan,Individual
CUST-13644,Jakarta,Corporate
CUST-13645,Bandung,Individual
CUST-13646,Palembang,Individual
CUST-13647,Surabaya,Individual
CUST-13648,Medan,Individual
CUST-13649,Semarang,Corporate
CUST-13650,Medan,Individual
CUST-13651,Jakarta,nan
CUST-13652,Surabaya,Corporate
CUST-13653,Palembang,Individual
CUST-13654,Surabaya,Individual
CUST-13655,Medan,Corporate
CUST-13656,Jakarta,Individual
CUST-13657,Jakarta,Individual
CUST-13658,Jakarta,Corporate
CUST-13659,Jakarta,Corporate
CUST-13660,Bandung,Individual
CUST-13661,Denpasar,nan
CUST-13662,Bandung,Corporate
CUST-13663,Palembang,Individual
CUST-13664,Jakarta,Individual
CUST-13665,Semarang,Corporate
CUST-13666,Semarang,Individual
CUST-13667,Palembang,Individual
CUST-13668,Bandung,Corporate
CUST-13669,Semarang,Individual
CUST-13670,Jakarta,Individual
CUST-13671,Makassar,Corporate
CUST-13672,Medan,Corporate
CUST-13673,Semarang,Corporate
CUST-13674,Jakarta,Individual
CUST-13675,Balikpapan,nan
CUST-13676,Jakarta,Individual
CUST-13677,Makassar,Individual
CUST-13678,Makassar,Individual
CUST-13679,Surabaya,Individual
CUST-13680,Balikpapan,Individual
CUST-13681,Semarang,Corporate
CUST-13682,Palembang,Individual
CUST-13683,Balikpapan,nan
CUST-13684,Balikpapan,Individual
CUST-13685,Palembang,Corporate
CUST-13686,Palembang,Individual
CUST-13687,Medan,Individual
CUST-13688,Bandung,Corporate
CUST-13689,Yogyakarta,Corporate
CUST-13690,Jakarta,Corporate
CUST-13691,Semarang,Individual
CUST-13692,Jakarta,Individual
CUST-13693,Bandung,nan
CUST-13694,Balikpapan,Individual
CUST-13695,Makassar,Individual
CUST-13696,Semarang,nan
CUST-13697,Surabaya,Individual
CUST-13698,Denpasar,Individual
CUST-13699,Denpasar,Individual
CUST-13700,Palembang,Individual
CUST-13701,Makassar,Individual
CUST-13702,Bandung,Corporate
CUST-13703,Balikpapan,Corporate
CUST-13704,Palembang,Individual
CUST-13705,Balikpapan,Individual
CUST-13706,Bandung,Corporate
CUST-13707,Bandung,Corporate
CUST-13708,Medan,Individual
CUST-13709,Medan,Corporate
CUST-13710,Medan,Individual
CUST-13711,Medan,Individual
CUST-13712,Jakarta,Individual
CUST-13713,Semarang,nan
CUST-13714,Palembang,Individual
CUST-13715,Yogyakarta,Corporate
CUST-13716,Medan,Individual
CUST-13717,Medan,Individual
CUST-13718,Palembang,Individual
CUST-13719,Medan,Individual
CUST-13720,Makassar,Corporate
CUST-13721,Jakarta,Individual
CUST-13722,Balikpapan,nan
CUST-13723,Medan,Corporate
CUST-13724,Palembang,Individual
CUST-13725,Semarang,Individual
CUST-13726,Makassar,Individual
CUST-13727,Medan,Corporate
CUST-13728,Yogyakarta,Corporate
CUST-13729,Yogyakarta,Corporate
CUST-13730,Bandung,Corporate
CUST-13731,Bandung,Individual
CUST-13732,Medan,Individual
CUST-13733,Denpasar,Individual
CUST-13734,Makassar,nan
CUST-13735,Jakarta,Individual
CUST-13736,Yogyakarta,Individual
CUST-13737,Bandung,Individual
CUST-13738,Makassar,Individual
CUST-13739,Denpasar,Individual
CUST-13740,Jakarta,Individual
CUST-13741,Medan,Individual
CUST-13742,Semarang,Individual
CUST-13743,Semarang,Corporate
CUST-13744,Medan,Individual
CUST-13745,Surabaya,Individual
CUST-13746,Bandung,Individual
CUST-13747,Bandung,Individual
CUST-13748,Yogyakarta,nan
CUST-13749,Surabaya,Individual
CUST-13750,Palembang,Corporate
CUST-13751,Medan,Individual
CUST-13752,Makassar,Corporate
CUST-13753,Bandung,Individual
CUST-13754,Bandung,Individual
CUST-13755,Semarang,Individual
CUST-13756,Yogyakarta,Individual
CUST-13757,Semarang,Individual
CUST-13758,Jakarta,Individual
CUST-13759,Surabaya,Individual
CUST-13760,Denpasar,nan
CUST-13761,Surabaya,Individual
CUST-13762,Palembang,Individual
CUST-13763,Balikpapan,Individual
CUST-13764,Denpasar,Individual
CUST-13765,Denpasar,Individual
CUST-13766,Semarang,Individual
CUST-13767,Medan,Individual
CUST-13768,Medan,Corporate
CUST-13769,Balikpapan,Individual
CUST-13770,Jakarta,Corporate
CUST-13771,Surabaya,Individual
CUST-13772,Jakarta,Corporate
CUST-13773,Bandung,Corporate
CUST-13774,Yogyakarta,Corporate
CUST-13775,Palembang,Individual
CUST-13776,Semarang,Corporate
CUST-13777,Jakarta,Individual
CUST-13778,Denpasar,Individual
CUST-13779,Yogyakarta,nan
CUST-13780,Balikpapan,Individual
CUST-13781,Medan,nan
CUST-13782,Semarang,Individual
CUST-13783,Denpasar,Corporate
CUST-13784,Bandung,Individual
CUST-13785,Semarang,Individual
CUST-13786,Palembang,Individual
CUST-13787,Palembang,nan
CUST-13788,Makassar,Corporate
CUST-13789,Denpasar,nan
CUST-13790,Palembang,Corporate
CUST-13791,Yogyakarta,Corporate
CUST-13792,Denpasar,nan
CUST-13793,Surabaya,Corporate
CUST-13794,Makassar,Individual
CUST-13795,Bandung,Individual
CUST-13796,Yogyakarta,Corporate
CUST-13797,Semarang,Individual
CUST-13798,Makassar,Individual
CUST-13799,Medan,nan
CUST-13800,Medan,Individual
CUST-13801,Denpasar,Corporate
CUST-13802,Jakarta,Individual
CUST-13803,Denpasar,Individual
CUST-13804,Yogyakarta,Individual
CUST-13805,Balikpapan,Corporate
CUST-13806,Yogyakarta,Individual
CUST-13807,Denpasar,Corporate
CUST-13808,Medan,Corporate
CUST-13809,Jakarta,Corporate
CUST-13810,Bandung,Individual
CUST-13811,Jakarta,Corporate
CUST-13812,Makassar,Individual
CUST-13813,Balikpapan,Corporate
CUST-13814,Denpasar,Individual
CUST-13815,Balikpapan,Corporate
CUST-13816,Semarang,Individual
CUST-13817,Denpasar,Individual
CUST-13818,Medan,Individual
CUST-13819,Palembang,Corporate
CUST-13820,Semarang,Individual
CUST-13821,Yogyakarta,Individual
CUST-13822,Medan,Corporate
CUST-13823,Medan,nan
CUST-13824,Balikpapan,Individual
CUST-13825,Palembang,Individual
CUST-13826,Balikpapan,nan
CUST-13827,Makassar,Individual
CUST-13828,Semarang,Individual
CUST-13829,Palembang,Individual
CUST-13830,Palembang,Corporate
CUST-13831,Bandung,Individual
CUST-13832,Semarang,Individual
CUST-13833,Denpasar,Individual
CUST-13834,Surabaya,Individual
CUST-13835,Denpasar,Corporate
CUST-13836,Palembang,nan
CUST-13837,Makassar,nan
CUST-13838,Makassar,Individual
CUST-13839,Jakarta,Individual
CUST-13840,Balikpapan,Individual
CUST-13841,Balikpapan,Corporate
CUST-13842,Surabaya,nan
CUST-13843,Palembang,Individual
CUST-13844,Yogyakarta,Individual
CUST-13845,Surabaya,Corporate
CUST-13846,Jakarta,Individual
CUST-13847,Palembang,nan
CUST-13848,Medan,nan
CUST-13849,Medan,Individual
CUST-13850,Makassar,Corporate
CUST-13851,Palembang,Individual
CUST-13852,Makassar,Individual
CUST-13853,Jakarta,Individual
CUST-13854,Yogyakarta,Individual
CUST-13855,Denpasar,Corporate
CUST-13856,Medan,nan
CUST-13857,Semarang,Individual
CUST-13858,Jakarta,Individual
CUST-13859,Jakarta,Individual
CUST-13860,Palembang,Corporate
CUST-13861,Semarang,Individual
CUST-13862,Medan,Corporate
CUST-13863,Yogyakarta,Corporate
CUST-13864,Bandung,Individual
CUST-13865,Medan,Corporate
CUST-13866,Jakarta,Corporate
CUST-13867,Yogyakarta,nan
CUST-13868,Denpasar,Individual
CUST-13869,Bandung,Individual
CUST-13870,Surabaya,Individual
CUST-13871,Jakarta,Individual
CUST-13872,Makassar,Individual
CUST-13873,Makassar,Corporate
CUST-13874,Makassar,Corporate
CUST-13875,Makassar,Individual
CUST-13876,Palembang,Individual
CUST-13877,Bandung,Corporate
CUST-13878,Balikpapan,nan
CUST-13879,Makassar,nan
CUST-13880,Balikpapan,nan
CUST-13881,Balikpapan,Individual
CUST-13882,Jakarta,nan
CUST-13883,Semarang,Individual
CUST-13884,Surabaya,Individual
CUST-13885,Semarang,Corporate
CUST-13886,Medan,Individual
CUST-13887,Jakarta,Individual
CUST-13888,Denpasar,Corporate
CUST-13889,Palembang,Individual
CUST-13890,Semarang,Individual
CUST-13891,Balikpapan,Individual
CUST-13892,Denpasar,Individual
CUST-13893,Jakarta,Individual
CUST-13894,Jakarta,Individual
CUST-13895,Makassar,Corporate
CUST-13896,Medan,Individual
CUST-13897,Makassar,Individual
CUST-13898,Denpasar,Individual
CUST-13899,Balikpapan,Corporate
CUST-13900,Jakarta,Individual
CUST-13901,Jakarta,nan
CUST-13902,Bandung,Individual
CUST-13903,Yogyakarta,Individual
CUST-13904,Semarang,Individual
CUST-13905,Palembang,Corporate
CUST-13906,Jakarta,Individual
CUST-13907,Balikpapan,Individual
CUST-13908,Semarang,Individual
CUST-13909,Jakarta,nan
CUST-13910,Medan,Individual
CUST-13911,Denpasar,Corporate
CUST-13912,Semarang,nan
CUST-13913,Palembang,nan
CUST-13914,Palembang,Individual
CUST-13915,Semarang,Corporate
CUST-13916,Yogyakarta,Individual
CUST-13917,Bandung,Individual
CUST-13918,Semarang,Corporate
CUST-13919,Makassar,Individual
CUST-13920,Makassar,Individual
CUST-13921,Bandung,Corporate
CUST-13922,Yogyakarta,Individual
CUST-13923,Surabaya,Corporate
CUST-13924,Makassar,nan
CUST-13925,Surabaya,Individual
CUST-13926,Palembang,nan
CUST-13927,Surabaya,Corporate
CUST-13928,Balikpapan,Corporate
CUST-13929,Balikpapan,Individual
CUST-13930,Denpasar,Individual
CUST-13931,Makassar,Individual
CUST-13932,Jakarta,Individual
CUST-13933,Palembang,Corporate
CUST-13934,Yogyakarta,nan
CUST-13935,Bandung,Individual
CUST-13936,Medan,Individual
CUST-13937,Denpasar,Individual
CUST-13938,Palembang,Corporate
CUST-13939,Medan,Individual
CUST-13940,Makassar,Corporate
CUST-13941,Denpasar,Individual
CUST-13942,Denpasar,Individual
CUST-13943,Bandung,Individual
CUST-13944,Surabaya,Individual
CUST-13945,Semarang,Individual
CUST-13946,Bandung,Corporate
CUST-13947,Makassar,Individual
CUST-13948,Makassar,Individual
CUST-13949,Jakarta,Individual
CUST-13950,Palembang,Individual
CUST-13951,Bandung,Corporate
CUST-13952,Makassar,Individual
CUST-13953,Balikpapan,Corporate
CUST-13954,Bandung,Corporate
CUST-13955,Jakarta,Individual
CUST-13956,Surabaya,Individual
CUST-13957,Bandung,nan
CUST-13958,Medan,Corporate
CUST-13959,Palembang,Individual
CUST-13960,Makassar,Individual
CUST-13961,Palembang,Individual
CUST-13962,Jakarta,nan
CUST-13963,Jakarta,Individual
CUST-13964,Makassar,nan
CUST-13965,Balikpapan,Individual
CUST-13966,Semarang,Individual
CUST-13967,Semarang,Individual
CUST-13968,Semarang,Corporate
CUST-13969,Makassar,Corporate
CUST-13970,Palembang,Individual
CUST-13971,Yogyakarta,Corporate
CUST-13972,Jakarta,nan
CUST-13973,Medan,Individual
CUST-13974,Makassar,Individual
CUST-13975,Medan,Individual
CUST-13976,Surabaya,Corporate
CUST-13977,Palembang,Individual
CUST-13978,Medan,nan
CUST-13979,Balikpapan,Individual
CUST-13980,Medan,nan
CUST-13981,Medan,Individual
CUST-13982,Yogyakarta,nan
CUST-13983,Surabaya,Individual
CUST-13984,Palembang,Individual
CUST-13985,Makassar,nan
CUST-13986,Denpasar,nan
CUST-13987,Surabaya,nan
CUST-13988,Semarang,nan
CUST-13989,Yogyakarta,Individual
CUST-13990,Yogyakarta,Individual
CUST-13991,Balikpapan,nan
CUST-13992,Jakarta,Corporate
CUST-13993,Makassar,nan
CUST-13994,Balikpapan,Individual
CUST-13995,Palembang,Individual
CUST-13996,Semarang,Individual
CUST-13997,Palembang,Corporate
CUST-13998,Jakarta,Individual
CUST-13999,Medan,Corporate
CUST-14000,Denpasar,Corporate
CUST-14001,Bandung,Individual
CUST-14002,Medan,nan
CUST-14003,Semarang,Individual
CUST-14004,Makassar,nan
CUST-14005,Makassar,Individual
CUST-14006,Bandung,Individual
CUST-14007,Yogyakarta,Individual
CUST-14008,Makassar,Individual
CUST-14009,Balikpapan,Individual
CUST-14010,Jakarta,Individual
CUST-14011,Palembang,Individual
CUST-14012,Jakarta,nan
CUST-14013,Palembang,Individual
CUST-14014,Bandung,Individual
CUST-14015,Bandung,Individual
CUST-14016,Surabaya,Corporate
CUST-14017,Makassar,Individual
CUST-14018,Surabaya,Corporate
CUST-14019,Yogyakarta,nan
CUST-14020,Denpasar,Corporate
CUST-14021,Jakarta,Individual
CUST-14022,Bandung,Corporate
CUST-14023,Denpasar,Individual
CUST-14024,Palembang,Corporate
CUST-14025,Makassar,Corporate
CUST-14026,Semarang,Individual
CUST-14027,Semarang,Corporate
CUST-14028,Yogyakarta,nan
CUST-14029,Medan,Individual
CUST-14030,Palembang,Individual
CUST-14031,Denpasar,nan
CUST-14032,Bandung,nan
CUST-14033,Bandung,Individual
CUST-14034,Bandung,nan
CUST-14035,Semarang,Corporate
CUST-14036,Denpasar,Individual
CUST-14037,Palembang,nan
CUST-14038,Yogyakarta,Individual
CUST-14039,Yogyakarta,Individual
CUST-14040,Surabaya,Corporate
CUST-14041,Palembang,Individual
CUST-14042,Makassar,Individual
CUST-14043,Surabaya,Individual
CUST-14044,Semarang,Individual
CUST-14045,Surabaya,Corporate
CUST-14046,Makassar,Individual
CUST-14047,Yogyakarta,Individual
CUST-14048,Denpasar,Individual
CUST-14049,Balikpapan,Individual
CUST-14050,Denpasar,Individual
CUST-14051,Balikpapan,Corporate
CUST-14052,Surabaya,nan
CUST-14053,Balikpapan,Corporate
CUST-14054,Palembang,Individual
CUST-14055,Denpasar,Individual
CUST-14056,Semarang,Individual
CUST-14057,Surabaya,Individual
CUST-14058,Jakarta,Corporate
CUST-14059,Balikpapan,Corporate
CUST-14060,Palembang,Corporate
CUST-14061,Jakarta,Individual
CUST-14062,Jakarta,nan
CUST-14063,Jakarta,Corporate
CUST-14064,Yogyakarta,Corporate
CUST-14065,Surabaya,Corporate
CUST-14066,Jakarta,Individual
CUST-14067,Denpasar,Individual
CUST-14068,Makassar,Individual
CUST-14069,Denpasar,Corporate
CUST-14070,Jakarta,Individual
CUST-14071,Medan,Corporate
CUST-14072,Medan,Corporate
CUST-14073,Denpasar,Corporate
CUST-14074,Jakarta,nan
CUST-14075,Surabaya,Corporate
CUST-14076,Makassar,Corporate
CUST-14077,Medan,Individual
CUST-14078,Bandung,Individual
CUST-14079,Palembang,Corporate
CUST-14080,Surabaya,nan
CUST-14081,Medan,Individual
CUST-14082,Palembang,Individual
CUST-14083,Bandung,Corporate
CUST-14084,Balikpapan,Corporate
CUST-14085,Makassar,Corporate
CUST-14086,Semarang,Corporate
CUST-14087,Balikpapan,nan
CUST-14088,Denpasar,Individual
CUST-14089,Medan,Individual
CUST-14090,Semarang,nan
CUST-14091,Denpasar,Individual
CUST-14092,Jakarta,Individual
CUST-14093,Jakarta,Corporate
CUST-14094,Semarang,Individual
CUST-14095,Yogyakarta,Individual
CUST-14096,Surabaya,Corporate
CUST-14097,Bandung,Individual
CUST-14098,Balikpapan,Individual
CUST-14099,Palembang,nan
CUST-14100,Jakarta,Individual
CUST-14101,Surabaya,Individual
CUST-14102,Medan,Corporate
CUST-14103,Jakarta,Individual
CUST-14104,Semarang,Individual
CUST-14105,Yogyakarta,Individual
CUST-14106,Surabaya,Individual
CUST-14107,Medan,Corporate
CUST-14108,Denpasar,Corporate
CUST-14109,Makassar,Individual
CUST-14110,Makassar,Individual
CUST-14111,Yogyakarta,Corporate
CUST-14112,Semarang,nan
CUST-14113,Makassar,Individual
CUST-14114,Surabaya,Individual
CUST-14115,Bandung,Corporate
CUST-14116,Palembang,Individual
CUST-14117,Surabaya,Individual
CUST-14118,Denpasar,Individual
CUST-14119,Denpasar,Individual
CUST-14120,Bandung,Individual
CUST-14121,Palembang,Individual
CUST-14122,Semarang,Individual
CUST-14123,Semarang,Individual
CUST-14124,Balikpapan,Corporate
CUST-14125,Bandung,Individual
CUST-14126,Medan,Individual
CUST-14127,Jakarta,Corporate
CUST-14128,Palembang,Individual
CUST-14129,Makassar,Individual
CUST-14130,Jakarta,Individual
CUST-14131,Balikpapan,nan
CUST-14132,Yogyakarta,Individual
CUST-14133,Denpasar,nan
CUST-14134,Bandung,Individual
CUST-14135,Semarang,Corporate
CUST-14136,Balikpapan,Corporate
CUST-14137,Denpasar,nan
CUST-14138,Denpasar,Individual
CUST-14139,Balikpapan,Individual
CUST-14140,Denpasar,Individual
CUST-14141,Semarang,Individual
CUST-14142,Makassar,Corporate
CUST-14143,Makassar,Corporate
CUST-14144,Bandung,Corporate
CUST-14145,Medan,Corporate
CUST-14146,Semarang,nan
CUST-14147,Denpasar,nan
CUST-14148,Medan,Corporate
CUST-14149,Surabaya,nan
CUST-14150,Palembang,Corporate
CUST-14151,Medan,Individual
CUST-14152,Palembang,Individual
CUST-14153,Makassar,Corporate
CUST-14154,Denpasar,Individual
CUST-14155,Balikpapan,Corporate
CUST-14156,Makassar,Individual
CUST-14157,Denpasar,Corporate
CUST-14158,Makassar,Individual
CUST-14159,Balikpapan,Individual
CUST-14160,Semarang,Corporate
CUST-14161,Yogyakarta,Corporate
CUST-14162,Jakarta,nan
CUST-14163,Jakarta,Individual
CUST-14164,Jakarta,Individual
CUST-14165,Denpasar,Individual
CUST-14166,Jakarta,nan
CUST-14167,Yogyakarta,Individual
CUST-14168,Surabaya,Corporate
CUST-14169,Denpasar,Individual
CUST-14170,Medan,Individual
CUST-14171,Makassar,nan
CUST-14172,Semarang,Individual
CUST-14173,Balikpapan,Individual
CUST-14174,Medan,Individual
CUST-14175,Balikpapan,Individual
CUST-14176,Balikpapan,Individual
CUST-14177,Palembang,Individual
CUST-14178,Semarang,Individual
CUST-14179,Makassar,Individual
CUST-14180,Medan,Individual
CUST-14181,Yogyakarta,nan
CUST-14182,Denpasar,Individual
CUST-14183,Jakarta,Individual
CUST-14184,Yogyakarta,Individual
CUST-14185,Medan,Corporate
CUST-14186,Bandung,nan
CUST-14187,Bandung,Corporate
CUST-14188,Makassar,Individual
CUST-14189,Yogyakarta,Individual
CUST-14190,Palembang,Corporate
CUST-14191,Surabaya,Individual
CUST-14192,Denpasar,nan
CUST-14193,Medan,Corporate
CUST-14194,Yogyakarta,Corporate
CUST-14195,Medan,Individual
CUST-14196,Jakarta,Individual
CUST-14197,Makassar,Individual
CUST-14198,Bandung,Corporate
CUST-14199,Semarang,Corporate
CUST-14200,Denpasar,Corporate
CUST-14201,Palembang,Individual
CUST-14202,Jakarta,Corporate
CUST-14203,Medan,Corporate
CUST-14204,Yogyakarta,Corporate
CUST-14205,Makassar,Individual
CUST-14206,Palembang,Individual
CUST-14207,Surabaya,Individual
CUST-14208,Bandung,Individual
CUST-14209,Palembang,Corporate
CUST-14210,Semarang,Individual
CUST-14211,Jakarta,Individual
CUST-14212,Palembang,Individual
CUST-14213,Makassar,Corporate
CUST-14214,Makassar,Corporate
CUST-14215,Makassar,Individual
CUST-14216,Semarang,Individual
CUST-14217,Medan,Individual
CUST-14218,Makassar,Individual
CUST-14219,Yogyakarta,nan
CUST-14220,Surabaya,nan
CUST-14221,Medan,Individual
CUST-14222,Balikpapan,nan
CUST-14223,Jakarta,Corporate
CUST-14224,Yogyakarta,Individual
CUST-14225,Surabaya,Individual
CUST-14226,Denpasar,Individual
CUST-14227,Makassar,Individual
CUST-14228,Jakarta,nan
CUST-14229,Palembang,Individual
CUST-14230,Jakarta,nan
CUST-14231,Denpasar,Corporate
CUST-14232,Makassar,Individual
CUST-14233,Medan,Corporate
CUST-14234,Balikpapan,Individual
CUST-14235,Jakarta,Individual
CUST-14236,Yogyakarta,Corporate
CUST-14237,Jakarta,Individual
CUST-14238,Denpasar,nan
CUST-14239,Yogyakarta,Corporate
CUST-14240,Balikpapan,Individual
CUST-14241,Yogyakarta,nan
CUST-14242,Balikpapan,Individual
CUST-14243,Palembang,Corporate
CUST-14244,Yogyakarta,Individual
CUST-14245,Surabaya,Corporate
CUST-14246,Semarang,Individual
CUST-14247,Semarang,Corporate
CUST-14248,Bandung,Individual
CUST-14249,Makassar,Individual
CUST-14250,Bandung,Corporate
CUST-14251,Medan,Corporate
CUST-14252,Bandung,Individual
CUST-14253,Balikpapan,Individual
CUST-14254,Jakarta,Corporate
CUST-14255,Bandung,nan
CUST-14256,Palembang,Individual
CUST-14257,Bandung,Individual
CUST-14258,Semarang,Corporate
CUST-14259,Denpasar,nan
CUST-14260,Makassar,Individual
CUST-14261,Semarang,Corporate
CUST-14262,Semarang,Individual
CUST-14263,Yogyakarta,Individual
CUST-14264,Surabaya,nan
CUST-14265,Palembang,Corporate
CUST-14266,Bandung,nan
CUST-14267,Balikpapan,Corporate
CUST-14268,Surabaya,Individual
CUST-14269,Medan,Individual
CUST-14270,Surabaya,Individual
CUST-14271,Semarang,Individual
CUST-14272,Yogyakarta,Individual
CUST-14273,Palembang,Individual
CUST-14274,Surabaya,Corporate
CUST-14275,Medan,nan
CUST-14276,Medan,Individual
CUST-14277,Denpasar,Individual
CUST-14278,Balikpapan,Individual
CUST-14279,Palembang,Corporate
CUST-14280,Bandung,nan
CUST-14281,Bandung,Individual
CUST-14282,Denpasar,Individual
CUST-14283,Surabaya,Individual
CUST-14284,Denpasar,Individual
CUST-14285,Makassar,Individual
CUST-14286,Semarang,nan
CUST-14287,Yogyakarta,Corporate
CUST-14288,Semarang,Corporate
CUST-14289,Denpasar,nan
CUST-14290,Semarang,Corporate
CUST-14291,Surabaya,Individual
CUST-14292,Jakarta,Individual
CUST-14293,Balikpapan,Individual
CUST-14294,Medan,Corporate
CUST-14295,Palembang,Individual
CUST-14296,Surabaya,Individual
CUST-14297,Makassar,Individual
CUST-14298,Palembang,Corporate
CUST-14299,Surabaya,nan
CUST-14300,Jakarta,Individual
CUST-14301,Balikpapan,Individual
CUST-14302,Palembang,nan
CUST-14303,Balikpapan,Individual
CUST-14304,Makassar,Individual
CUST-14305,Palembang,Individual
CUST-14306,Yogyakarta,Individual
CUST-14307,Bandung,Individual
CUST-14308,Jakarta,Individual
CUST-14309,Medan,Individual
CUST-14310,Bandung,Individual
CUST-14311,Yogyakarta,Individual
CUST-14312,Palembang,Individual
CUST-14313,Semarang,Individual
CUST-14314,Denpasar,Individual
CUST-14315,Makassar,Individual
CUST-14316,Denpasar,Individual
CUST-14317,Denpasar,Corporate
CUST-14318,Yogyakarta,Individual
CUST-14319,Balikpapan,Individual
CUST-14320,Jakarta,nan
CUST-14321,Medan,Corporate
CUST-14322,Medan,Corporate
CUST-14323,Jakarta,Individual
CUST-14324,Bandung,Individual
CUST-14325,Semarang,Individual
CUST-14326,Denpasar,nan
CUST-14327,Makassar,Individual
CUST-14328,Palembang,Individual
CUST-14329,Palembang,Individual
CUST-14330,Makassar,Corporate
CUST-14331,Denpasar,nan
CUST-14332,Denpasar,Individual
CUST-14333,Semarang,Individual
CUST-14334,Makassar,Individual
CUST-14335,Medan,nan
CUST-14336,Balikpapan,nan
CUST-14337,Surabaya,Individual
CUST-14338,Jakarta,Individual
CUST-14339,Jakarta,Individual
CUST-14340,Yogyakarta,Individual
CUST-14341,Balikpapan,Individual
CUST-14342,Jakarta,Individual
CUST-14343,Makassar,Individual
CUST-14344,Jakarta,Individual
CUST-14345,Balikpapan,Individual
CUST-14346,Yogyakarta,Individual
CUST-14347,Medan,nan
CUST-14348,Medan,Individual
CUST-14349,Denpasar,Individual
CUST-14350,Bandung,Individual
CUST-14351,Palembang,Individual
CUST-14352,Balikpapan,Corporate
CUST-14353,Palembang,Corporate
CUST-14354,Surabaya,nan
CUST-14355,Palembang,Individual
CUST-14356,Denpasar,Individual
CUST-14357,Makassar,Corporate
CUST-14358,Balikpapan,Corporate
CUST-14359,Semarang,Individual
CUST-14360,Bandung,Individual
CUST-14361,Medan,Corporate
CUST-14362,Yogyakarta,Individual
CUST-14363,Palembang,Individual
CUST-14364,Surabaya,nan
CUST-14365,Palembang,Corporate
CUST-14366,Palembang,Individual
CUST-14367,Makassar,Individual
CUST-14368,Bandung,Corporate
CUST-14369,Bandung,nan
CUST-14370,Surabaya,Individual
CUST-14371,Jakarta,nan
CUST-14372,Medan,Individual
CUST-14373,Bandung,Individual
CUST-14374,Denpasar,Individual
CUST-14375,Semarang,Individual
CUST-14376,Palembang,Individual
CUST-14377,Palembang,Corporate
CUST-14378,Denpasar,Corporate
CUST-14379,Denpasar,Individual
CUST-14380,Jakarta,Individual
CUST-14381,Balikpapan,Individual
CUST-14382,Medan,Individual
CUST-14383,Jakarta,Corporate
CUST-14384,Medan,Corporate
CUST-14385,Jakarta,Corporate
CUST-14386,Jakarta,Individual
CUST-14387,Jakarta,Corporate
CUST-14388,Makassar,Individual
CUST-14389,Yogyakarta,Individual
CUST-14390,Denpasar,Corporate
CUST-14391,Balikpapan,Individual
CUST-14392,Balikpapan,Individual
CUST-14393,Medan,Corporate
CUST-14394,Palembang,Individual
CUST-14395,Palembang,Individual
CUST-14396,Makassar,Corporate
CUST-14397,Surabaya,Individual
CUST-14398,Yogyakarta,nan
CUST-14399,Palembang,Individual
CUST-14400,Balikpapan,Corporate
CUST-14401,Balikpapan,nan
CUST-14402,Bandung,Corporate
CUST-14403,Palembang,Corporate
CUST-14404,Palembang,Corporate
CUST-14405,Semarang,Individual
CUST-14406,Balikpapan,nan
CUST-14407,Semarang,Individual
CUST-14408,Balikpapan,Corporate
CUST-14409,Yogyakarta,Individual
CUST-14410,Denpasar,Corporate
CUST-14411,Makassar,nan
CUST-14412,Semarang,Corporate
CUST-14413,Medan,Individual
CUST-14414,Palembang,Individual
CUST-14415,Balikpapan,Individual
CUST-14416,Semarang,Individual
CUST-14417,Makassar,Individual
CUST-14418,Bandung,Individual
CUST-14419,Bandung,Individual
CUST-14420,Jakarta,Individual
CUST-14421,Bandung,nan
CUST-14422,Denpasar,Individual
CUST-14423,Yogyakarta,Individual
CUST-14424,Surabaya,Individual
CUST-14425,Jakarta,Corporate
CUST-14426,Surabaya,Corporate
CUST-14427,Palembang,Individual
CUST-14428,Surabaya,nan
CUST-14429,Surabaya,Corporate
CUST-14430,Bandung,Corporate
CUST-14431,Yogyakarta,nan
CUST-14432,Denpasar,Individual
CUST-14433,Palembang,Individual
CUST-14434,Denpasar,Individual
CUST-14435,Makassar,nan
CUST-14436,Semarang,nan
CUST-14437,Jakarta,Individual
CUST-14438,Palembang,Individual
CUST-14439,Jakarta,Individual
CUST-14440,Makassar,Individual
CUST-14441,Medan,Individual
CUST-14442,Jakarta,Corporate
CUST-14443,Medan,Individual
CUST-14444,Jakarta,Individual
CUST-14445,Semarang,Individual
CUST-14446,Semarang,Corporate
CUST-14447,Denpasar,Individual
CUST-14448,Palembang,nan
CUST-14449,Palembang,Corporate
CUST-14450,Makassar,Corporate
CUST-14451,Bandung,Individual
CUST-14452,Semarang,Corporate
CUST-14453,Jakarta,nan
CUST-14454,Balikpapan,Individual
CUST-14455,Yogyakarta,Individual
CUST-14456,Bandung,nan
CUST-14457,Makassar,nan
CUST-14458,Bandung,Individual
CUST-14459,Palembang,Individual
CUST-14460,Denpasar,Individual
CUST-14461,Jakarta,Individual
CUST-14462,Makassar,Individual
CUST-14463,Surabaya,Individual
CUST-14464,Surabaya,Individual
CUST-14465,Balikpapan,Individual
CUST-14466,Medan,Corporate
CUST-14467,Palembang,Individual
CUST-14468,Makassar,Individual
CUST-14469,Surabaya,Individual
CUST-14470,Makassar,Individual
CUST-14471,Jakarta,Individual
CUST-14472,Makassar,Individual
CUST-14473,Semarang,Corporate
CUST-14474,Semarang,nan
CUST-14475,Yogyakarta,Individual
CUST-14476,Surabaya,Individual
CUST-14477,Makassar,Individual
CUST-14478,Bandung,Corporate
CUST-14479,Palembang,Individual
CUST-14480,Denpasar,Individual
CUST-14481,Denpasar,Corporate
CUST-14482,Jakarta,Corporate
CUST-14483,Palembang,Corporate
CUST-14484,Bandung,nan
CUST-14485,Jakarta,Individual
CUST-14486,Jakarta,Individual
CUST-14487,Makassar,nan
CUST-14488,Semarang,Individual
CUST-14489,Makassar,Individual
CUST-14490,Palembang,Individual
CUST-14491,Palembang,Individual
CUST-14492,Bandung,Corporate
CUST-14493,Makassar,Individual
CUST-14494,Balikpapan,Corporate
CUST-14495,Makassar,nan
CUST-14496,Yogyakarta,Individual
CUST-14497,Medan,Individual
CUST-14498,Surabaya,Individual
CUST-14499,Surabaya,nan
CUST-14500,Medan,Individual
CUST-14501,Semarang,Individual
CUST-14502,Bandung,nan
CUST-14503,Palembang,Individual
CUST-14504,Balikpapan,Corporate
CUST-14505,Bandung,Individual
CUST-14506,Palembang,Individual
CUST-14507,Yogyakarta,Individual
CUST-14508,Jakarta,Individual
CUST-14509,Makassar,Corporate
CUST-14510,Surabaya,Individual
CUST-14511,Denpasar,Individual
CUST-14512,Medan,Corporate
CUST-14513,Makassar,Individual
CUST-14514,Balikpapan,Corporate
CUST-14515,Denpasar,Individual
CUST-14516,Jakarta,Individual
CUST-14517,Bandung,Individual
CUST-14518,Makassar,Individual
CUST-14519,Medan,Corporate
CUST-14520,Medan,Individual
CUST-14521,Surabaya,Individual
CUST-14522,Yogyakarta,Corporate
CUST-14523,Medan,Individual
CUST-14524,Balikpapan,Individual
CUST-14525,Palembang,Individual
CUST-14526,Semarang,Individual
CUST-14527,Makassar,Corporate
CUST-14528,Denpasar,Individual
CUST-14529,Makassar,nan
CUST-14530,Palembang,nan
CUST-14531,Semarang,Individual
CUST-14532,Surabaya,nan
CUST-14533,Balikpapan,Individual
CUST-14534,Jakarta,Individual
CUST-14535,Medan,nan
CUST-14536,Surabaya,Individual
CUST-14537,Bandung,Individual
CUST-14538,Denpasar,Individual
CUST-14539,Balikpapan,Individual
CUST-14540,Semarang,nan
CUST-14541,Jakarta,Individual
CUST-14542,Semarang,Corporate
CUST-14543,Medan,Individual
CUST-14544,Balikpapan,Individual
CUST-14545,Palembang,Individual
CUST-14546,Balikpapan,Individual
CUST-14547,Denpasar,Individual
CUST-14548,Denpasar,Individual
CUST-14549,Jakarta,Individual
CUST-14550,Denpasar,Corporate
CUST-14551,Balikpapan,Corporate
CUST-14552,Medan,nan
CUST-14553,Denpasar,Individual
CUST-14554,Yogyakarta,nan
CUST-14555,Semarang,Individual
CUST-14556,Balikpapan,Individual
CUST-14557,Medan,nan
CUST-14558,Jakarta,Corporate
CUST-14559,Surabaya,Individual
CUST-14560,Palembang,Corporate
CUST-14561,Semarang,nan
CUST-14562,Balikpapan,Individual
CUST-14563,Surabaya,Corporate
CUST-14564,Surabaya,Corporate
CUST-14565,Jakarta,nan
CUST-14566,Surabaya,Individual
CUST-14567,Medan,Corporate
CUST-14568,Medan,Individual
CUST-14569,Balikpapan,Individual
CUST-14570,Yogyakarta,Individual
CUST-14571,Makassar,Corporate
CUST-14572,Denpasar,nan
CUST-14573,Denpasar,Individual
CUST-14574,Palembang,Corporate
CUST-14575,Medan,Corporate
CUST-14576,Makassar,Individual
CUST-14577,Bandung,Individual
CUST-14578,Balikpapan,nan
CUST-14579,Palembang,Individual
CUST-14580,Bandung,Corporate
CUST-14581,Yogyakarta,Corporate
CUST-14582,Balikpapan,Corporate
CUST-14583,Jakarta,Individual
CUST-14584,Balikpapan,Individual
CUST-14585,Palembang,nan
CUST-14586,Jakarta,Individual
CUST-14587,Surabaya,Corporate
CUST-14588,Bandung,nan
CUST-14589,Bandung,Corporate
CUST-14590,Denpasar,Individual
CUST-14591,Bandung,Individual
CUST-14592,Balikpapan,Corporate
CUST-14593,Medan,Individual
CUST-14594,Medan,Corporate
CUST-14595,Surabaya,Individual
CUST-14596,Jakarta,Corporate
CUST-14597,Palembang,Individual
CUST-14598,Balikpapan,Corporate
CUST-14599,Medan,Individual
CUST-14600,Semarang,nan
CUST-14601,Makassar,Individual
CUST-14602,Palembang,Corporate
CUST-14603,Jakarta,Corporate
CUST-14604,Surabaya,Corporate
CUST-14605,Semarang,Individual
CUST-14606,Jakarta,nan
CUST-14607,Balikpapan,Individual
CUST-14608,Yogyakarta,Individual
CUST-14609,Surabaya,Corporate
CUST-14610,Yogyakarta,Corporate
CUST-14611,Balikpapan,Individual
CUST-14612,Balikpapan,Corporate
CUST-14613,Semarang,Corporate
CUST-14614,Yogyakarta,Individual
CUST-14615,Jakarta,Corporate
CUST-14616,Surabaya,nan
CUST-14617,Surabaya,Individual
CUST-14618,Jakarta,Individual
CUST-14619,Surabaya,Individual
CUST-14620,Yogyakarta,Individual
CUST-14621,Balikpapan,nan
CUST-14622,Makassar,Individual
CUST-14623,Makassar,Individual
CUST-14624,Balikpapan,Individual
CUST-14625,Medan,nan
CUST-14626,Medan,Corporate
CUST-14627,Denpasar,Individual
CUST-14628,Palembang,Corporate
CUST-14629,Makassar,nan
CUST-14630,Palembang,Individual
CUST-14631,Yogyakarta,Individual
CUST-14632,Surabaya,Corporate
CUST-14633,Yogyakarta,Individual
CUST-14634,Semarang,Individual
CUST-14635,Medan,Individual
CUST-14636,Bandung,nan
CUST-14637,Yogyakarta,Individual
CUST-14638,Bandung,nan
CUST-14639,Surabaya,Individual
CUST-14640,Jakarta,Individual
CUST-14641,Makassar,Individual
CUST-14642,Makassar,Corporate
CUST-14643,Denpasar,Individual
CUST-14644,Balikpapan,Corporate
CUST-14645,Balikpapan,Individual
CUST-14646,Denpasar,Corporate
CUST-14647,Semarang,Corporate
CUST-14648,Balikpapan,Individual
CUST-14649,Semarang,Individual
CUST-14650,Surabaya,Individual
CUST-14651,Medan,Individual
CUST-14652,Denpasar,Individual
CUST-14653,Denpasar,Individual
CUST-14654,Yogyakarta,Individual
CUST-14655,Medan,nan
CUST-14656,Medan,Individual
CUST-14657,Balikpapan,nan
CUST-14658,Bandung,Corporate
CUST-14659,Yogyakarta,Corporate
CUST-14660,Semarang,nan
CUST-14661,Medan,Individual
CUST-14662,Yogyakarta,Individual
CUST-14663,Denpasar,Corporate
CUST-14664,Semarang,Individual
CUST-14665,Yogyakarta,Individual
CUST-14666,Yogyakarta,Corporate
CUST-14667,Medan,Individual
CUST-14668,Medan,Corporate
CUST-14669,Medan,nan
CUST-14670,Medan,Individual
CUST-14671,Makassar,Individual
CUST-14672,Makassar,Individual
CUST-14673,Bandung,Individual
CUST-14674,Bandung,Individual
CUST-14675,Bandung,Individual
CUST-14676,Semarang,Corporate
CUST-14677,Surabaya,Corporate
CUST-14678,Jakarta,Individual
CUST-14679,Denpasar,Corporate
CUST-14680,Bandung,Individual
CUST-14681,Balikpapan,Individual
CUST-14682,Palembang,Individual
CUST-14683,Jakarta,Individual
CUST-14684,Bandung,Individual
CUST-14685,Medan,Individual
CUST-14686,Jakarta,Individual
CUST-14687,Makassar,Individual
CUST-14688,Balikpapan,Individual
CUST-14689,Jakarta,Corporate
CUST-14690,Palembang,Individual
CUST-14691,Denpasar,Individual
CUST-14692,Yogyakarta,nan
CUST-14693,Surabaya,Corporate
CUST-14694,Medan,nan
CUST-14695,Balikpapan,Individual
CUST-14696,Surabaya,Individual
CUST-14697,Palembang,Individual
CUST-14698,Bandung,Individual
CUST-14699,Balikpapan,Corporate
CUST-14700,Yogyakarta,nan
CUST-14701,Medan,nan
CUST-14702,Bandung,Individual
CUST-14703,Medan,Corporate
CUST-14704,Medan,Corporate
CUST-14705,Palembang,Corporate
CUST-14706,Yogyakarta,Individual
CUST-14707,Makassar,Individual
CUST-14708,Balikpapan,Individual
CUST-14709,Palembang,Individual
CUST-14710,Jakarta,nan
CUST-14711,Bandung,nan
CUST-14712,Balikpapan,Individual
CUST-14713,Yogyakarta,Individual
CUST-14714,Yogyakarta,Corporate
CUST-14715,Yogyakarta,Corporate
CUST-14716,Balikpapan,Corporate
CUST-14717,Jakarta,Corporate
CUST-14718,Jakarta,Individual
CUST-14719,Medan,Individual
CUST-14720,Semarang,Corporate
CUST-14721,Medan,Individual
CUST-14722,Surabaya,Individual
CUST-14723,Makassar,Individual
CUST-14724,Surabaya,Individual
CUST-14725,Medan,Individual
CUST-14726,Balikpapan,Individual
CUST-14727,Makassar,Corporate
CUST-14728,Palembang,Corporate
CUST-14729,Balikpapan,Individual
CUST-14730,Makassar,nan
CUST-14731,Bandung,Individual
CUST-14732,Bandung,Individual
CUST-14733,Denpasar,Individual
CUST-14734,Jakarta,Individual
CUST-14735,Balikpapan,Individual
CUST-14736,Makassar,Individual
CUST-14737,Yogyakarta,Individual
CUST-14738,Balikpapan,Individual
CUST-14739,Denpasar,Corporate
CUST-14740,Makassar,Individual
CUST-14741,Semarang,Individual
CUST-14742,Denpasar,nan
CUST-14743,Denpasar,Corporate
CUST-14744,Palembang,Individual
CUST-14745,Makassar,nan
CUST-14746,Surabaya,Corporate
CUST-14747,Medan,Individual
CUST-14748,Palembang,Individual
CUST-14749,Semarang,Corporate
CUST-14750,Palembang,Individual
CUST-14751,Yogyakarta,Individual
CUST-14752,Medan,Individual
CUST-14753,Semarang,Individual
CUST-14754,Balikpapan,Individual
CUST-14755,Balikpapan,Individual
CUST-14756,Balikpapan,Individual
CUST-14757,Makassar,Corporate
CUST-14758,Medan,Individual
CUST-14759,Bandung,Individual
CUST-14760,Makassar,Corporate
CUST-14761,Denpasar,nan
CUST-14762,Surabaya,Individual
CUST-14763,Yogyakarta,Corporate
CUST-14764,Bandung,Corporate
CUST-14765,Balikpapan,Individual
CUST-14766,Balikpapan,Individual
CUST-14767,Semarang,Individual
CUST-14768,Medan,Corporate
CUST-14769,Bandung,nan
CUST-14770,Surabaya,Corporate
CUST-14771,Palembang,Individual
CUST-14772,Medan,Individual
CUST-14773,Makassar,Individual
CUST-14774,Medan,nan
CUST-14775,Palembang,Individual
CUST-14776,Bandung,Individual
CUST-14777,Makassar,Individual
CUST-14778,Makassar,Individual
CUST-14779,Yogyakarta,Corporate
CUST-14780,Makassar,Individual
CUST-14781,Yogyakarta,Individual
CUST-14782,Balikpapan,Corporate
CUST-14783,Semarang,Individual
CUST-14784,Semarang,Corporate
CUST-14785,Bandung,Individual
CUST-14786,Yogyakarta,Individual
CUST-14787,Bandung,Individual
CUST-14788,Bandung,Individual
CUST-14789,Denpasar,Corporate
CUST-14790,Bandung,Corporate
CUST-14791,Palembang,Individual
CUST-14792,Jakarta,Individual
CUST-14793,Bandung,Individual
CUST-14794,Denpasar,Individual
CUST-14795,Jakarta,Corporate
CUST-14796,Jakarta,nan
CUST-14797,Balikpapan,Individual
CUST-14798,Balikpapan,Individual
CUST-14799,Makassar,Corporate
CUST-14800,Yogyakarta,Individual
CUST-14801,Palembang,Individual
CUST-14802,Semarang,Individual
CUST-14803,Denpasar,Individual
CUST-14804,Surabaya,nan
CUST-14805,Jakarta,Individual
CUST-14806,Balikpapan,Corporate
CUST-14807,Yogyakarta,Corporate
CUST-14808,Yogyakarta,Individual
CUST-14809,Surabaya,Corporate
CUST-14810,Bandung,Individual
CUST-14811,Yogyakarta,Individual
CUST-14812,Semarang,Individual
CUST-14813,Denpasar,Corporate
CUST-14814,Makassar,Individual
CUST-14815,Medan,Corporate
CUST-14816,Bandung,Corporate
CUST-14817,Palembang,Corporate
CUST-14818,Bandung,Individual
CUST-14819,Surabaya,Individual
CUST-14820,Surabaya,Corporate
CUST-14821,Denpasar,Corporate
CUST-14822,Surabaya,Corporate
CUST-14823,Yogyakarta,Individual
CUST-14824,Yogyakarta,Individual
CUST-14825,Balikpapan,Individual
CUST-14826,Bandung,nan
CUST-14827,Yogyakarta,Individual
CUST-14828,Jakarta,Individual
CUST-14829,Makassar,nan
CUST-14830,Surabaya,nan
CUST-14831,Yogyakarta,Individual
CUST-14832,Medan,Corporate
CUST-14833,Semarang,Individual
CUST-14834,Semarang,Individual
CUST-14835,Yogyakarta,Corporate
CUST-14836,Palembang,Individual
CUST-14837,Yogyakarta,Individual
CUST-14838,Palembang,Individual
CUST-14839,Medan,Individual
CUST-14840,Bandung,Individual
CUST-14841,Makassar,Individual
CUST-14842,Makassar,Individual
CUST-14843,Medan,Individual
CUST-14844,Denpasar,Individual
CUST-14845,Medan,Individual
CUST-14846,Bandung,Individual
CUST-14847,Palembang,Corporate
CUST-14848,Palembang,Corporate
CUST-14849,Jakarta,Individual
CUST-14850,Jakarta,Individual
CUST-14851,Balikpapan,Individual
CUST-14852,Palembang,nan
CUST-14853,Medan,Individual
CUST-14854,Surabaya,Individual
CUST-14855,Surabaya,Individual
CUST-14856,Jakarta,Corporate
CUST-14857,Denpasar,nan
CUST-14858,Bandung,nan
CUST-14859,Bandung,Individual
CUST-14860,Bandung,nan
CUST-14861,Jakarta,Individual
CUST-14862,Palembang,Individual
CUST-14863,Surabaya,Individual
CUST-14864,Surabaya,Individual
CUST-14865,Surabaya,Individual
CUST-14866,Surabaya,Individual
CUST-14867,Bandung,Corporate
CUST-14868,Surabaya,Corporate
CUST-14869,Bandung,Individual
CUST-14870,Makassar,nan
CUST-14871,Bandung,Individual
CUST-14872,Jakarta,Corporate
CUST-14873,Yogyakarta,Individual
CUST-14874,Balikpapan,Individual
CUST-14875,Palembang,Individual
CUST-14876,Surabaya,Individual
CUST-14877,Balikpapan,Individual
CUST-14878,Jakarta,Corporate
CUST-14879,Denpasar,Individual
CUST-14880,Denpasar,Individual
CUST-14881,Yogyakarta,nan
CUST-14882,Surabaya,nan
CUST-14883,Bandung,nan
CUST-14884,Jakarta,Individual
CUST-14885,Jakarta,Individual
CUST-14886,Medan,Corporate
CUST-14887,Yogyakarta,Corporate
CUST-14888,Bandung,Corporate
CUST-14889,Denpasar,Individual
CUST-14890,Jakarta,Individual
CUST-14891,Makassar,Individual
CUST-14892,Medan,Individual
CUST-14893,Denpasar,Individual
CUST-14894,Surabaya,Individual
CUST-14895,Balikpapan,Corporate
CUST-14896,Bandung,Individual
CUST-14897,Balikpapan,Individual
CUST-14898,Medan,Individual
CUST-14899,Palembang,Individual
CUST-14900,Yogyakarta,Corporate
CUST-14901,Makassar,nan
CUST-14902,Bandung,Corporate
CUST-14903,Yogyakarta,Individual
CUST-14904,Balikpapan,Individual
CUST-14905,Palembang,Individual
CUST-14906,Yogyakarta,Individual
CUST-14907,Balikpapan,Individual
CUST-14908,Jakarta,Corporate
CUST-14909,Denpasar,Individual
CUST-14910,Yogyakarta,Corporate
CUST-14911,Makassar,Corporate
CUST-14912,Denpasar,Corporate
CUST-14913,Denpasar,Individual
CUST-14914,Balikpapan,nan
CUST-14915,Palembang,Corporate
CUST-14916,Semarang,Corporate
CUST-14917,Jakarta,Individual
CUST-14918,Bandung,Individual
CUST-14919,Denpasar,nan
CUST-14920,Surabaya,Individual
CUST-14921,Surabaya,Individual
CUST-14922,Balikpapan,Individual
CUST-14923,Yogyakarta,Individual
CUST-14924,Bandung,Corporate
CUST-14925,Denpasar,Corporate
CUST-14926,Denpasar,nan
CUST-14927,Palembang,Corporate
CUST-14928,Yogyakarta,Corporate
CUST-14929,Jakarta,Corporate
CUST-14930,Balikpapan,Individual
CUST-14931,Yogyakarta,Individual
CUST-14932,Palembang,Corporate
CUST-14933,Balikpapan,Individual
CUST-14934,Balikpapan,Individual
CUST-14935,Denpasar,Individual
CUST-14936,Makassar,Individual
CUST-14937,Semarang,Corporate
CUST-14938,Makassar,Corporate
CUST-14939,Bandung,Individual
CUST-14940,Balikpapan,Corporate
CUST-14941,Jakarta,Corporate
CUST-14942,Jakarta,Individual
CUST-14943,Yogyakarta,nan
CUST-14944,Makassar,Corporate
CUST-14945,Semarang,Corporate
CUST-14946,Semarang,nan
CUST-14947,Semarang,Individual
CUST-14948,Yogyakarta,Individual
CUST-14949,Surabaya,Corporate
CUST-14950,Palembang,Individual
CUST-14951,Palembang,Individual
CUST-14952,Bandung,Corporate
CUST-14953,Bandung,Individual
CUST-14954,Semarang,Corporate
CUST-14955,Jakarta,Individual
CUST-14956,Palembang,Individual
CUST-14957,Surabaya,Corporate
CUST-14958,Palembang,Individual
CUST-14959,Makassar,Individual
CUST-14960,Medan,nan
CUST-14961,Surabaya,nan
CUST-14962,Surabaya,Individual
CUST-14963,Semarang,Individual
CUST-14964,Yogyakarta,Corporate
CUST-14965,Semarang,Individual
CUST-14966,Palembang,Individual
CUST-14967,Makassar,Corporate
CUST-14968,Balikpapan,Corporate
CUST-14969,Balikpapan,Individual
CUST-14970,Semarang,Corporate
CUST-14971,Medan,Corporate
CUST-14972,Surabaya,Corporate
CUST-14973,Denpasar,Individual
CUST-14974,Jakarta,Individual
CUST-14975,Medan,Corporate
CUST-14976,Medan,Corporate
CUST-14977,Semarang,Corporate
CUST-14978,Medan,nan
CUST-14979,Yogyakarta,Individual
CUST-14980,Yogyakarta,Individual
CUST-14981,Bandung,Corporate
CUST-14982,Yogyakarta,Individual
CUST-14983,Bandung,Individual
CUST-14984,Yogyakarta,Individual
CUST-14985,Bandung,nan
CUST-14986,Jakarta,Corporate
CUST-14987,Medan,Individual
CUST-14988,Balikpapan,Individual
CUST-14989,Surabaya,Individual
CUST-14990,Surabaya,Individual
CUST-14991,Balikpapan,Individual
CUST-14992,Semarang,nan
CUST-14993,Makassar,Individual
CUST-14994,Yogyakarta,Individual
CUST-14995,Medan,Corporate
CUST-14996,Balikpapan,Individual
CUST-14997,Medan,Individual
CUST-14998,Makassar,nan
CUST-14999,Balikpapan,Corporate
CUST-15000,Palembang,Corporate
CUST-15001,Medan,nan
CUST-15002,Makassar,Individual
CUST-15003,Jakarta,Individual
CUST-15004,Jakarta,Individual
CUST-15005,Denpasar,nan
CUST-15006,Balikpapan,Corporate
CUST-15007,Makassar,Corporate
CUST-15008,Medan,Corporate
CUST-15009,Semarang,Individual
CUST-15010,Makassar,Corporate
CUST-15011,Surabaya,Individual
CUST-15012,Yogyakarta,Individual
CUST-15013,Yogyakarta,Individual
CUST-15014,Palembang,Individual
CUST-15015,Yogyakarta,Individual
CUST-15016,Denpasar,Corporate
CUST-15017,Jakarta,Individual
CUST-15018,Jakarta,Corporate
CUST-15019,Palembang,Corporate
CUST-15020,Surabaya,Individual
CUST-15021,Surabaya,Individual
CUST-15022,Bandung,Corporate
CUST-15023,Surabaya,Individual
CUST-15024,Medan,Individual
CUST-15025,Makassar,Corporate
CUST-15026,Palembang,Corporate
CUST-15027,Balikpapan,Individual
CUST-15028,Balikpapan,Corporate
CUST-15029,Jakarta,Individual
CUST-15030,Surabaya,Corporate
CUST-15031,Semarang,nan
CUST-15032,Denpasar,nan
CUST-15033,Palembang,nan
CUST-15034,Denpasar,Individual
CUST-15035,Jakarta,Individual
CUST-15036,Balikpapan,Corporate
CUST-15037,Makassar,nan
CUST-15038,Balikpapan,Corporate
CUST-15039,Palembang,nan
CUST-15040,Yogyakarta,Individual
CUST-15041,Yogyakarta,Individual
CUST-15042,Palembang,Individual
CUST-15043,Makassar,Individual
CUST-15044,Palembang,Individual
CUST-15045,Balikpapan,nan
CUST-15046,Makassar,Individual
CUST-15047,Semarang,Individual
CUST-15048,Denpasar,Individual
CUST-15049,Bandung,Corporate
CUST-15050,Palembang,nan
CUST-15051,Yogyakarta,Corporate
CUST-15052,Medan,Individual
CUST-15053,Denpasar,nan
CUST-15054,Denpasar,nan
CUST-15055,Surabaya,nan
CUST-15056,Palembang,Individual
CUST-15057,Semarang,Individual
CUST-15058,Medan,Corporate
CUST-15059,Balikpapan,Individual
CUST-15060,Yogyakarta,Corporate
CUST-15061,Balikpapan,Corporate
CUST-15062,Surabaya,Corporate
CUST-15063,Makassar,Corporate
CUST-15064,Denpasar,Individual
CUST-15065,Bandung,Individual
CUST-15066,Surabaya,Corporate
CUST-15067,Balikpapan,Corporate
CUST-15068,Palembang,Individual
CUST-15069,Yogyakarta,Corporate
CUST-15070,Bandung,Corporate
CUST-15071,Surabaya,Corporate
CUST-15072,Denpasar,Corporate
CUST-15073,Medan,nan
CUST-15074,Jakarta,Individual
CUST-15075,Yogyakarta,nan
CUST-15076,Jakarta,Individual
CUST-15077,Yogyakarta,Individual
CUST-15078,Makassar,Corporate
CUST-15079,Jakarta,Corporate
CUST-15080,Makassar,Corporate
CUST-15081,Jakarta,Individual
CUST-15082,Semarang,Individual
CUST-15083,Denpasar,Individual
CUST-15084,Denpasar,Corporate
CUST-15085,Semarang,Individual
CUST-15086,Yogyakarta,Corporate
CUST-15087,Surabaya,Individual
CUST-15088,Semarang,Individual
CUST-15089,Balikpapan,Individual
CUST-15090,Yogyakarta,nan
CUST-15091,Semarang,Corporate
CUST-15092,Balikpapan,Individual
CUST-15093,Makassar,Individual
CUST-15094,Semarang,Individual
CUST-15095,Makassar,Individual
CUST-15096,Jakarta,Corporate
CUST-15097,Denpasar,Individual
CUST-15098,Jakarta,Individual
CUST-15099,Yogyakarta,nan
CUST-15100,Palembang,Individual
CUST-15101,Makassar,nan
CUST-15102,Jakarta,Corporate
CUST-15103,Yogyakarta,nan
CUST-15104,Yogyakarta,Individual
CUST-15105,Bandung,nan
CUST-15106,Semarang,Individual
CUST-15107,Makassar,Corporate
CUST-15108,Medan,Individual
CUST-15109,Makassar,Individual
CUST-15110,Medan,Individual
CUST-15111,Balikpapan,Corporate
CUST-15112,Surabaya,Individual
CUST-15113,Jakarta,Corporate
CUST-15114,Bandung,Individual
CUST-15115,Yogyakarta,nan
CUST-15116,Medan,Individual
CUST-15117,Makassar,Individual
CUST-15118,Balikpapan,nan
CUST-15119,Yogyakarta,Corporate
CUST-15120,Medan,Individual
CUST-15121,Balikpapan,Individual
CUST-15122,Denpasar,Individual
CUST-15123,Yogyakarta,Corporate
CUST-15124,Balikpapan,nan
CUST-15125,Palembang,Corporate
CUST-15126,Yogyakarta,Individual
CUST-15127,Jakarta,Individual
CUST-15128,Bandung,nan
CUST-15129,Medan,nan
CUST-15130,Medan,nan
CUST-15131,Surabaya,Corporate
CUST-15132,Medan,Corporate
CUST-15133,Jakarta,Individual
CUST-15134,Makassar,Individual
CUST-15135,Balikpapan,Individual
CUST-15136,Semarang,Corporate
CUST-15137,Bandung,Individual
CUST-15138,Semarang,nan
CUST-15139,Denpasar,Individual
CUST-15140,Bandung,Individual
CUST-15141,Yogyakarta,Individual
CUST-15142,Jakarta,Corporate
CUST-15143,Makassar,Individual
CUST-15144,Yogyakarta,Corporate
CUST-15145,Yogyakarta,Individual
CUST-15146,Makassar,nan
CUST-15147,Jakarta,Individual
CUST-15148,Makassar,Individual
CUST-15149,Makassar,Individual
CUST-15150,Surabaya,Corporate
CUST-15151,Balikpapan,nan
CUST-15152,Denpasar,nan
CUST-15153,Surabaya,Corporate
CUST-15154,Makassar,nan
CUST-15155,Yogyakarta,Individual
CUST-15156,Surabaya,Individual
CUST-15157,Bandung,Individual
CUST-15158,Balikpapan,Individual
CUST-15159,Jakarta,Individual
CUST-15160,Palembang,Individual
CUST-15161,Bandung,Individual
CUST-15162,Palembang,Individual
CUST-15163,Jakarta,Corporate
CUST-15164,Semarang,Corporate
CUST-15165,Medan,Individual
CUST-15166,Makassar,Corporate
CUST-15167,Yogyakarta,Individual
CUST-15168,Palembang,nan
CUST-15169,Palembang,Corporate
CUST-15170,Semarang,Individual
CUST-15171,Semarang,nan
CUST-15172,Balikpapan,Corporate
CUST-15173,Makassar,Individual
CUST-15174,Surabaya,Individual
CUST-15175,Balikpapan,Individual
CUST-15176,Balikpapan,nan
CUST-15177,Balikpapan,Corporate
CUST-15178,Palembang,nan
CUST-15179,Yogyakarta,nan
CUST-15180,Palembang,Individual
CUST-15181,Makassar,nan
CUST-15182,Denpasar,Individual
CUST-15183,Denpasar,Individual
CUST-15184,Denpasar,Individual
CUST-15185,Jakarta,Corporate
CUST-15186,Medan,Individual
CUST-15187,Balikpapan,Individual
CUST-15188,Makassar,Individual
CUST-15189,Medan,Individual
CUST-15190,Yogyakarta,Individual
CUST-15191,Denpasar,nan
CUST-15192,Makassar,Individual
CUST-15193,Semarang,Individual
CUST-15194,Makassar,nan
CUST-15195,Denpasar,Individual
CUST-15196,Balikpapan,Individual
CUST-15197,Makassar,Individual
CUST-15198,Bandung,Individual
CUST-15199,Denpasar,Corporate
CUST-15200,Medan,Corporate
CUST-15201,Bandung,Individual
CUST-15202,Balikpapan,Individual
CUST-15203,Yogyakarta,Individual
CUST-15204,Makassar,Individual
CUST-15205,Makassar,Individual
CUST-15206,Semarang,Individual
CUST-15207,Bandung,Individual
CUST-15208,Medan,nan
CUST-15209,Jakarta,Individual
CUST-15210,Balikpapan,Individual
CUST-15211,Bandung,Individual
CUST-15212,Surabaya,nan
CUST-15213,Surabaya,Corporate
CUST-15214,Makassar,Corporate
CUST-15215,Medan,Individual
CUST-15216,Balikpapan,Corporate
CUST-15217,Makassar,nan
CUST-15218,Denpasar,Corporate
CUST-15219,Makassar,Corporate
CUST-15220,Jakarta,Individual
CUST-15221,Palembang,Individual
CUST-15222,Surabaya,Individual
CUST-15223,Bandung,Individual
CUST-15224,Bandung,Corporate
CUST-15225,Denpasar,Individual
CUST-15226,Makassar,Individual
CUST-15227,Palembang,nan
CUST-15228,Makassar,Individual
CUST-15229,Surabaya,Individual
CUST-15230,Semarang,Individual
CUST-15231,Denpasar,Individual
CUST-15232,Surabaya,Individual
CUST-15233,Yogyakarta,Individual
CUST-15234,Balikpapan,Individual
CUST-15235,Semarang,Individual
CUST-15236,Yogyakarta,Individual
CUST-15237,Balikpapan,Individual
CUST-15238,Jakarta,Corporate
CUST-15239,Bandung,Individual
CUST-15240,Surabaya,Individual
CUST-15241,Yogyakarta,Corporate
CUST-15242,Palembang,nan
CUST-15243,Balikpapan,nan
CUST-15244,Palembang,Corporate
CUST-15245,Bandung,Corporate
CUST-15246,Surabaya,nan
CUST-15247,Palembang,Corporate
CUST-15248,Surabaya,Individual
CUST-15249,Makassar,Corporate
CUST-15250,Medan,Individual
CUST-15251,Jakarta,Corporate
CUST-15252,Yogyakarta,nan
CUST-15253,Makassar,nan
CUST-15254,Denpasar,Individual
CUST-15255,Palembang,Individual
CUST-15256,Medan,Individual
CUST-15257,Balikpapan,Individual
CUST-15258,Medan,Corporate
CUST-15259,Makassar,Corporate
CUST-15260,Palembang,Individual
CUST-15261,Surabaya,Corporate
CUST-15262,Bandung,nan
CUST-15263,Medan,Corporate
CUST-15264,Jakarta,Corporate
CUST-15265,Yogyakarta,Individual
CUST-15266,Surabaya,Individual
CUST-15267,Semarang,Individual
CUST-15268,Bandung,Individual
CUST-15269,Denpasar,Corporate
CUST-15270,Balikpapan,Individual
CUST-15271,Surabaya,Corporate
CUST-15272,Yogyakarta,Individual
CUST-15273,Denpasar,Individual
CUST-15274,Jakarta,nan
CUST-15275,Semarang,Corporate
CUST-15276,Jakarta,nan
CUST-15277,Jakarta,nan
CUST-15278,Semarang,Corporate
CUST-15279,Yogyakarta,Individual
CUST-15280,Medan,Individual
CUST-15281,Jakarta,nan
CUST-15282,Makassar,nan
CUST-15283,Surabaya,Corporate
CUST-15284,Jakarta,Individual
CUST-15285,Surabaya,Individual
CUST-15286,Bandung,Corporate
CUST-15287,Makassar,Individual
CUST-15288,Medan,Individual
CUST-15289,Surabaya,Corporate
CUST-15290,Yogyakarta,Individual
CUST-15291,Yogyakarta,Corporate
CUST-15292,Semarang,nan
CUST-15293,Balikpapan,nan
CUST-15294,Bandung,Corporate
CUST-15295,Makassar,Individual
CUST-15296,Yogyakarta,Individual
CUST-15297,Jakarta,Individual
CUST-15298,Denpasar,Corporate
CUST-15299,Bandung,Corporate
CUST-15300,Palembang,Corporate
CUST-15301,Palembang,Individual
CUST-15302,Surabaya,Individual
CUST-15303,Surabaya,Individual
CUST-15304,Surabaya,Corporate
CUST-15305,Palembang,Individual
CUST-15306,Bandung,Individual
CUST-15307,Medan,Corporate
CUST-15308,Bandung,Individual
CUST-15309,Palembang,Corporate
CUST-15310,Medan,Individual
CUST-15311,Bandung,nan
CUST-15312,Jakarta,Corporate
CUST-15313,Surabaya,Individual
CUST-15314,Bandung,Individual
CUST-15315,Bandung,Individual
CUST-15316,Medan,Individual
CUST-15317,Palembang,Individual
CUST-15318,Makassar,nan
CUST-15319,Balikpapan,Individual
CUST-15320,Yogyakarta,nan
CUST-15321,Semarang,Individual
CUST-15322,Semarang,Individual
CUST-15323,Jakarta,nan
CUST-15324,Denpasar,Individual
CUST-15325,Bandung,Individual
CUST-15326,Balikpapan,Individual
CUST-15327,Medan,Individual
CUST-15328,Makassar,Individual
CUST-15329,Bandung,Corporate
CUST-15330,Surabaya,Individual
CUST-15331,Yogyakarta,Individual
CUST-15332,Jakarta,Individual
CUST-15333,Medan,Corporate
CUST-15334,Makassar,Individual
CUST-15335,Jakarta,Individual
CUST-15336,Denpasar,Corporate
CUST-15337,Semarang,Individual
CUST-15338,Yogyakarta,Individual
CUST-15339,Semarang,Individual
CUST-15340,Yogyakarta,nan
CUST-15341,Palembang,Individual
CUST-15342,Bandung,Individual
CUST-15343,Jakarta,Individual
CUST-15344,Makassar,Individual
CUST-15345,Yogyakarta,Corporate
CUST-15346,Jakarta,Individual
CUST-15347,Surabaya,Individual
CUST-15348,Denpasar,Corporate
CUST-15349,Jakarta,Individual
CUST-15350,Balikpapan,Corporate
CUST-15351,Medan,Individual
CUST-15352,Surabaya,Corporate
CUST-15353,Jakarta,nan
CUST-15354,Jakarta,Corporate
CUST-15355,Surabaya,Individual
CUST-15356,Jakarta,Individual
CUST-15357,Semarang,Individual
CUST-15358,Makassar,Corporate
CUST-15359,Jakarta,Individual
CUST-15360,Jakarta,Corporate
CUST-15361,Semarang,Individual
CUST-15362,Surabaya,Individual
CUST-15363,Surabaya,Individual
CUST-15364,Medan,Individual
CUST-15365,Surabaya,Individual
CUST-15366,Makassar,Individual
CUST-15367,Denpasar,Individual
CUST-15368,Makassar,Individual
CUST-15369,Semarang,Corporate
CUST-15370,Denpasar,Corporate
CUST-15371,Medan,Individual
CUST-15372,Surabaya,Individual
CUST-15373,Denpasar,Individual
CUST-15374,Makassar,Individual
CUST-15375,Makassar,Individual
CUST-15376,Medan,Individual
CUST-15377,Denpasar,Individual
CUST-15378,Makassar,Corporate
CUST-15379,Yogyakarta,Corporate
CUST-15380,Jakarta,Individual
CUST-15381,Balikpapan,Corporate
CUST-15382,Medan,Individual
CUST-15383,Palembang,nan
CUST-15384,Denpasar,Individual
CUST-15385,Makassar,nan
CUST-15386,Denpasar,Individual
CUST-15387,Yogyakarta,Corporate
CUST-15388,Bandung,Individual
CUST-15389,Balikpapan,Individual
CUST-15390,Denpasar,Individual
CUST-15391,Makassar,Individual
CUST-15392,Palembang,Corporate
CUST-15393,Palembang,Corporate
CUST-15394,Bandung,Individual
CUST-15395,Bandung,Individual
CUST-15396,Surabaya,Individual
CUST-15397,Denpasar,Individual
CUST-15398,Palembang,nan
CUST-15399,Bandung,Individual
CUST-15400,Yogyakarta,Corporate
CUST-15401,Makassar,nan
CUST-15402,Medan,Individual
CUST-15403,Denpasar,nan
CUST-15404,Bandung,Individual
CUST-15405,Jakarta,Corporate
CUST-15406,Denpasar,Corporate
CUST-15407,Medan,Individual
CUST-15408,Palembang,Corporate
CUST-15409,Medan,nan
CUST-15410,Yogyakarta,Individual
CUST-15411,Balikpapan,Individual
CUST-15412,Medan,nan
CUST-15413,Semarang,nan
CUST-15414,Yogyakarta,nan
CUST-15415,Balikpapan,Individual
CUST-15416,Yogyakarta,nan
CUST-15417,Makassar,Individual
CUST-15418,Palembang,nan
CUST-15419,Makassar,Individual
CUST-15420,Yogyakarta,Corporate
CUST-15421,Bandung,Individual
CUST-15422,Palembang,nan
CUST-15423,Bandung,Individual
CUST-15424,Denpasar,nan
CUST-15425,Denpasar,Corporate
CUST-15426,Jakarta,nan
CUST-15427,Balikpapan,Corporate
CUST-15428,Denpasar,nan
CUST-15429,Jakarta,Individual
CUST-15430,Makassar,Individual
CUST-15431,Balikpapan,Corporate
CUST-15432,Yogyakarta,Individual
CUST-15433,Palembang,Individual
CUST-15434,Makassar,Individual
CUST-15435,Medan,Individual
CUST-15436,Surabaya,Individual
CUST-15437,Bandung,nan
CUST-15438,Makassar,Individual
CUST-15439,Yogyakarta,Individual
CUST-15440,Denpasar,nan
CUST-15441,Palembang,nan
CUST-15442,Bandung,Individual
CUST-15443,Palembang,Corporate
CUST-15444,Semarang,Corporate
CUST-15445,Jakarta,Individual
CUST-15446,Yogyakarta,Corporate
CUST-15447,Denpasar,nan
CUST-15448,Balikpapan,Corporate
CUST-15449,Makassar,Individual
CUST-15450,Balikpapan,nan
CUST-15451,Surabaya,Individual
CUST-15452,Semarang,Individual
CUST-15453,Bandung,nan
CUST-15454,Jakarta,Individual
CUST-15455,Bandung,Individual
CUST-15456,Medan,Individual
CUST-15457,Semarang,Corporate
CUST-15458,Bandung,Corporate
CUST-15459,Bandung,Individual
CUST-15460,Semarang,Corporate
CUST-15461,Jakarta,Individual
CUST-15462,Bandung,Corporate
CUST-15463,Jakarta,Individual
CUST-15464,Jakarta,Corporate
CUST-15465,Yogyakarta,nan
CUST-15466,Surabaya,Corporate
CUST-15467,Balikpapan,Corporate
CUST-15468,Balikpapan,Corporate
CUST-15469,Balikpapan,Corporate
CUST-15470,Palembang,nan
CUST-15471,Semarang,Corporate
CUST-15472,Palembang,Individual
CUST-15473,Surabaya,Individual
CUST-15474,Denpasar,Individual
CUST-15475,Yogyakarta,Corporate
CUST-15476,Bandung,Individual
CUST-15477,Semarang,Corporate
CUST-15478,Semarang,Corporate
CUST-15479,Makassar,Individual
CUST-15480,Jakarta,Individual
CUST-15481,Palembang,Individual
CUST-15482,Makassar,Individual
CUST-15483,Jakarta,Corporate
CUST-15484,Palembang,Individual
CUST-15485,Surabaya,nan
CUST-15486,Denpasar,Individual
CUST-15487,Yogyakarta,Individual
CUST-15488,Jakarta,nan
CUST-15489,Palembang,Individual
CUST-15490,Surabaya,Individual
CUST-15491,Surabaya,Individual
CUST-15492,Surabaya,Individual
CUST-15493,Semarang,Individual
CUST-15494,Palembang,Individual
CUST-15495,Surabaya,Corporate
CUST-15496,Semarang,Individual
CUST-15497,Yogyakarta,Individual
CUST-15498,Surabaya,Corporate
CUST-15499,Denpasar,Individual
CUST-15500,Jakarta,Individual
CUST-15501,Balikpapan,Corporate
CUST-15502,Balikpapan,nan
CUST-15503,Surabaya,Individual
CUST-15504,Semarang,nan
CUST-15505,Surabaya,Corporate
CUST-15506,Makassar,Corporate
CUST-15507,Medan,Individual
CUST-15508,Palembang,Individual
CUST-15509,Jakarta,nan
CUST-15510,Balikpapan,Individual
CUST-15511,Medan,Individual
CUST-15512,Semarang,Individual
CUST-15513,Balikpapan,Corporate
CUST-15514,Yogyakarta,Individual
CUST-15515,Jakarta,Individual
CUST-15516,Makassar,Corporate
CUST-15517,Jakarta,Individual
CUST-15518,Surabaya,Individual
CUST-15519,Denpasar,Corporate
CUST-15520,Bandung,nan
CUST-15521,Bandung,nan
CUST-15522,Yogyakarta,nan
CUST-15523,Jakarta,Corporate
CUST-15524,Makassar,Individual
CUST-15525,Denpasar,Corporate
CUST-15526,Medan,Individual
CUST-15527,Bandung,nan
CUST-15528,Balikpapan,Individual
CUST-15529,Denpasar,Individual
CUST-15530,Semarang,Individual
CUST-15531,Semarang,Individual
CUST-15532,Bandung,nan
CUST-15533,Palembang,Individual
CUST-15534,Yogyakarta,Individual
CUST-15535,Jakarta,Corporate
CUST-15536,Denpasar,Individual
CUST-15537,Balikpapan,Individual
CUST-15538,Bandung,Corporate
CUST-15539,Yogyakarta,Corporate
CUST-15540,Surabaya,nan
CUST-15541,Jakarta,Individual
CUST-15542,Balikpapan,Individual
CUST-15543,Medan,Corporate
CUST-15544,Surabaya,Individual
CUST-15545,Bandung,Individual
CUST-15546,Jakarta,Individual
CUST-15547,Denpasar,Individual
CUST-15548,Palembang,Corporate
CUST-15549,Surabaya,Individual
CUST-15550,Surabaya,Individual
CUST-15551,Palembang,Corporate
CUST-15552,Semarang,nan
CUST-15553,Surabaya,Corporate
CUST-15554,Surabaya,Corporate
CUST-15555,Balikpapan,Individual
CUST-15556,Semarang,nan
CUST-15557,Semarang,Individual
CUST-15558,Palembang,Individual
CUST-15559,Denpasar,Individual
CUST-15560,Yogyakarta,Individual
CUST-15561,Balikpapan,Corporate
CUST-15562,Surabaya,Individual
CUST-15563,Makassar,Individual
CUST-15564,Semarang,Corporate
CUST-15565,Bandung,Individual
CUST-15566,Palembang,Individual
CUST-15567,Jakarta,nan
CUST-15568,Semarang,Individual
CUST-15569,Makassar,Individual
CUST-15570,Surabaya,Individual
CUST-15571,Balikpapan,Individual
CUST-15572,Palembang,Individual
CUST-15573,Bandung,Individual
CUST-15574,Yogyakarta,Corporate
CUST-15575,Medan,Individual
CUST-15576,Jakarta,Individual
CUST-15577,Makassar,Individual
CUST-15578,Bandung,Corporate
CUST-15579,Semarang,Corporate
CUST-15580,Denpasar,Individual
CUST-15581,Yogyakarta,Corporate
CUST-15582,Surabaya,Corporate
CUST-15583,Balikpapan,Individual
CUST-15584,Makassar,Individual
CUST-15585,Denpasar,Corporate
CUST-15586,Jakarta,Individual
CUST-15587,Medan,Individual
CUST-15588,Palembang,Corporate
CUST-15589,Jakarta,Individual
CUST-15590,Yogyakarta,Corporate
CUST-15591,Bandung,Individual
CUST-15592,Yogyakarta,Individual
CUST-15593,Medan,Individual
CUST-15594,Makassar,Individual
CUST-15595,Medan,nan
CUST-15596,Yogyakarta,Corporate
CUST-15597,Bandung,Individual
CUST-15598,Yogyakarta,nan
CUST-15599,Denpasar,Corporate
CUST-15600,Makassar,nan
CUST-15601,Surabaya,Corporate
CUST-15602,Makassar,Individual
CUST-15603,Surabaya,Individual
CUST-15604,Yogyakarta,Corporate
CUST-15605,Semarang,Individual
CUST-15606,Makassar,Individual
CUST-15607,Surabaya,Individual
CUST-15608,Denpasar,Individual
CUST-15609,Jakarta,Individual
CUST-15610,Medan,Individual
CUST-15611,Balikpapan,Individual
CUST-15612,Balikpapan,Individual
CUST-15613,Balikpapan,Individual
CUST-15614,Semarang,Corporate
CUST-15615,Medan,Individual
CUST-15616,Semarang,Corporate
CUST-15617,Jakarta,Corporate
CUST-15618,Surabaya,Corporate
CUST-15619,Makassar,Corporate
CUST-15620,Surabaya,nan
CUST-15621,Makassar,Individual
CUST-15622,Bandung,Corporate
CUST-15623,Palembang,Individual
CUST-15624,Palembang,Corporate
CUST-15625,Surabaya,Corporate
CUST-15626,Bandung,Individual
CUST-15627,Jakarta,Individual
CUST-15628,Balikpapan,Corporate
CUST-15629,Palembang,Individual
CUST-15630,Bandung,Corporate
CUST-15631,Yogyakarta,Individual
CUST-15632,Balikpapan,Individual
CUST-15633,Denpasar,Corporate
CUST-15634,Bandung,Individual
CUST-15635,Surabaya,Individual
CUST-15636,Jakarta,Individual
CUST-15637,Makassar,Individual
CUST-15638,Medan,Corporate
CUST-15639,Balikpapan,Corporate
CUST-15640,Balikpapan,Individual
CUST-15641,Balikpapan,Corporate
CUST-15642,Jakarta,Individual
CUST-15643,Medan,Individual
CUST-15644,Palembang,Corporate
CUST-15645,Makassar,Individual
CUST-15646,Jakarta,Individual
CUST-15647,Surabaya,Individual
CUST-15648,Medan,Individual
CUST-15649,Bandung,Individual
CUST-15650,Jakarta,Corporate
CUST-15651,Medan,Individual
CUST-15652,Surabaya,nan
CUST-15653,Makassar,nan
CUST-15654,Medan,Individual
CUST-15655,Yogyakarta,Individual
CUST-15656,Balikpapan,Individual
CUST-15657,Medan,nan
CUST-15658,Balikpapan,Individual
CUST-15659,Denpasar,Individual
CUST-15660,Jakarta,Individual
CUST-15661,Surabaya,Individual
CUST-15662,Semarang,Individual
CUST-15663,Medan,Corporate
CUST-15664,Jakarta,Individual
CUST-15665,Semarang,Corporate
CUST-15666,Makassar,Individual
CUST-15667,Semarang,Corporate
CUST-15668,Palembang,Individual
CUST-15669,Semarang,nan
CUST-15670,Yogyakarta,Corporate
CUST-15671,Jakarta,Individual
CUST-15672,Jakarta,Individual
CUST-15673,Surabaya,Individual
CUST-15674,Bandung,Individual
CUST-15675,Denpasar,Corporate
CUST-15676,Palembang,Individual
CUST-15677,Semarang,Corporate
CUST-15678,Yogyakarta,Individual
CUST-15679,Bandung,Corporate
CUST-15680,Makassar,Corporate
CUST-15681,Balikpapan,Individual
CUST-15682,Surabaya,Individual
CUST-15683,Makassar,Corporate
CUST-15684,Medan,Individual
CUST-15685,Denpasar,Corporate
CUST-15686,Balikpapan,Individual
CUST-15687,Semarang,nan
CUST-15688,Semarang,Individual
CUST-15689,Palembang,Corporate
CUST-15690,Yogyakarta,nan
CUST-15691,Yogyakarta,nan
CUST-15692,Semarang,Individual
CUST-15693,Semarang,Individual
CUST-15694,Surabaya,Individual
CUST-15695,Balikpapan,nan
CUST-15696,Semarang,Individual
CUST-15697,Palembang,Corporate
CUST-15698,Yogyakarta,Individual
CUST-15699,Balikpapan,Individual
CUST-15700,Balikpapan,Individual
CUST-15701,Palembang,Individual
CUST-15702,Medan,nan
CUST-15703,Makassar,Corporate
CUST-15704,Palembang,Individual
CUST-15705,Palembang,Corporate
CUST-15706,Denpasar,Individual
CUST-15707,Balikpapan,Individual
CUST-15708,Bandung,nan
CUST-15709,Denpasar,nan
CUST-15710,Surabaya,Individual
CUST-15711,Makassar,Individual
CUST-15712,Denpasar,Individual
CUST-15713,Palembang,Individual
CUST-15714,Balikpapan,nan
CUST-15715,Yogyakarta,Individual
CUST-15716,Yogyakarta,Corporate
CUST-15717,Palembang,Individual
CUST-15718,Denpasar,Corporate
CUST-15719,Makassar,Individual
CUST-15720,Balikpapan,Corporate
CUST-15721,Semarang,Individual
CUST-15722,Makassar,Corporate
CUST-15723,Denpasar,Individual
CUST-15724,Yogyakarta,Individual
CUST-15725,Medan,nan
CUST-15726,Semarang,Individual
CUST-15727,Denpasar,Corporate
CUST-15728,Surabaya,nan
CUST-15729,Jakarta,Individual
CUST-15730,Makassar,nan
CUST-15731,Yogyakarta,Individual
CUST-15732,Jakarta,Individual
CUST-15733,Jakarta,Individual
CUST-15734,Jakarta,Individual
CUST-15735,Jakarta,nan
CUST-15736,Balikpapan,Corporate
CUST-15737,Surabaya,Individual
CUST-15738,Makassar,nan
CUST-15739,Palembang,Individual
CUST-15740,Jakarta,nan
CUST-15741,Medan,Individual
CUST-15742,Surabaya,Corporate
CUST-15743,Medan,nan
CUST-15744,Palembang,Individual
CUST-15745,Palembang,Individual
CUST-15746,Denpasar,Corporate
CUST-15747,Yogyakarta,Individual
CUST-15748,Balikpapan,Individual
CUST-15749,Jakarta,Individual
CUST-15750,Medan,Individual
CUST-15751,Makassar,Individual
CUST-15752,Palembang,Individual
CUST-15753,Palembang,Individual
CUST-15754,Denpasar,Individual
CUST-15755,Palembang,Individual
CUST-15756,Palembang,Individual
CUST-15757,Makassar,nan
CUST-15758,Surabaya,Individual
CUST-15759,Surabaya,Individual
CUST-15760,Semarang,nan
CUST-15761,Palembang,Individual
CUST-15762,Semarang,Corporate
CUST-15763,Bandung,nan
CUST-15764,Balikpapan,Individual
CUST-15765,Bandung,Corporate
CUST-15766,Makassar,Corporate
CUST-15767,Medan,Individual
CUST-15768,Surabaya,Individual
CUST-15769,Bandung,nan
CUST-15770,Denpasar,Individual
CUST-15771,Bandung,Individual
CUST-15772,Surabaya,Individual
CUST-15773,Yogyakarta,Individual
CUST-15774,Medan,Corporate
CUST-15775,Medan,Corporate
CUST-15776,Denpasar,Individual
CUST-15777,Semarang,Individual
CUST-15778,Palembang,Individual
CUST-15779,Denpasar,Individual
CUST-15780,Palembang,Individual
CUST-15781,Balikpapan,Individual
CUST-15782,Balikpapan,Individual
CUST-15783,Palembang,Individual
CUST-15784,Semarang,Individual
CUST-15785,Jakarta,Corporate
CUST-15786,Makassar,Individual
CUST-15787,Jakarta,Individual
CUST-15788,Jakarta,Individual
CUST-15789,Semarang,Individual
CUST-15790,Makassar,Individual
CUST-15791,Balikpapan,Corporate
CUST-15792,Makassar,Individual
CUST-15793,Bandung,Individual
CUST-15794,Balikpapan,Individual
CUST-15795,Makassar,Individual
CUST-15796,Yogyakarta,Individual
CUST-15797,Jakarta,Individual
CUST-15798,Denpasar,Individual
CUST-15799,Denpasar,nan
CUST-15800,Jakarta,Individual
CUST-15801,Surabaya,Individual
CUST-15802,Palembang,Corporate
CUST-15803,Jakarta,Individual
CUST-15804,Yogyakarta,Corporate
CUST-15805,Medan,Individual
CUST-15806,Jakarta,Individual
CUST-15807,Bandung,Individual
CUST-15808,Balikpapan,Corporate
CUST-15809,Jakarta,Corporate
CUST-15810,Balikpapan,Individual
CUST-15811,Bandung,Individual
CUST-15812,Yogyakarta,Corporate
CUST-15813,Medan,Individual
CUST-15814,Balikpapan,nan
CUST-15815,Makassar,Individual
CUST-15816,Jakarta,Corporate
CUST-15817,Denpasar,Individual
CUST-15818,Makassar,Individual
CUST-15819,Makassar,Corporate
CUST-15820,Balikpapan,Individual
CUST-15821,Yogyakarta,Individual
CUST-15822,Makassar,Individual
CUST-15823,Denpasar,Individual
CUST-15824,Bandung,Corporate
CUST-15825,Semarang,nan
CUST-15826,Jakarta,nan
CUST-15827,Palembang,Corporate
CUST-15828,Jakarta,Individual
CUST-15829,Balikpapan,Individual
CUST-15830,Medan,Individual
CUST-15831,Balikpapan,Corporate
CUST-15832,Bandung,Individual
CUST-15833,Medan,nan
CUST-15834,Makassar,Individual
CUST-15835,Makassar,Individual
CUST-15836,Surabaya,Corporate
CUST-15837,Surabaya,Corporate
CUST-15838,Medan,Individual
CUST-15839,Bandung,nan
CUST-15840,Denpasar,Corporate
CUST-15841,Denpasar,Corporate
CUST-15842,Denpasar,Individual
CUST-15843,Jakarta,Individual
CUST-15844,Jakarta,Individual
CUST-15845,Surabaya,Corporate
CUST-15846,Palembang,nan
CUST-15847,Bandung,Individual
CUST-15848,Surabaya,Individual
CUST-15849,Jakarta,Individual
CUST-15850,Denpasar,Individual
CUST-15851,Yogyakarta,Individual
CUST-15852,Palembang,Individual
CUST-15853,Yogyakarta,Individual
CUST-15854,Palembang,Corporate
CUST-15855,Denpasar,Individual
CUST-15856,Surabaya,Individual
CUST-15857,Balikpapan,Individual
CUST-15858,Surabaya,Individual
CUST-15859,Yogyakarta,Individual
CUST-15860,Yogyakarta,nan
CUST-15861,Denpasar,Individual
CUST-15862,Makassar,Individual
CUST-15863,Balikpapan,Individual
CUST-15864,Bandung,Individual
CUST-15865,Denpasar,Corporate
CUST-15866,Semarang,Corporate
CUST-15867,Semarang,Individual
CUST-15868,Denpasar,Individual
CUST-15869,Semarang,Individual
CUST-15870,Palembang,Corporate
CUST-15871,Medan,nan
CUST-15872,Denpasar,Individual
CUST-15873,Bandung,nan
CUST-15874,Bandung,Corporate
CUST-15875,Semarang,Individual
CUST-15876,Bandung,Corporate
CUST-15877,Jakarta,nan
CUST-15878,Palembang,Individual
CUST-15879,Jakarta,nan
CUST-15880,Makassar,Individual
CUST-15881,Medan,Individual
CUST-15882,Makassar,Individual
CUST-15883,Bandung,Individual
CUST-15884,Palembang,Corporate
CUST-15885,Jakarta,Individual
CUST-15886,Jakarta,Corporate
CUST-15887,Bandung,Corporate
CUST-15888,Jakarta,Corporate
CUST-15889,Surabaya,Individual
CUST-15890,Jakarta,Individual
CUST-15891,Palembang,Individual
CUST-15892,Semarang,Individual
CUST-15893,Balikpapan,Individual
CUST-15894,Yogyakarta,nan
CUST-15895,Bandung,nan
CUST-15896,Makassar,nan
CUST-15897,Medan,nan
CUST-15898,Medan,Corporate
CUST-15899,Jakarta,Corporate
CUST-15900,Balikpapan,Individual
CUST-15901,Bandung,Corporate
CUST-15902,Yogyakarta,nan
CUST-15903,Yogyakarta,Individual
CUST-15904,Jakarta,Individual
CUST-15905,Balikpapan,Individual
CUST-15906,Denpasar,Individual
CUST-15907,Denpasar,Corporate
CUST-15908,Surabaya,Corporate
CUST-15909,Jakarta,Individual
CUST-15910,Surabaya,Corporate
CUST-15911,Denpasar,Corporate
CUST-15912,Surabaya,Corporate
CUST-15913,Balikpapan,Corporate
CUST-15914,Medan,Individual
CUST-15915,Balikpapan,nan
CUST-15916,Denpasar,Individual
CUST-15917,Balikpapan,Individual
CUST-15918,Balikpapan,Individual
CUST-15919,Medan,nan
CUST-15920,Palembang,Individual
CUST-15921,Surabaya,Individual
CUST-15922,Palembang,Individual
CUST-15923,Palembang,Individual
CUST-15924,Medan,nan
CUST-15925,Makassar,Individual
CUST-15926,Medan,nan
CUST-15927,Semarang,Individual
CUST-15928,Surabaya,Individual
CUST-15929,Palembang,Corporate
CUST-15930,Jakarta,Individual
CUST-15931,Balikpapan,Corporate
CUST-15932,Yogyakarta,Individual
CUST-15933,Balikpapan,Individual
CUST-15934,Semarang,Corporate
CUST-15935,Makassar,Corporate
CUST-15936,Makassar,Individual
CUST-15937,Semarang,nan
CUST-15938,Balikpapan,Corporate
CUST-15939,Yogyakarta,Individual
CUST-15940,Balikpapan,nan
CUST-15941,Jakarta,Individual
CUST-15942,Surabaya,nan
CUST-15943,Balikpapan,Individual
CUST-15944,Palembang,Individual
CUST-15945,Balikpapan,Corporate
CUST-15946,Makassar,nan
CUST-15947,Yogyakarta,Individual
CUST-15948,Bandung,Individual
CUST-15949,Medan,Corporate
CUST-15950,Yogyakarta,Corporate
CUST-15951,Medan,Individual
CUST-15952,Bandung,nan
CUST-15953,Bandung,Individual
CUST-15954,Balikpapan,Individual
CUST-15955,Yogyakarta,Individual
CUST-15956,Yogyakarta,nan
CUST-15957,Denpasar,Individual
CUST-15958,Bandung,Corporate
CUST-15959,Semarang,Individual
CUST-15960,Balikpapan,Individual
CUST-15961,Palembang,Individual
CUST-15962,Palembang,Individual
CUST-15963,Surabaya,Corporate
CUST-15964,Surabaya,Individual
CUST-15965,Palembang,Individual
CUST-15966,Balikpapan,Individual
CUST-15967,Denpasar,Corporate
CUST-15968,Bandung,Individual
CUST-15969,Semarang,Individual
CUST-15970,Jakarta,Corporate
CUST-15971,Palembang,Individual
CUST-15972,Palembang,Corporate
CUST-15973,Surabaya,Corporate
CUST-15974,Denpasar,Individual
CUST-15975,Jakarta,Corporate
CUST-15976,Yogyakarta,Individual
CUST-15977,Palembang,nan
CUST-15978,Jakarta,Individual
CUST-15979,Medan,Individual
CUST-15980,Jakarta,Individual
CUST-15981,Denpasar,Individual
CUST-15982,Makassar,nan
CUST-15983,Balikpapan,Individual
CUST-15984,Denpasar,nan
CUST-15985,Yogyakarta,Individual
CUST-15986,Medan,Corporate
CUST-15987,Yogyakarta,Individual
CUST-15988,Bandung,Individual
CUST-15989,Jakarta,Individual
CUST-15990,Bandung,Individual
CUST-15991,Denpasar,nan
CUST-15992,Palembang,nan
CUST-15993,Yogyakarta,nan
CUST-15994,Semarang,Individual
CUST-15995,Surabaya,Individual
CUST-15996,Medan,Individual
CUST-15997,Semarang,nan
CUST-15998,Makassar,Corporate
CUST-15999,Bandung,Corporate
CUST-16000,Bandung,Individual
CUST-16001,Yogyakarta,Corporate
CUST-16002,Balikpapan,Corporate
CUST-16003,Yogyakarta,Individual
CUST-16004,Semarang,Individual
CUST-16005,Palembang,Corporate
CUST-16006,Bandung,nan
CUST-16007,Denpasar,nan
CUST-16008,Makassar,Individual
CUST-16009,Denpasar,Individual
CUST-16010,Palembang,Corporate
CUST-16011,Semarang,Individual
CUST-16012,Bandung,Individual
CUST-16013,Semarang,Individual
CUST-16014,Balikpapan,Individual
CUST-16015,Balikpapan,Individual
CUST-16016,Palembang,nan
CUST-16017,Palembang,Individual
CUST-16018,Surabaya,Individual
CUST-16019,Denpasar,Individual
CUST-16020,Makassar,nan
CUST-16021,Denpasar,Individual
CUST-16022,Denpasar,Corporate
CUST-16023,Semarang,nan
CUST-16024,Semarang,Individual
CUST-16025,Semarang,Individual
CUST-16026,Palembang,Corporate
CUST-16027,Yogyakarta,Individual
CUST-16028,Balikpapan,Individual
CUST-16029,Palembang,nan
CUST-16030,Makassar,Individual
CUST-16031,Balikpapan,Individual
CUST-16032,Semarang,Individual
CUST-16033,Yogyakarta,Corporate
CUST-16034,Balikpapan,Individual
CUST-16035,Makassar,Individual
CUST-16036,Denpasar,Corporate
CUST-16037,Palembang,Individual
CUST-16038,Yogyakarta,nan
CUST-16039,Medan,nan
CUST-16040,Surabaya,Individual
CUST-16041,Jakarta,Corporate
CUST-16042,Bandung,Individual
CUST-16043,Surabaya,Individual
CUST-16044,Balikpapan,Individual
CUST-16045,Makassar,Individual
CUST-16046,Medan,nan
CUST-16047,Makassar,Corporate
CUST-16048,Semarang,Corporate
CUST-16049,Bandung,nan
CUST-16050,Medan,Corporate
CUST-16051,Makassar,Corporate
CUST-16052,Semarang,Corporate
CUST-16053,Palembang,nan
CUST-16054,Makassar,Individual
CUST-16055,Surabaya,Individual
CUST-16056,Bandung,Corporate
CUST-16057,Makassar,Individual
CUST-16058,Makassar,Individual
CUST-16059,Semarang,Individual
CUST-16060,Jakarta,Individual
CUST-16061,Bandung,Corporate
CUST-16062,Yogyakarta,Individual
CUST-16063,Semarang,Individual
CUST-16064,Bandung,Individual
CUST-16065,Jakarta,Corporate
CUST-16066,Jakarta,Corporate
CUST-16067,Yogyakarta,Individual
CUST-16068,Palembang,nan
CUST-16069,Jakarta,Individual
CUST-16070,Medan,Individual
CUST-16071,Balikpapan,nan
CUST-16072,Jakarta,Corporate
CUST-16073,Makassar,nan
CUST-16074,Denpasar,Corporate
CUST-16075,Bandung,Individual
CUST-16076,Bandung,Individual
CUST-16077,Balikpapan,Corporate
CUST-16078,Bandung,Individual
CUST-16079,Makassar,nan
CUST-16080,Makassar,Corporate
CUST-16081,Denpasar,Corporate
CUST-16082,Surabaya,Corporate
CUST-16083,Jakarta,Individual
CUST-16084,Makassar,Corporate
CUST-16085,Jakarta,nan
CUST-16086,Balikpapan,Individual
CUST-16087,Semarang,Corporate
CUST-16088,Surabaya,Corporate
CUST-16089,Denpasar,Corporate
CUST-16090,Yogyakarta,Individual
CUST-16091,Yogyakarta,Corporate
CUST-16092,Surabaya,Individual
CUST-16093,Medan,Individual
CUST-16094,Denpasar,Individual
CUST-16095,Balikpapan,Corporate
CUST-16096,Medan,Individual
CUST-16097,Yogyakarta,Individual
CUST-16098,Balikpapan,Individual
CUST-16099,Balikpapan,Corporate
CUST-16100,Balikpapan,nan
CUST-16101,Denpasar,Individual
CUST-16102,Bandung,Corporate
CUST-16103,Bandung,Individual
CUST-16104,Palembang,Individual
CUST-16105,Denpasar,Corporate
CUST-16106,Jakarta,Individual
CUST-16107,Balikpapan,nan
CUST-16108,Yogyakarta,Corporate
CUST-16109,Denpasar,Individual
CUST-16110,Medan,Individual
CUST-16111,Medan,Individual
CUST-16112,Medan,Individual
CUST-16113,Denpasar,Individual
CUST-16114,Medan,Individual
CUST-16115,Semarang,Corporate
CUST-16116,Denpasar,Individual
CUST-16117,Semarang,nan
CUST-16118,Semarang,Individual
CUST-16119,Bandung,Individual
CUST-16120,Jakarta,nan
CUST-16121,Balikpapan,Individual
CUST-16122,Makassar,nan
CUST-16123,Semarang,Individual
CUST-16124,Balikpapan,Individual
CUST-16125,Semarang,Corporate
CUST-16126,Bandung,Corporate
CUST-16127,Semarang,Individual
CUST-16128,Yogyakarta,Individual
CUST-16129,Medan,Individual
CUST-16130,Jakarta,Corporate
CUST-16131,Makassar,Individual
CUST-16132,Palembang,Corporate
CUST-16133,Semarang,Individual
CUST-16134,Medan,Individual
CUST-16135,Denpasar,Individual
CUST-16136,Yogyakarta,Individual
CUST-16137,Bandung,Corporate
CUST-16138,Surabaya,Individual
CUST-16139,Medan,nan
CUST-16140,Balikpapan,Corporate
CUST-16141,Surabaya,Individual
CUST-16142,Semarang,Individual
CUST-16143,Surabaya,Corporate
CUST-16144,Makassar,nan
CUST-16145,Palembang,Corporate
CUST-16146,Medan,Individual
CUST-16147,Jakarta,Corporate
CUST-16148,Denpasar,Individual
CUST-16149,Jakarta,Individual
CUST-16150,Balikpapan,Individual
CUST-16151,Denpasar,Corporate
CUST-16152,Palembang,Corporate
CUST-16153,Balikpapan,Individual
CUST-16154,Makassar,Individual
CUST-16155,Palembang,Individual
CUST-16156,Surabaya,Corporate
CUST-16157,Surabaya,Individual
CUST-16158,Bandung,nan
CUST-16159,Medan,Individual
CUST-16160,Medan,Individual
CUST-16161,Denpasar,Individual
CUST-16162,Palembang,Individual
CUST-16163,Surabaya,nan
CUST-16164,Bandung,Individual
CUST-16165,Makassar,Individual
CUST-16166,Yogyakarta,Individual
CUST-16167,Makassar,nan
CUST-16168,Balikpapan,Individual
CUST-16169,Yogyakarta,Individual
CUST-16170,Makassar,Corporate
CUST-16171,Denpasar,Individual
CUST-16172,Bandung,Corporate
CUST-16173,Surabaya,Individual
CUST-16174,Medan,Corporate
CUST-16175,Denpasar,Individual
CUST-16176,Makassar,nan
CUST-16177,Jakarta,Individual
CUST-16178,Yogyakarta,Individual
CUST-16179,Makassar,Individual
CUST-16180,Semarang,Corporate
CUST-16181,Yogyakarta,nan
CUST-16182,Denpasar,Individual
CUST-16183,Semarang,nan
CUST-16184,Jakarta,Individual
CUST-16185,Semarang,Individual
CUST-16186,Balikpapan,Corporate
CUST-16187,Medan,Corporate
CUST-16188,Bandung,Corporate
CUST-16189,Semarang,Individual
CUST-16190,Palembang,nan
CUST-16191,Medan,Corporate
CUST-16192,Denpasar,Corporate
CUST-16193,Denpasar,Corporate
CUST-16194,Makassar,Individual
CUST-16195,Palembang,Corporate
CUST-16196,Yogyakarta,nan
CUST-16197,Bandung,Individual
CUST-16198,Semarang,Individual
CUST-16199,Makassar,Individual
CUST-16200,Palembang,Individual
CUST-16201,Balikpapan,Individual
CUST-16202,Surabaya,Individual
CUST-16203,Bandung,Corporate
CUST-16204,Balikpapan,Corporate
CUST-16205,Surabaya,Corporate
CUST-16206,Balikpapan,nan
CUST-16207,Balikpapan,Individual
CUST-16208,Semarang,nan
CUST-16209,Medan,nan
CUST-16210,Palembang,Corporate
CUST-16211,Semarang,Individual
CUST-16212,Surabaya,nan
CUST-16213,Palembang,Individual
CUST-16214,Jakarta,Individual
CUST-16215,Medan,Individual
CUST-16216,Jakarta,Individual
CUST-16217,Denpasar,Individual
CUST-16218,Jakarta,Corporate
CUST-16219,Balikpapan,Individual
CUST-16220,Jakarta,nan
CUST-16221,Makassar,Individual
CUST-16222,Semarang,Individual
CUST-16223,Jakarta,Individual
CUST-16224,Palembang,Individual
CUST-16225,Jakarta,Corporate
CUST-16226,Denpasar,nan
CUST-16227,Medan,Individual
CUST-16228,Yogyakarta,Individual
CUST-16229,Medan,Individual
CUST-16230,Semarang,Individual
CUST-16231,Bandung,Individual
CUST-16232,Medan,Corporate
CUST-16233,Semarang,Individual
CUST-16234,Denpasar,Individual
CUST-16235,Bandung,Individual
CUST-16236,Denpasar,Individual
CUST-16237,Denpasar,Corporate
CUST-16238,Palembang,Corporate
CUST-16239,Palembang,Individual
CUST-16240,Makassar,Individual
CUST-16241,Yogyakarta,Individual
CUST-16242,Balikpapan,Individual
CUST-16243,Makassar,Individual
CUST-16244,Semarang,Individual
CUST-16245,Medan,Individual
CUST-16246,Makassar,Individual
CUST-16247,Balikpapan,Individual
CUST-16248,Denpasar,Corporate
CUST-16249,Medan,Individual
CUST-16250,Semarang,Individual
CUST-16251,Denpasar,Corporate
CUST-16252,Medan,nan
CUST-16253,Balikpapan,Individual
CUST-16254,Makassar,Individual
CUST-16255,Surabaya,Corporate
CUST-16256,Medan,Individual
CUST-16257,Medan,Individual
CUST-16258,Balikpapan,Individual
CUST-16259,Semarang,nan
CUST-16260,Jakarta,nan
CUST-16261,Makassar,Individual
CUST-16262,Makassar,Individual
CUST-16263,Makassar,Individual
CUST-16264,Denpasar,nan
CUST-16265,Balikpapan,Individual
CUST-16266,Bandung,Corporate
CUST-16267,Bandung,Individual
CUST-16268,Jakarta,nan
CUST-16269,Palembang,Individual
CUST-16270,Balikpapan,Individual
CUST-16271,Palembang,nan
CUST-16272,Palembang,nan
CUST-16273,Medan,Individual
CUST-16274,Denpasar,Corporate
CUST-16275,Jakarta,Corporate
CUST-16276,Balikpapan,Individual
CUST-16277,Medan,Corporate
CUST-16278,Bandung,Individual
CUST-16279,Balikpapan,Individual
CUST-16280,Semarang,Individual
CUST-16281,Surabaya,Individual
CUST-16282,Surabaya,Individual
CUST-16283,Surabaya,Individual
CUST-16284,Balikpapan,Corporate
CUST-16285,Medan,Individual
CUST-16286,Palembang,Corporate
CUST-16287,Surabaya,Corporate
CUST-16288,Bandung,Individual
CUST-16289,Bandung,nan
CUST-16290,Palembang,nan
CUST-16291,Balikpapan,nan
CUST-16292,Palembang,Individual
CUST-16293,Yogyakarta,Corporate
CUST-16294,Jakarta,Individual
CUST-16295,Makassar,nan
CUST-16296,Palembang,Individual
CUST-16297,Yogyakarta,Individual
CUST-16298,Palembang,Individual
CUST-16299,Bandung,nan
CUST-16300,Balikpapan,nan
CUST-16301,Bandung,Individual
CUST-16302,Yogyakarta,Individual
CUST-16303,Palembang,nan
CUST-16304,Balikpapan,Individual
CUST-16305,Bandung,Corporate
CUST-16306,Balikpapan,Individual
CUST-16307,Bandung,Individual
CUST-16308,Medan,Individual
CUST-16309,Palembang,Individual
CUST-16310,Semarang,Individual
CUST-16311,Denpasar,Individual
CUST-16312,Jakarta,Corporate
CUST-16313,Makassar,Individual
CUST-16314,Balikpapan,Individual
CUST-16315,Palembang,Individual
CUST-16316,Makassar,nan
CUST-16317,Balikpapan,nan
CUST-16318,Semarang,Individual
CUST-16319,Medan,Individual
CUST-16320,Surabaya,Individual
CUST-16321,Denpasar,Individual
CUST-16322,Makassar,Corporate
CUST-16323,Medan,Individual
CUST-16324,Surabaya,Individual
CUST-16325,Semarang,Individual
CUST-16326,Makassar,Corporate
CUST-16327,Balikpapan,nan
CUST-16328,Yogyakarta,Individual
CUST-16329,Palembang,Individual
CUST-16330,Surabaya,Corporate
CUST-16331,Makassar,Corporate
CUST-16332,Denpasar,Individual
CUST-16333,Balikpapan,Individual
CUST-16334,Balikpapan,Individual
CUST-16335,Balikpapan,nan
CUST-16336,Surabaya,nan
CUST-16337,Medan,Individual
CUST-16338,Makassar,Corporate
CUST-16339,Denpasar,Corporate
CUST-16340,Surabaya,Individual
CUST-16341,Makassar,Corporate
CUST-16342,Yogyakarta,Corporate
CUST-16343,Palembang,nan
CUST-16344,Balikpapan,Individual
CUST-16345,Yogyakarta,Corporate
CUST-16346,Denpasar,Individual
CUST-16347,Denpasar,Individual
CUST-16348,Semarang,Individual
CUST-16349,Balikpapan,Individual
CUST-16350,Yogyakarta,Individual
CUST-16351,Balikpapan,Individual
CUST-16352,Jakarta,Individual
CUST-16353,Bandung,nan
CUST-16354,Medan,Corporate
CUST-16355,Jakarta,Corporate
CUST-16356,Jakarta,nan
CUST-16357,Bandung,Individual
CUST-16358,Surabaya,Individual
CUST-16359,Medan,nan
CUST-16360,Surabaya,Corporate
CUST-16361,Palembang,Individual
CUST-16362,Balikpapan,Individual
CUST-16363,Palembang,Corporate
CUST-16364,Jakarta,Individual
CUST-16365,Medan,nan
CUST-16366,Jakarta,Individual
CUST-16367,Balikpapan,Individual
CUST-16368,Medan,Individual
CUST-16369,Denpasar,Individual
CUST-16370,Palembang,Corporate
CUST-16371,Balikpapan,Individual
CUST-16372,Surabaya,Individual
CUST-16373,Bandung,nan
CUST-16374,Medan,Individual
CUST-16375,Makassar,Individual
CUST-16376,Surabaya,Individual
CUST-16377,Balikpapan,Individual
CUST-16378,Surabaya,Individual
CUST-16379,Palembang,Individual
CUST-16380,Balikpapan,Individual
CUST-16381,Makassar,nan
CUST-16382,Bandung,Individual
CUST-16383,Bandung,Individual
CUST-16384,Jakarta,Corporate
CUST-16385,Denpasar,Individual
CUST-16386,Balikpapan,nan
CUST-16387,Denpasar,Individual
CUST-16388,Semarang,Individual
CUST-16389,Bandung,Corporate
CUST-16390,Yogyakarta,Individual
CUST-16391,Yogyakarta,Individual
CUST-16392,Makassar,Individual
CUST-16393,Balikpapan,nan
CUST-16394,Denpasar,Individual
CUST-16395,Denpasar,Individual
CUST-16396,Denpasar,Individual
CUST-16397,Semarang,Individual
CUST-16398,Medan,Individual
CUST-16399,Makassar,nan
CUST-16400,Palembang,Individual
CUST-16401,Semarang,Corporate
CUST-16402,Yogyakarta,Individual
CUST-16403,Medan,Corporate
CUST-16404,Surabaya,nan
CUST-16405,Jakarta,nan
CUST-16406,Yogyakarta,nan
CUST-16407,Jakarta,Individual
CUST-16408,Denpasar,Corporate
CUST-16409,Makassar,Individual
CUST-16410,Palembang,Individual
CUST-16411,Jakarta,Individual
CUST-16412,Denpasar,nan
CUST-16413,Balikpapan,Individual
CUST-16414,Bandung,Individual
CUST-16415,Bandung,Corporate
CUST-16416,Surabaya,Individual
CUST-16417,Yogyakarta,Individual
CUST-16418,Medan,Corporate
CUST-16419,Jakarta,Corporate
CUST-16420,Bandung,nan
CUST-16421,Surabaya,Individual
CUST-16422,Yogyakarta,nan
CUST-16423,Semarang,Corporate
CUST-16424,Makassar,Individual
CUST-16425,Surabaya,Corporate
CUST-16426,Medan,Corporate
CUST-16427,Balikpapan,Corporate
CUST-16428,Medan,nan
CUST-16429,Bandung,Individual
CUST-16430,Bandung,Corporate
CUST-16431,Palembang,Individual
CUST-16432,Makassar,Individual
CUST-16433,Yogyakarta,Corporate
CUST-16434,Denpasar,Individual
CUST-16435,Semarang,Individual
CUST-16436,Makassar,Corporate
CUST-16437,Palembang,Individual
CUST-16438,Surabaya,Corporate
CUST-16439,Makassar,Corporate
CUST-16440,Makassar,Individual
CUST-16441,Bandung,Individual
CUST-16442,Makassar,Individual
CUST-16443,Yogyakarta,Individual
CUST-16444,Jakarta,Individual
CUST-16445,Balikpapan,Corporate
CUST-16446,Balikpapan,Individual
CUST-16447,Surabaya,Individual
CUST-16448,Bandung,Corporate
CUST-16449,Balikpapan,Individual
CUST-16450,Palembang,nan
CUST-16451,Denpasar,Individual
CUST-16452,Bandung,Individual
CUST-16453,Balikpapan,Corporate
CUST-16454,Medan,Individual
CUST-16455,Medan,Individual
CUST-16456,Semarang,Individual
CUST-16457,Denpasar,Individual
CUST-16458,Palembang,Individual
CUST-16459,Balikpapan,nan
CUST-16460,Palembang,Individual
CUST-16461,Jakarta,Individual
CUST-16462,Yogyakarta,Individual
CUST-16463,Palembang,nan
CUST-16464,Palembang,nan
CUST-16465,Jakarta,Corporate
CUST-16466,Bandung,Individual
CUST-16467,Semarang,Individual
CUST-16468,Yogyakarta,Corporate
CUST-16469,Semarang,Individual
CUST-16470,Palembang,Individual
CUST-16471,Yogyakarta,Individual
CUST-16472,Balikpapan,nan
CUST-16473,Bandung,Corporate
CUST-16474,Balikpapan,Individual
CUST-16475,Surabaya,Individual
CUST-16476,Makassar,Individual
CUST-16477,Makassar,Corporate
CUST-16478,Bandung,Individual
CUST-16479,Medan,Corporate
CUST-16480,Palembang,Individual
CUST-16481,Jakarta,Individual
CUST-16482,Yogyakarta,Corporate
CUST-16483,Balikpapan,nan
CUST-16484,Semarang,Individual
CUST-16485,Jakarta,Individual
CUST-16486,Jakarta,Individual
CUST-16487,Palembang,Corporate
CUST-16488,Jakarta,Individual
CUST-16489,Surabaya,Individual
CUST-16490,Balikpapan,Individual
CUST-16491,Palembang,Corporate
CUST-16492,Palembang,Individual
CUST-16493,Yogyakarta,Individual
CUST-16494,Denpasar,Individual
CUST-16495,Surabaya,Individual
CUST-16496,Makassar,Individual
CUST-16497,Denpasar,Individual
CUST-16498,Surabaya,Corporate
CUST-16499,Balikpapan,Individual
CUST-16500,Palembang,Individual
CUST-16501,Yogyakarta,Corporate
CUST-16502,Bandung,Individual
CUST-16503,Palembang,Individual
CUST-16504,Palembang,Corporate
CUST-16505,Surabaya,Corporate
CUST-16506,Bandung,Individual
CUST-16507,Denpasar,Individual
CUST-16508,Yogyakarta,Individual
CUST-16509,Palembang,Corporate
CUST-16510,Yogyakarta,Individual
CUST-16511,Palembang,Individual
CUST-16512,Yogyakarta,Corporate
CUST-16513,Palembang,Corporate
CUST-16514,Makassar,Corporate
CUST-16515,Bandung,Individual
CUST-16516,Bandung,Individual
CUST-16517,Palembang,Individual
CUST-16518,Semarang,Individual
CUST-16519,Denpasar,Corporate
CUST-16520,Surabaya,Corporate
CUST-16521,Surabaya,nan
CUST-16522,Balikpapan,Corporate
CUST-16523,Medan,Individual
CUST-16524,Jakarta,Individual
CUST-16525,Bandung,Individual
CUST-16526,Balikpapan,Individual
CUST-16527,Denpasar,Corporate
CUST-16528,Surabaya,Individual
CUST-16529,Medan,Corporate
CUST-16530,Jakarta,Individual
CUST-16531,Bandung,Individual
CUST-16532,Balikpapan,Individual
CUST-16533,Yogyakarta,Individual
CUST-16534,Medan,nan
CUST-16535,Medan,Individual
CUST-16536,Semarang,Individual
CUST-16537,Surabaya,Individual
CUST-16538,Balikpapan,Individual
CUST-16539,Denpasar,Individual
CUST-16540,Palembang,Individual
CUST-16541,Yogyakarta,Individual
CUST-16542,Palembang,Individual
CUST-16543,Jakarta,Individual
CUST-16544,Denpasar,Corporate
CUST-16545,Jakarta,nan
CUST-16546,Makassar,Individual
CUST-16547,Makassar,Corporate
CUST-16548,Balikpapan,Individual
CUST-16549,Makassar,Individual
CUST-16550,Palembang,Individual
CUST-16551,Balikpapan,Corporate
CUST-16552,Medan,Corporate
CUST-16553,Makassar,Individual
CUST-16554,Makassar,Corporate
CUST-16555,Medan,nan
CUST-16556,Surabaya,Individual
CUST-16557,Jakarta,Individual
CUST-16558,Surabaya,Individual
CUST-16559,Medan,Individual
CUST-16560,Denpasar,Individual
CUST-16561,Medan,Individual
CUST-16562,Denpasar,Individual
CUST-16563,Bandung,Corporate
CUST-16564,Palembang,Individual
CUST-16565,Balikpapan,Individual
CUST-16566,Bandung,Individual
CUST-16567,Bandung,Individual
CUST-16568,Denpasar,nan
CUST-16569,Surabaya,nan
CUST-16570,Makassar,Corporate
CUST-16571,Bandung,Individual
CUST-16572,Surabaya,Individual
CUST-16573,Bandung,Corporate
CUST-16574,Makassar,Individual
CUST-16575,Palembang,Corporate
CUST-16576,Surabaya,Individual
CUST-16577,Denpasar,Individual
CUST-16578,Yogyakarta,Individual
CUST-16579,Semarang,Individual
CUST-16580,Medan,nan
CUST-16581,Palembang,Individual
CUST-16582,Makassar,Corporate
CUST-16583,Surabaya,Individual
CUST-16584,Bandung,Corporate
CUST-16585,Makassar,Individual
CUST-16586,Makassar,Individual
CUST-16587,Palembang,Individual
CUST-16588,Makassar,Corporate
CUST-16589,Bandung,Individual
CUST-16590,Denpasar,Corporate
CUST-16591,Palembang,Corporate
CUST-16592,Medan,Individual
CUST-16593,Semarang,Individual
CUST-16594,Surabaya,Corporate
CUST-16595,Bandung,Individual
CUST-16596,Surabaya,Individual
CUST-16597,Semarang,Individual
CUST-16598,Bandung,Individual
CUST-16599,Palembang,Individual
CUST-16600,Semarang,Individual
CUST-16601,Denpasar,Corporate
CUST-16602,Medan,nan
CUST-16603,Yogyakarta,Corporate
CUST-16604,Denpasar,Individual
CUST-16605,Makassar,Individual
CUST-16606,Balikpapan,Corporate
CUST-16607,Yogyakarta,Corporate
CUST-16608,Palembang,Individual
CUST-16609,Balikpapan,Individual
CUST-16610,Yogyakarta,Individual
CUST-16611,Yogyakarta,Individual
CUST-16612,Semarang,nan
CUST-16613,Semarang,nan
CUST-16614,Bandung,Corporate
CUST-16615,Balikpapan,Individual
CUST-16616,Bandung,Corporate
CUST-16617,Makassar,Individual
CUST-16618,Palembang,Individual
CUST-16619,Denpasar,nan
CUST-16620,Bandung,Corporate
CUST-16621,Balikpapan,Individual
CUST-16622,Surabaya,Individual
CUST-16623,Medan,Individual
CUST-16624,Balikpapan,Individual
CUST-16625,Balikpapan,Individual
CUST-16626,Makassar,Corporate
CUST-16627,Bandung,Individual
CUST-16628,Semarang,Individual
CUST-16629,Makassar,Individual
CUST-16630,Balikpapan,nan
CUST-16631,Bandung,Individual
CUST-16632,Balikpapan,nan
CUST-16633,Palembang,nan
CUST-16634,Semarang,Corporate
CUST-16635,Yogyakarta,Individual
CUST-16636,Medan,Corporate
CUST-16637,Makassar,Individual
CUST-16638,Palembang,Corporate
CUST-16639,Surabaya,Individual
CUST-16640,Surabaya,Individual
CUST-16641,Denpasar,Corporate
CUST-16642,Balikpapan,Individual
CUST-16643,Medan,Corporate
CUST-16644,Denpasar,Corporate
CUST-16645,Medan,Individual
CUST-16646,Semarang,nan
CUST-16647,Makassar,Individual
CUST-16648,Surabaya,Corporate
CUST-16649,Balikpapan,Corporate
CUST-16650,Bandung,Individual
CUST-16651,Palembang,Individual
CUST-16652,Balikpapan,Individual
CUST-16653,Denpasar,Individual
CUST-16654,Yogyakarta,nan
CUST-16655,Jakarta,Individual
CUST-16656,Surabaya,Corporate
CUST-16657,Balikpapan,Corporate
CUST-16658,Bandung,nan
CUST-16659,Surabaya,Individual
CUST-16660,Semarang,Individual
CUST-16661,Balikpapan,Individual
CUST-16662,Semarang,Individual
CUST-16663,Semarang,Individual
CUST-16664,Medan,Individual
CUST-16665,Bandung,nan
CUST-16666,Palembang,Corporate
CUST-16667,Medan,Corporate
CUST-16668,Medan,Corporate
CUST-16669,Yogyakarta,Individual
CUST-16670,Medan,Individual
CUST-16671,Bandung,nan
CUST-16672,Denpasar,Individual
CUST-16673,Makassar,Individual
CUST-16674,Semarang,Corporate
CUST-16675,Balikpapan,Individual
CUST-16676,Denpasar,Individual
CUST-16677,Denpasar,Individual
CUST-16678,Bandung,Corporate
CUST-16679,Balikpapan,Individual
CUST-16680,Jakarta,Corporate
CUST-16681,Surabaya,Individual
CUST-16682,Denpasar,Individual
CUST-16683,Medan,Individual
CUST-16684,Makassar,Corporate
CUST-16685,Medan,Individual
CUST-16686,Balikpapan,Individual
CUST-16687,Semarang,Individual
CUST-16688,Jakarta,Individual
CUST-16689,Medan,Individual
CUST-16690,Jakarta,Individual
CUST-16691,Palembang,Individual
CUST-16692,Makassar,Individual
CUST-16693,Medan,Individual
CUST-16694,Yogyakarta,Corporate
CUST-16695,Semarang,Corporate
CUST-16696,Jakarta,Individual
CUST-16697,Balikpapan,nan
CUST-16698,Semarang,Corporate
CUST-16699,Jakarta,nan
CUST-16700,Denpasar,Individual
CUST-16701,Jakarta,Individual
CUST-16702,Denpasar,Individual
CUST-16703,Balikpapan,Individual
CUST-16704,Yogyakarta,Corporate
CUST-16705,Surabaya,Individual
CUST-16706,Makassar,Individual
CUST-16707,Yogyakarta,Individual
CUST-16708,Yogyakarta,Individual
CUST-16709,Denpasar,Individual
CUST-16710,Makassar,Individual
CUST-16711,Denpasar,Corporate
CUST-16712,Medan,Individual
CUST-16713,Balikpapan,Individual
CUST-16714,Semarang,Individual
CUST-16715,Denpasar,Individual
CUST-16716,Semarang,Individual
CUST-16717,Jakarta,Individual
CUST-16718,Makassar,Individual
CUST-16719,Palembang,Individual
CUST-16720,Makassar,Individual
CUST-16721,Semarang,Individual
CUST-16722,Makassar,nan
CUST-16723,Jakarta,nan
CUST-16724,Semarang,Individual
CUST-16725,Medan,nan
CUST-16726,Makassar,Individual
CUST-16727,Bandung,nan
CUST-16728,Denpasar,Individual
CUST-16729,Yogyakarta,Individual
CUST-16730,Palembang,Individual
CUST-16731,Jakarta,Corporate
CUST-16732,Semarang,Individual
CUST-16733,Medan,Corporate
CUST-16734,Surabaya,Individual
CUST-16735,Jakarta,Corporate
CUST-16736,Yogyakarta,Corporate
CUST-16737,Surabaya,Corporate
CUST-16738,Semarang,Corporate
CUST-16739,Balikpapan,Individual
CUST-16740,Makassar,Individual
CUST-16741,Surabaya,nan
CUST-16742,Denpasar,Individual
CUST-16743,Jakarta,Individual
CUST-16744,Surabaya,Individual
CUST-16745,Yogyakarta,Individual
CUST-16746,Semarang,nan
CUST-16747,Yogyakarta,Individual
CUST-16748,Balikpapan,Corporate
CUST-16749,Semarang,Corporate
CUST-16750,Balikpapan,Individual
CUST-16751,Semarang,Individual
CUST-16752,Denpasar,Individual
CUST-16753,Semarang,Individual
CUST-16754,Makassar,Individual
CUST-16755,Bandung,Individual
CUST-16756,Jakarta,Individual
CUST-16757,Jakarta,nan
CUST-16758,Denpasar,Corporate
CUST-16759,Makassar,Corporate
CUST-16760,Bandung,Individual
CUST-16761,Jakarta,Individual
CUST-16762,Bandung,Individual
CUST-16763,Jakarta,Individual
CUST-16764,Bandung,Individual
CUST-16765,Denpasar,Individual
CUST-16766,Surabaya,Individual
CUST-16767,Surabaya,Individual
CUST-16768,Makassar,Corporate
CUST-16769,Makassar,Individual
CUST-16770,Semarang,nan
CUST-16771,Palembang,Corporate
CUST-16772,Balikpapan,Individual
CUST-16773,Jakarta,Individual
CUST-16774,Medan,Individual
CUST-16775,Medan,Individual
CUST-16776,Denpasar,Individual
CUST-16777,Semarang,Corporate
CUST-16778,Jakarta,Corporate
CUST-16779,Balikpapan,Individual
CUST-16780,Balikpapan,Individual
CUST-16781,Bandung,Corporate
CUST-16782,Palembang,Individual
CUST-16783,Jakarta,nan
CUST-16784,Medan,Individual
CUST-16785,Medan,Individual
CUST-16786,Surabaya,Corporate
CUST-16787,Denpasar,nan
CUST-16788,Semarang,Corporate
CUST-16789,Jakarta,Individual
CUST-16790,Surabaya,Corporate
CUST-16791,Jakarta,nan
CUST-16792,Yogyakarta,Corporate
CUST-16793,Surabaya,Individual
CUST-16794,Balikpapan,Individual
CUST-16795,Balikpapan,nan
CUST-16796,Jakarta,Individual
CUST-16797,Palembang,Individual
CUST-16798,Bandung,Individual
CUST-16799,Bandung,Individual
CUST-16800,Palembang,Individual
CUST-16801,Palembang,Individual
CUST-16802,Yogyakarta,Individual
CUST-16803,Bandung,Corporate
CUST-16804,Yogyakarta,Individual
CUST-16805,Medan,Individual
CUST-16806,Jakarta,Corporate
CUST-16807,Surabaya,Individual
CUST-16808,Balikpapan,Individual
CUST-16809,Makassar,Individual
CUST-16810,Makassar,Individual
CUST-16811,Denpasar,nan
CUST-16812,Palembang,Corporate
CUST-16813,Balikpapan,Individual
CUST-16814,Jakarta,Individual
CUST-16815,Surabaya,Individual
CUST-16816,Semarang,Individual
CUST-16817,Surabaya,Individual
CUST-16818,Makassar,Individual
CUST-16819,Bandung,Corporate
CUST-16820,Medan,Individual
CUST-16821,Balikpapan,Corporate
CUST-16822,Denpasar,Individual
CUST-16823,Makassar,Corporate
CUST-16824,Semarang,Individual
CUST-16825,Jakarta,Corporate
CUST-16826,Yogyakarta,nan
CUST-16827,Palembang,Corporate
CUST-16828,Jakarta,Individual
CUST-16829,Yogyakarta,nan
CUST-16830,Makassar,Individual
CUST-16831,Yogyakarta,nan
CUST-16832,Medan,Individual
CUST-16833,Bandung,Individual
CUST-16834,Medan,Individual
CUST-16835,Bandung,Individual
CUST-16836,Medan,Corporate
CUST-16837,Denpasar,Corporate
CUST-16838,Balikpapan,Individual
CUST-16839,Jakarta,nan
CUST-16840,Balikpapan,Individual
CUST-16841,Yogyakarta,Corporate
CUST-16842,Medan,Individual
CUST-16843,Semarang,Individual
CUST-16844,Denpasar,Individual
CUST-16845,Yogyakarta,Corporate
CUST-16846,Bandung,nan
CUST-16847,Bandung,Individual
CUST-16848,Jakarta,Individual
CUST-16849,Medan,Individual
CUST-16850,Balikpapan,Individual
CUST-16851,Palembang,Individual
CUST-16852,Medan,nan
CUST-16853,Palembang,Individual
CUST-16854,Semarang,Individual
CUST-16855,Surabaya,Corporate
CUST-16856,Palembang,Corporate
CUST-16857,Bandung,Individual
CUST-16858,Makassar,Individual
CUST-16859,Makassar,Individual
CUST-16860,Surabaya,nan
CUST-16861,Bandung,Individual
CUST-16862,Denpasar,Individual
CUST-16863,Balikpapan,Individual
CUST-16864,Yogyakarta,Individual
CUST-16865,Palembang,Individual
CUST-16866,Denpasar,Individual
CUST-16867,Surabaya,Corporate
CUST-16868,Yogyakarta,Individual
CUST-16869,Yogyakarta,Corporate
CUST-16870,Palembang,Corporate
CUST-16871,Denpasar,Individual
CUST-16872,Denpasar,Individual
CUST-16873,Balikpapan,Individual
CUST-16874,Bandung,Individual
CUST-16875,Makassar,Individual
CUST-16876,Surabaya,Individual
CUST-16877,Jakarta,Individual
CUST-16878,Yogyakarta,Individual
CUST-16879,Denpasar,nan
CUST-16880,Denpasar,Individual
CUST-16881,Medan,Corporate
CUST-16882,Bandung,Individual
CUST-16883,Surabaya,Individual
CUST-16884,Yogyakarta,Individual
CUST-16885,Denpasar,Individual
CUST-16886,Makassar,Individual
CUST-16887,Palembang,Corporate
CUST-16888,Denpasar,Individual
CUST-16889,Makassar,Individual
CUST-16890,Palembang,Corporate
CUST-16891,Yogyakarta,Individual
CUST-16892,Denpasar,Corporate
CUST-16893,Bandung,nan
CUST-16894,Yogyakarta,nan
CUST-16895,Bandung,Individual
CUST-16896,Makassar,Corporate
CUST-16897,Surabaya,Individual
CUST-16898,Palembang,Corporate
CUST-16899,Balikpapan,nan
CUST-16900,Medan,Corporate
CUST-16901,Palembang,Corporate
CUST-16902,Yogyakarta,Individual
CUST-16903,Surabaya,Corporate
CUST-16904,Bandung,Individual
CUST-16905,Medan,nan
CUST-16906,Bandung,Individual
CUST-16907,Jakarta,Individual
CUST-16908,Jakarta,Corporate
CUST-16909,Denpasar,Individual
CUST-16910,Surabaya,Individual
CUST-16911,Makassar,Corporate
CUST-16912,Bandung,Individual
CUST-16913,Semarang,Individual
CUST-16914,Palembang,nan
CUST-16915,Yogyakarta,Individual
CUST-16916,Yogyakarta,Corporate
CUST-16917,Bandung,Corporate
CUST-16918,Bandung,nan
CUST-16919,Palembang,nan
CUST-16920,Yogyakarta,nan
CUST-16921,Medan,Individual
CUST-16922,Bandung,Corporate
CUST-16923,Palembang,Individual
CUST-16924,Palembang,Individual
CUST-16925,Jakarta,Individual
CUST-16926,Medan,Individual
CUST-16927,Balikpapan,Corporate
CUST-16928,Surabaya,nan
CUST-16929,Balikpapan,nan
CUST-16930,Makassar,nan
CUST-16931,Palembang,nan
CUST-16932,Denpasar,Corporate
CUST-16933,Semarang,Corporate
CUST-16934,Palembang,Corporate
CUST-16935,Surabaya,Individual
CUST-16936,Makassar,Individual
CUST-16937,Yogyakarta,Corporate
CUST-16938,Makassar,nan
CUST-16939,Yogyakarta,Individual
CUST-16940,Balikpapan,Corporate
CUST-16941,Bandung,Individual
CUST-16942,Makassar,nan
CUST-16943,Medan,Corporate
CUST-16944,Makassar,Individual
CUST-16945,Semarang,nan
CUST-16946,Medan,Individual
CUST-16947,Semarang,Individual
CUST-16948,Medan,Corporate
CUST-16949,Denpasar,Individual
CUST-16950,Makassar,Individual
CUST-16951,Surabaya,nan
CUST-16952,Palembang,nan
CUST-16953,Surabaya,Individual
CUST-16954,Yogyakarta,Individual
CUST-16955,Semarang,Individual
CUST-16956,Palembang,Individual
CUST-16957,Medan,Individual
CUST-16958,Medan,Individual
CUST-16959,Medan,Corporate
CUST-16960,Palembang,Individual
CUST-16961,Surabaya,Individual
CUST-16962,Balikpapan,Corporate
CUST-16963,Yogyakarta,nan
CUST-16964,Denpasar,Individual
CUST-16965,Yogyakarta,Individual
CUST-16966,Surabaya,Individual
CUST-16967,Yogyakarta,Individual
CUST-16968,Medan,Corporate
CUST-16969,Jakarta,Corporate
CUST-16970,Denpasar,Corporate
CUST-16971,Medan,Corporate
CUST-16972,Denpasar,nan
CUST-16973,Denpasar,Individual
CUST-16974,Semarang,Corporate
CUST-16975,Semarang,Individual
CUST-16976,Denpasar,Corporate
CUST-16977,Bandung,Individual
CUST-16978,Semarang,nan
CUST-16979,Balikpapan,Corporate
CUST-16980,Makassar,nan
CUST-16981,Medan,Corporate
CUST-16982,Palembang,Corporate
CUST-16983,Jakarta,Corporate
CUST-16984,Medan,Individual
CUST-16985,Surabaya,nan
CUST-16986,Balikpapan,Individual
CUST-16987,Balikpapan,Individual
CUST-16988,Medan,Individual
CUST-16989,Surabaya,Corporate
CUST-16990,Medan,Individual
CUST-16991,Surabaya,Corporate
CUST-16992,Medan,Individual
CUST-16993,Bandung,nan
CUST-16994,Surabaya,Corporate
CUST-16995,Palembang,Individual
CUST-16996,Makassar,Corporate
CUST-16997,Medan,Individual
CUST-16998,Bandung,Individual
CUST-16999,Jakarta,Individual
CUST-17000,Balikpapan,Corporate
CUST-17001,Semarang,Individual
CUST-17002,Palembang,Individual
CUST-17003,Palembang,Corporate
CUST-17004,Yogyakarta,nan
CUST-17005,Semarang,Individual
CUST-17006,Bandung,Individual
CUST-17007,Palembang,nan
CUST-17008,Palembang,Corporate
CUST-17009,Balikpapan,Individual
CUST-17010,Surabaya,Corporate
CUST-17011,Denpasar,nan
CUST-17012,Yogyakarta,Individual
CUST-17013,Surabaya,Corporate
CUST-17014,Semarang,Individual
CUST-17015,Jakarta,Individual
CUST-17016,Yogyakarta,Individual
CUST-17017,Jakarta,Individual
CUST-17018,Bandung,Individual
CUST-17019,Yogyakarta,Corporate
CUST-17020,Denpasar,nan
CUST-17021,Yogyakarta,Individual
CUST-17022,Denpasar,nan
CUST-17023,Semarang,Corporate
CUST-17024,Jakarta,Individual
CUST-17025,Medan,Individual
CUST-17026,Denpasar,Individual
CUST-17027,Palembang,Individual
CUST-17028,Surabaya,Individual
CUST-17029,Semarang,Corporate
CUST-17030,Jakarta,Corporate
CUST-17031,Surabaya,Individual
CUST-17032,Surabaya,nan
CUST-17033,Medan,Individual
CUST-17034,Palembang,Individual
CUST-17035,Medan,Individual
CUST-17036,Palembang,Corporate
CUST-17037,Makassar,Individual
CUST-17038,Balikpapan,Corporate
CUST-17039,Jakarta,Individual
CUST-17040,Surabaya,Corporate
CUST-17041,Denpasar,Individual
CUST-17042,Balikpapan,Individual
CUST-17043,Makassar,nan
CUST-17044,Makassar,nan
CUST-17045,Surabaya,Individual
CUST-17046,Jakarta,nan
CUST-17047,Denpasar,Corporate
CUST-17048,Balikpapan,Individual
CUST-17049,Makassar,Individual
CUST-17050,Jakarta,Individual
CUST-17051,Denpasar,Individual
CUST-17052,Denpasar,Individual
CUST-17053,Surabaya,Individual
CUST-17054,Medan,Individual
CUST-17055,Medan,Individual
CUST-17056,Balikpapan,Individual
CUST-17057,Medan,Individual
CUST-17058,Makassar,Corporate
CUST-17059,Yogyakarta,Corporate
CUST-17060,Surabaya,Individual
CUST-17061,Surabaya,nan
CUST-17062,Semarang,Individual
CUST-17063,Bandung,Individual
CUST-17064,Balikpapan,Corporate
CUST-17065,Palembang,Corporate
CUST-17066,Makassar,nan
CUST-17067,Jakarta,nan
CUST-17068,Denpasar,Individual
CUST-17069,Denpasar,Individual
CUST-17070,Makassar,Individual
CUST-17071,Balikpapan,Corporate
CUST-17072,Bandung,Individual
CUST-17073,Palembang,Corporate
CUST-17074,Jakarta,Individual
CUST-17075,Balikpapan,Individual
CUST-17076,Jakarta,Individual
CUST-17077,Palembang,nan
CUST-17078,Surabaya,Individual
CUST-17079,Balikpapan,Individual
CUST-17080,Bandung,Corporate
CUST-17081,Makassar,Individual
CUST-17082,Palembang,nan
CUST-17083,Medan,Corporate
CUST-17084,Bandung,Individual
CUST-17085,Semarang,Corporate
CUST-17086,Bandung,Individual
CUST-17087,Makassar,Corporate
CUST-17088,Bandung,Corporate
CUST-17089,Denpasar,Individual
CUST-17090,Medan,nan
CUST-17091,Makassar,Individual
CUST-17092,Balikpapan,Individual
CUST-17093,Medan,Individual
CUST-17094,Makassar,Individual
CUST-17095,Makassar,nan
CUST-17096,Denpasar,Corporate
CUST-17097,Palembang,Corporate
CUST-17098,Palembang,Individual
CUST-17099,Bandung,Individual
CUST-17100,Yogyakarta,Individual
CUST-17101,Denpasar,Individual
CUST-17102,Bandung,Individual
CUST-17103,Yogyakarta,Individual
CUST-17104,Makassar,Corporate
CUST-17105,Surabaya,Individual
CUST-17106,Denpasar,Individual
CUST-17107,Semarang,Individual
CUST-17108,Medan,Individual
CUST-17109,Palembang,Corporate
CUST-17110,Yogyakarta,nan
CUST-17111,Bandung,Individual
CUST-17112,Jakarta,Individual
CUST-17113,Surabaya,nan
CUST-17114,Surabaya,Individual
CUST-17115,Palembang,Individual
CUST-17116,Bandung,Individual
CUST-17117,Denpasar,Individual
CUST-17118,Denpasar,nan
CUST-17119,Bandung,Corporate
CUST-17120,Semarang,nan
CUST-17121,Jakarta,nan
CUST-17122,Semarang,Individual
CUST-17123,Balikpapan,Individual
CUST-17124,Surabaya,Corporate
CUST-17125,Surabaya,Individual
CUST-17126,Semarang,Individual
CUST-17127,Jakarta,Corporate
CUST-17128,Palembang,Individual
CUST-17129,Semarang,Individual
CUST-17130,Jakarta,Individual
CUST-17131,Semarang,Individual
CUST-17132,Yogyakarta,Individual
CUST-17133,Bandung,Corporate
CUST-17134,Jakarta,Corporate
CUST-17135,Medan,Individual
CUST-17136,Semarang,Individual
CUST-17137,Denpasar,Individual
CUST-17138,Jakarta,Individual
CUST-17139,Bandung,nan
CUST-17140,Makassar,Individual
CUST-17141,Jakarta,nan
CUST-17142,Yogyakarta,Corporate
CUST-17143,Palembang,Individual
CUST-17144,Balikpapan,Individual
CUST-17145,Jakarta,nan
CUST-17146,Medan,Individual
CUST-17147,Medan,Individual
CUST-17148,Makassar,Individual
CUST-17149,Medan,Individual
CUST-17150,Bandung,Individual
CUST-17151,Makassar,Individual
CUST-17152,Surabaya,Corporate
CUST-17153,Denpasar,Individual
CUST-17154,Balikpapan,Corporate
CUST-17155,Makassar,Individual
CUST-17156,Medan,Individual
CUST-17157,Palembang,Individual
CUST-17158,Denpasar,Individual
CUST-17159,Makassar,nan
CUST-17160,Surabaya,Corporate
CUST-17161,Makassar,nan
CUST-17162,Jakarta,Individual
CUST-17163,Palembang,Individual
CUST-17164,Surabaya,Individual
CUST-17165,Makassar,Individual
CUST-17166,Yogyakarta,Individual
CUST-17167,Palembang,Corporate
CUST-17168,Surabaya,Individual
CUST-17169,Medan,Individual
CUST-17170,Balikpapan,nan
CUST-17171,Semarang,Individual
CUST-17172,Palembang,Corporate
CUST-17173,Surabaya,Individual
CUST-17174,Medan,Individual
CUST-17175,Palembang,nan
CUST-17176,Jakarta,Corporate
CUST-17177,Palembang,Corporate
CUST-17178,Yogyakarta,Individual
CUST-17179,Palembang,Corporate
CUST-17180,Semarang,Individual
CUST-17181,Denpasar,Individual
CUST-17182,Semarang,Individual
CUST-17183,Surabaya,nan
CUST-17184,Yogyakarta,nan
CUST-17185,Denpasar,nan
CUST-17186,Semarang,Corporate
CUST-17187,Bandung,Individual
CUST-17188,Semarang,Individual
CUST-17189,Medan,Individual
CUST-17190,Semarang,Individual
CUST-17191,Yogyakarta,Individual
CUST-17192,Semarang,Individual
CUST-17193,Palembang,Individual
CUST-17194,Yogyakarta,Corporate
CUST-17195,Semarang,Individual
CUST-17196,Jakarta,nan
CUST-17197,Denpasar,Corporate
CUST-17198,Jakarta,Individual
CUST-17199,Palembang,Individual
CUST-17200,Bandung,Individual
CUST-17201,Balikpapan,nan
CUST-17202,Denpasar,nan
CUST-17203,Medan,Individual
CUST-17204,Yogyakarta,Individual
CUST-17205,Bandung,Individual
CUST-17206,Yogyakarta,Corporate
CUST-17207,Denpasar,Individual
CUST-17208,Semarang,Corporate
CUST-17209,Semarang,nan
CUST-17210,Surabaya,Individual
CUST-17211,Bandung,Individual
CUST-17212,Surabaya,Individual
CUST-17213,Surabaya,Individual
CUST-17214,Bandung,Individual
CUST-17215,Yogyakarta,Individual
CUST-17216,Medan,Individual
CUST-17217,Palembang,Individual
CUST-17218,Palembang,nan
CUST-17219,Balikpapan,nan
CUST-17220,Yogyakarta,Individual
CUST-17221,Makassar,nan
CUST-17222,Makassar,nan
CUST-17223,Balikpapan,Corporate
CUST-17224,Bandung,Individual
CUST-17225,Balikpapan,Individual
CUST-17226,Jakarta,Individual
CUST-17227,Denpasar,Individual
CUST-17228,Jakarta,nan
CUST-17229,Yogyakarta,Corporate
CUST-17230,Medan,Individual
CUST-17231,Yogyakarta,nan
CUST-17232,Balikpapan,Corporate
CUST-17233,Balikpapan,Individual
CUST-17234,Jakarta,Individual
CUST-17235,Jakarta,Corporate
CUST-17236,Bandung,Individual
CUST-17237,Balikpapan,Individual
CUST-17238,Makassar,Individual
CUST-17239,Surabaya,Corporate
CUST-17240,Balikpapan,Individual
CUST-17241,Semarang,nan
CUST-17242,Denpasar,Individual
CUST-17243,Bandung,nan
CUST-17244,Yogyakarta,Individual
CUST-17245,Palembang,nan
CUST-17246,Palembang,nan
CUST-17247,Bandung,Corporate
CUST-17248,Surabaya,Individual
CUST-17249,Surabaya,Individual
CUST-17250,Makassar,nan
CUST-17251,Semarang,Individual
CUST-17252,Yogyakarta,Individual
CUST-17253,Surabaya,Individual
CUST-17254,Surabaya,Individual
CUST-17255,Denpasar,nan
CUST-17256,Medan,nan
CUST-17257,Makassar,Corporate
CUST-17258,Palembang,Corporate
CUST-17259,Makassar,Individual
CUST-17260,Yogyakarta,Individual
CUST-17261,Jakarta,Corporate
CUST-17262,Semarang,Individual
CUST-17263,Jakarta,Individual
CUST-17264,Balikpapan,nan
CUST-17265,Medan,nan
CUST-17266,Jakarta,Individual
CUST-17267,Makassar,Individual
CUST-17268,Palembang,Individual
CUST-17269,Medan,Individual
CUST-17270,Surabaya,nan
CUST-17271,Palembang,Individual
CUST-17272,Medan,nan
CUST-17273,Balikpapan,Individual
CUST-17274,Palembang,Individual
CUST-17275,Yogyakarta,Individual
CUST-17276,Bandung,nan
CUST-17277,Denpasar,Individual
CUST-17278,Medan,Individual
CUST-17279,Jakarta,Individual
CUST-17280,Bandung,Individual
CUST-17281,Denpasar,Individual
CUST-17282,Jakarta,Individual
CUST-17283,Jakarta,Corporate
CUST-17284,Denpasar,Individual
CUST-17285,Denpasar,Individual
CUST-17286,Medan,Corporate
CUST-17287,Jakarta,Individual
CUST-17288,Jakarta,Individual
CUST-17289,Semarang,Corporate
CUST-17290,Denpasar,Individual
CUST-17291,Bandung,Individual
CUST-17292,Surabaya,Corporate
CUST-17293,Palembang,Corporate
CUST-17294,Semarang,Corporate
CUST-17295,Palembang,Individual
CUST-17296,Semarang,Individual
CUST-17297,Bandung,Individual
CUST-17298,Denpasar,Corporate
CUST-17299,Jakarta,Individual
CUST-17300,Balikpapan,Corporate
CUST-17301,Palembang,Individual
CUST-17302,Balikpapan,Individual
CUST-17303,Denpasar,Individual
CUST-17304,Makassar,Corporate
CUST-17305,Semarang,nan
CUST-17306,Semarang,Corporate
CUST-17307,Jakarta,Corporate
CUST-17308,Surabaya,Individual
CUST-17309,Semarang,Corporate
CUST-17310,Bandung,Individual
CUST-17311,Semarang,Corporate
CUST-17312,Semarang,Individual
CUST-17313,Balikpapan,Individual
CUST-17314,Jakarta,nan
CUST-17315,Yogyakarta,Corporate
CUST-17316,Denpasar,Individual
CUST-17317,Yogyakarta,Individual
CUST-17318,Bandung,Corporate
CUST-17319,Medan,Individual
CUST-17320,Medan,Individual
CUST-17321,Semarang,Individual
CUST-17322,Bandung,Individual
CUST-17323,Jakarta,Individual
CUST-17324,Semarang,Individual
CUST-17325,Bandung,Corporate
CUST-17326,Yogyakarta,Individual
CUST-17327,Yogyakarta,Individual
CUST-17328,Makassar,Individual
CUST-17329,Makassar,Individual
CUST-17330,Bandung,Individual
CUST-17331,Yogyakarta,Individual
CUST-17332,Bandung,Individual
CUST-17333,Balikpapan,Individual
CUST-17334,Denpasar,Individual
CUST-17335,Makassar,nan
CUST-17336,Palembang,nan
CUST-17337,Bandung,Individual
CUST-17338,Medan,Individual
CUST-17339,Medan,Individual
CUST-17340,Medan,Individual
CUST-17341,Semarang,nan
CUST-17342,Yogyakarta,Individual
CUST-17343,Jakarta,Corporate
CUST-17344,Yogyakarta,nan
CUST-17345,Yogyakarta,Individual
CUST-17346,Palembang,nan
CUST-17347,Balikpapan,Individual
CUST-17348,Semarang,Corporate
CUST-17349,Denpasar,Individual
CUST-17350,Bandung,Individual
CUST-17351,Yogyakarta,Individual
CUST-17352,Jakarta,Individual
CUST-17353,Medan,Corporate
CUST-17354,Makassar,Corporate
CUST-17355,Jakarta,Individual
CUST-17356,Surabaya,nan
CUST-17357,Jakarta,Corporate
CUST-17358,Yogyakarta,Individual
CUST-17359,Surabaya,Individual
CUST-17360,Balikpapan,Corporate
CUST-17361,Medan,Individual
CUST-17362,Makassar,Individual
CUST-17363,Medan,Individual
CUST-17364,Palembang,nan
CUST-17365,Balikpapan,nan
CUST-17366,Denpasar,Individual
CUST-17367,Jakarta,Individual
CUST-17368,Medan,Individual
CUST-17369,Palembang,Individual
CUST-17370,Balikpapan,nan
CUST-17371,Bandung,Individual
CUST-17372,Jakarta,Corporate
CUST-17373,Jakarta,Individual
CUST-17374,Jakarta,Individual
CUST-17375,Makassar,nan
CUST-17376,Denpasar,Individual
CUST-17377,Medan,Corporate
CUST-17378,Medan,Corporate
CUST-17379,Semarang,Individual
CUST-17380,Makassar,nan
CUST-17381,Semarang,Corporate
CUST-17382,Medan,Corporate
CUST-17383,Denpasar,Corporate
CUST-17384,Denpasar,Individual
CUST-17385,Makassar,Corporate
CUST-17386,Palembang,nan
CUST-17387,Makassar,Corporate
CUST-17388,Bandung,nan
CUST-17389,Bandung,nan
CUST-17390,Denpasar,Individual
CUST-17391,Makassar,Individual
CUST-17392,Jakarta,Corporate
CUST-17393,Semarang,Individual
CUST-17394,Balikpapan,Individual
CUST-17395,Surabaya,Corporate
CUST-17396,Semarang,Individual
CUST-17397,Yogyakarta,nan
CUST-17398,Surabaya,Individual
CUST-17399,Balikpapan,Corporate
CUST-17400,Denpasar,Individual
CUST-17401,Balikpapan,Corporate
CUST-17402,Palembang,Individual
CUST-17403,Denpasar,Corporate
CUST-17404,Surabaya,Individual
CUST-17405,Semarang,Individual
CUST-17406,Semarang,Individual
CUST-17407,Palembang,Corporate
CUST-17408,Bandung,nan
CUST-17409,Surabaya,Individual
CUST-17410,Denpasar,Individual
CUST-17411,Surabaya,Corporate
CUST-17412,Makassar,Individual
CUST-17413,Yogyakarta,nan
CUST-17414,Jakarta,Individual
CUST-17415,Semarang,Individual
CUST-17416,Makassar,Corporate
CUST-17417,Surabaya,Individual
CUST-17418,Yogyakarta,Corporate
CUST-17419,Semarang,Individual
CUST-17420,Denpasar,Individual
CUST-17421,Jakarta,Individual
CUST-17422,Balikpapan,Individual
CUST-17423,Palembang,Corporate
CUST-17424,Surabaya,Individual
CUST-17425,Surabaya,nan
CUST-17426,Palembang,Corporate
CUST-17427,Bandung,Individual
CUST-17428,Bandung,Individual
CUST-17429,Yogyakarta,Individual
CUST-17430,Palembang,Corporate
CUST-17431,Surabaya,Individual
CUST-17432,Medan,Individual
CUST-17433,Surabaya,Corporate
CUST-17434,Makassar,Individual
CUST-17435,Makassar,Corporate
CUST-17436,Makassar,nan
CUST-17437,Semarang,Individual
CUST-17438,Makassar,Individual
CUST-17439,Bandung,nan
CUST-17440,Surabaya,Individual
CUST-17441,Denpasar,Individual
CUST-17442,Yogyakarta,nan
CUST-17443,Jakarta,Corporate
CUST-17444,Surabaya,Corporate
CUST-17445,Palembang,Individual
CUST-17446,Bandung,Corporate
CUST-17447,Palembang,Individual
CUST-17448,Bandung,Individual
CUST-17449,Medan,Individual
CUST-17450,Jakarta,nan
CUST-17451,Medan,Individual
CUST-17452,Denpasar,Corporate
CUST-17453,Yogyakarta,Corporate
CUST-17454,Bandung,Individual
CUST-17455,Yogyakarta,Individual
CUST-17456,Bandung,Individual
CUST-17457,Jakarta,Individual
CUST-17458,Palembang,Individual
CUST-17459,Palembang,Individual
CUST-17460,Denpasar,nan
CUST-17461,Palembang,Individual
CUST-17462,Bandung,Individual
CUST-17463,Medan,Corporate
CUST-17464,Balikpapan,Individual
CUST-17465,Balikpapan,Individual
CUST-17466,Semarang,Corporate
CUST-17467,Jakarta,Individual
CUST-17468,Surabaya,nan
CUST-17469,Medan,Individual
CUST-17470,Jakarta,Corporate
CUST-17471,Denpasar,Corporate
CUST-17472,Medan,nan
CUST-17473,Medan,Individual
CUST-17474,Bandung,Individual
CUST-17475,Jakarta,nan
CUST-17476,Surabaya,Corporate
CUST-17477,Palembang,Corporate
CUST-17478,Palembang,nan
CUST-17479,Palembang,Individual
CUST-17480,Balikpapan,Individual
CUST-17481,Semarang,Individual
CUST-17482,Surabaya,Individual
CUST-17483,Surabaya,Individual
CUST-17484,Palembang,Individual
CUST-17485,Medan,Individual
CUST-17486,Surabaya,Individual
CUST-17487,Semarang,Corporate
CUST-17488,Yogyakarta,Corporate
CUST-17489,Makassar,Corporate
CUST-17490,Palembang,Individual
CUST-17491,Makassar,Individual
CUST-17492,Yogyakarta,Individual
CUST-17493,Bandung,nan
CUST-17494,Semarang,Individual
CUST-17495,Jakarta,Individual
CUST-17496,Yogyakarta,nan
CUST-17497,Denpasar,Individual
CUST-17498,Surabaya,nan
CUST-17499,Jakarta,nan
CUST-17500,Palembang,Corporate
CUST-17501,Surabaya,Corporate
CUST-17502,Surabaya,Individual
CUST-17503,Yogyakarta,Individual
CUST-17504,Jakarta,Individual
CUST-17505,Yogyakarta,Individual
CUST-17506,Jakarta,Individual
CUST-17507,Bandung,Corporate
CUST-17508,Palembang,Individual
CUST-17509,Balikpapan,Corporate
CUST-17510,Makassar,Corporate
CUST-17511,Surabaya,Corporate
CUST-17512,Surabaya,Corporate
CUST-17513,Medan,Individual
CUST-17514,Balikpapan,Individual
CUST-17515,Bandung,Individual
CUST-17516,Makassar,Individual
CUST-17517,Makassar,Individual
CUST-17518,Palembang,Individual
CUST-17519,Denpasar,nan
CUST-17520,Denpasar,nan
CUST-17521,Surabaya,Individual
CUST-17522,Palembang,Individual
CUST-17523,Yogyakarta,nan
CUST-17524,Semarang,Corporate
CUST-17525,Denpasar,Individual
CUST-17526,Yogyakarta,Individual
CUST-17527,Palembang,nan
CUST-17528,Bandung,Corporate
CUST-17529,Jakarta,nan
CUST-17530,Makassar,Corporate
CUST-17531,Bandung,Corporate
CUST-17532,Palembang,nan
CUST-17533,Surabaya,Individual
CUST-17534,Semarang,Corporate
CUST-17535,Bandung,Individual
CUST-17536,Bandung,Individual
CUST-17537,Makassar,Individual
CUST-17538,Yogyakarta,Individual
CUST-17539,Surabaya,Individual
CUST-17540,Yogyakarta,Individual
CUST-17541,Bandung,Individual
CUST-17542,Semarang,Individual
CUST-17543,Surabaya,Individual
CUST-17544,Jakarta,Individual
CUST-17545,Denpasar,Individual
CUST-17546,Balikpapan,Individual
CUST-17547,Yogyakarta,Individual
CUST-17548,Denpasar,Individual
CUST-17549,Bandung,Individual
CUST-17550,Surabaya,Individual
CUST-17551,Makassar,Individual
CUST-17552,Semarang,Individual
CUST-17553,Semarang,Individual
CUST-17554,Bandung,nan
CUST-17555,Bandung,Individual
CUST-17556,Bandung,Corporate
CUST-17557,Denpasar,Individual
CUST-17558,Balikpapan,Individual
CUST-17559,Denpasar,Corporate
CUST-17560,Makassar,Individual
CUST-17561,Yogyakarta,nan
CUST-17562,Makassar,nan
CUST-17563,Yogyakarta,Individual
CUST-17564,Bandung,Corporate
CUST-17565,Denpasar,Individual
CUST-17566,Surabaya,nan
CUST-17567,Palembang,Individual
CUST-17568,Jakarta,Individual
CUST-17569,Balikpapan,Individual
CUST-17570,Balikpapan,Individual
CUST-17571,Denpasar,Individual
CUST-17572,Palembang,Individual
CUST-17573,Denpasar,nan
CUST-17574,Surabaya,nan
CUST-17575,Bandung,Individual
CUST-17576,Makassar,Individual
CUST-17577,Palembang,Individual
CUST-17578,Jakarta,Individual
CUST-17579,Jakarta,Individual
CUST-17580,Yogyakarta,nan
CUST-17581,Jakarta,Individual
CUST-17582,Makassar,Individual
CUST-17583,Makassar,Corporate
CUST-17584,Surabaya,Individual
CUST-17585,Jakarta,Corporate
CUST-17586,Jakarta,Individual
CUST-17587,Balikpapan,Individual
CUST-17588,Bandung,Corporate
CUST-17589,Palembang,Corporate
CUST-17590,Yogyakarta,Individual
CUST-17591,Semarang,Individual
CUST-17592,Balikpapan,nan
CUST-17593,Balikpapan,Individual
CUST-17594,Yogyakarta,Corporate
CUST-17595,Balikpapan,nan
CUST-17596,Yogyakarta,Individual
CUST-17597,Palembang,Corporate
CUST-17598,Palembang,Individual
CUST-17599,Medan,Corporate
CUST-17600,Denpasar,Individual
CUST-17601,Balikpapan,Corporate
CUST-17602,Balikpapan,Corporate
CUST-17603,Semarang,Corporate
CUST-17604,Balikpapan,Individual
CUST-17605,Makassar,Individual
CUST-17606,Jakarta,Corporate
CUST-17607,Jakarta,Individual
CUST-17608,Denpasar,Individual
CUST-17609,Balikpapan,nan
CUST-17610,Denpasar,Individual
CUST-17611,Balikpapan,Individual
CUST-17612,Jakarta,Individual
CUST-17613,Surabaya,Individual
CUST-17614,Balikpapan,Corporate
CUST-17615,Medan,Individual
CUST-17616,Palembang,Individual
CUST-17617,Semarang,Individual
CUST-17618,Palembang,Individual
CUST-17619,Makassar,Individual
CUST-17620,Palembang,nan
CUST-17621,Jakarta,Corporate
CUST-17622,Balikpapan,nan
CUST-17623,Yogyakarta,Individual
CUST-17624,Yogyakarta,Individual
CUST-17625,Makassar,Individual
CUST-17626,Medan,Individual
CUST-17627,Medan,Individual
CUST-17628,Palembang,Individual
CUST-17629,Bandung,Individual
CUST-17630,Balikpapan,Corporate
CUST-17631,Medan,Individual
CUST-17632,Yogyakarta,Individual
CUST-17633,Bandung,Corporate
CUST-17634,Semarang,Individual
CUST-17635,Surabaya,Individual
CUST-17636,Makassar,Individual
CUST-17637,Yogyakarta,Individual
CUST-17638,Makassar,Individual
CUST-17639,Jakarta,Individual
CUST-17640,Yogyakarta,Individual
CUST-17641,Medan,Individual
CUST-17642,Yogyakarta,Individual
CUST-17643,Semarang,nan
CUST-17644,Balikpapan,Individual
CUST-17645,Semarang,Individual
CUST-17646,Jakarta,Corporate
CUST-17647,Bandung,Individual
CUST-17648,Jakarta,Individual
CUST-17649,Jakarta,Corporate
CUST-17650,Semarang,Corporate
CUST-17651,Semarang,nan
CUST-17652,Yogyakarta,Individual
CUST-17653,Makassar,Individual
CUST-17654,Palembang,Corporate
CUST-17655,Yogyakarta,Individual
CUST-17656,Jakarta,Individual
CUST-17657,Surabaya,Individual
CUST-17658,Palembang,Individual
CUST-17659,Balikpapan,Individual
CUST-17660,Denpasar,nan
CUST-17661,Surabaya,Corporate
CUST-17662,Semarang,Individual
CUST-17663,Denpasar,Individual
CUST-17664,Palembang,nan
CUST-17665,Surabaya,Individual
CUST-17666,Yogyakarta,nan
CUST-17667,Palembang,Individual
CUST-17668,Makassar,nan
CUST-17669,Medan,Corporate
CUST-17670,Palembang,Individual
CUST-17671,Denpasar,Individual
CUST-17672,Makassar,Individual
CUST-17673,Medan,Corporate
CUST-17674,Palembang,Individual
CUST-17675,Semarang,Corporate
CUST-17676,Surabaya,Individual
CUST-17677,Semarang,Corporate
CUST-17678,Balikpapan,Corporate
CUST-17679,Medan,Corporate
CUST-17680,Bandung,Individual
CUST-17681,Semarang,Individual
CUST-17682,Surabaya,Individual
CUST-17683,Surabaya,Individual
CUST-17684,Surabaya,Corporate
CUST-17685,Jakarta,Individual
CUST-17686,Balikpapan,Individual
CUST-17687,Semarang,Individual
CUST-17688,Jakarta,Individual
CUST-17689,Surabaya,Individual
CUST-17690,Medan,Individual
CUST-17691,Jakarta,nan
CUST-17692,Medan,Individual
CUST-17693,Palembang,Individual
CUST-17694,Bandung,nan
CUST-17695,Jakarta,Individual
CUST-17696,Yogyakarta,Individual
CUST-17697,Yogyakarta,Corporate
CUST-17698,Jakarta,nan
CUST-17699,Palembang,Individual
CUST-17700,Jakarta,nan
CUST-17701,Surabaya,Corporate
CUST-17702,Jakarta,nan
CUST-17703,Denpasar,Individual
CUST-17704,Semarang,nan
CUST-17705,Palembang,Individual
CUST-17706,Palembang,Corporate
CUST-17707,Balikpapan,nan
CUST-17708,Bandung,Corporate
CUST-17709,Balikpapan,Individual
CUST-17710,Balikpapan,Individual
CUST-17711,Denpasar,Corporate
CUST-17712,Bandung,Individual
CUST-17713,Jakarta,Individual
CUST-17714,Yogyakarta,nan
CUST-17715,Medan,Corporate
CUST-17716,Makassar,Individual
CUST-17717,Makassar,Corporate
CUST-17718,Balikpapan,Individual
CUST-17719,Palembang,nan
CUST-17720,Palembang,nan
CUST-17721,Semarang,Individual
CUST-17722,Surabaya,Individual
CUST-17723,Palembang,Individual
CUST-17724,Surabaya,Individual
CUST-17725,Medan,nan
CUST-17726,Jakarta,Individual
CUST-17727,Yogyakarta,nan
CUST-17728,Makassar,Individual
CUST-17729,Jakarta,nan
CUST-17730,Yogyakarta,Individual
CUST-17731,Balikpapan,Individual
CUST-17732,Jakarta,Individual
CUST-17733,Yogyakarta,Individual
CUST-17734,Semarang,Individual
CUST-17735,Semarang,Individual
CUST-17736,Medan,Individual
CUST-17737,Medan,Corporate
CUST-17738,Yogyakarta,Individual
CUST-17739,Yogyakarta,nan
CUST-17740,Palembang,Corporate
CUST-17741,Bandung,Individual
CUST-17742,Denpasar,nan
CUST-17743,Denpasar,Corporate
CUST-17744,Medan,Corporate
CUST-17745,Palembang,Individual
CUST-17746,Semarang,Individual
CUST-17747,Palembang,Individual
CUST-17748,Bandung,Individual
CUST-17749,Surabaya,Individual
CUST-17750,Medan,Individual
CUST-17751,Palembang,nan
CUST-17752,Yogyakarta,Individual
CUST-17753,Palembang,Individual
CUST-17754,Denpasar,nan
CUST-17755,Semarang,Individual
CUST-17756,Denpasar,Individual
CUST-17757,Makassar,Corporate
CUST-17758,Surabaya,Individual
CUST-17759,Makassar,Individual
CUST-17760,Yogyakarta,Individual
CUST-17761,Semarang,Corporate
CUST-17762,Palembang,Individual
CUST-17763,Surabaya,Individual
CUST-17764,Palembang,Individual
CUST-17765,Balikpapan,nan
CUST-17766,Bandung,Individual
CUST-17767,Semarang,Individual
CUST-17768,Bandung,Individual
CUST-17769,Makassar,nan
CUST-17770,Makassar,nan
CUST-17771,Balikpapan,Individual
CUST-17772,Medan,Individual
CUST-17773,Balikpapan,Corporate
CUST-17774,Semarang,Individual
CUST-17775,Bandung,nan
CUST-17776,Jakarta,Individual
CUST-17777,Palembang,Corporate
CUST-17778,Makassar,Corporate
CUST-17779,Bandung,Corporate
CUST-17780,Jakarta,Individual
CUST-17781,Surabaya,Individual
CUST-17782,Yogyakarta,nan
CUST-17783,Yogyakarta,Individual
CUST-17784,Surabaya,Corporate
CUST-17785,Palembang,Individual
CUST-17786,Semarang,Individual
CUST-17787,Surabaya,Individual
CUST-17788,Bandung,nan
CUST-17789,Balikpapan,Individual
CUST-17790,Palembang,Individual
CUST-17791,Makassar,Corporate
CUST-17792,Yogyakarta,Individual
CUST-17793,Medan,Individual
CUST-17794,Yogyakarta,Individual
CUST-17795,Surabaya,Individual
CUST-17796,Balikpapan,Individual
CUST-17797,Medan,Corporate
CUST-17798,Bandung,Individual
CUST-17799,Medan,Individual
CUST-17800,Makassar,Individual
CUST-17801,Semarang,Individual
CUST-17802,Bandung,Individual
CUST-17803,Surabaya,Individual
CUST-17804,Medan,Corporate
CUST-17805,Makassar,Individual
CUST-17806,Bandung,nan
CUST-17807,Medan,Individual
CUST-17808,Makassar,Individual
CUST-17809,Semarang,Individual
CUST-17810,Palembang,Individual
CUST-17811,Jakarta,Corporate
CUST-17812,Semarang,nan
CUST-17813,Surabaya,Corporate
CUST-17814,Makassar,Individual
CUST-17815,Jakarta,nan
CUST-17816,Palembang,Individual
CUST-17817,Denpasar,Individual
CUST-17818,Denpasar,Corporate
CUST-17819,Makassar,Individual
CUST-17820,Semarang,Individual
CUST-17821,Makassar,nan
CUST-17822,Denpasar,Individual
CUST-17823,Semarang,Corporate
CUST-17824,Medan,Individual
CUST-17825,Medan,Corporate
CUST-17826,Palembang,Corporate
CUST-17827,Jakarta,Individual
CUST-17828,Denpasar,Individual
CUST-17829,Palembang,nan
CUST-17830,Denpasar,Individual
CUST-17831,Medan,Individual
CUST-17832,Semarang,nan
CUST-17833,Medan,nan
CUST-17834,Jakarta,nan
CUST-17835,Bandung,Individual
CUST-17836,Denpasar,nan
CUST-17837,Jakarta,Individual
CUST-17838,Bandung,Individual
CUST-17839,Semarang,Individual
CUST-17840,Palembang,Individual
CUST-17841,Yogyakarta,Individual
CUST-17842,Palembang,Corporate
CUST-17843,Palembang,Individual
CUST-17844,Palembang,Corporate
CUST-17845,Palembang,Individual
CUST-17846,Palembang,Individual
CUST-17847,Denpasar,Individual
CUST-17848,Medan,Individual
CUST-17849,Surabaya,Individual
CUST-17850,Palembang,Individual
CUST-17851,Semarang,nan
CUST-17852,Makassar,nan
CUST-17853,Balikpapan,Corporate
CUST-17854,Bandung,Individual
CUST-17855,Semarang,Individual
CUST-17856,Balikpapan,Individual
CUST-17857,Semarang,Individual
CUST-17858,Jakarta,Individual
CUST-17859,Medan,Corporate
CUST-17860,Medan,Corporate
CUST-17861,Balikpapan,Individual
CUST-17862,Makassar,Individual
CUST-17863,Denpasar,Individual
CUST-17864,Jakarta,Individual
CUST-17865,Palembang,Corporate
CUST-17866,Jakarta,Individual
CUST-17867,Denpasar,Individual
CUST-17868,Denpasar,Individual
CUST-17869,Bandung,Individual
CUST-17870,Jakarta,Individual
CUST-17871,Semarang,nan
CUST-17872,Makassar,Individual
CUST-17873,Medan,Individual
CUST-17874,Makassar,Corporate
CUST-17875,Bandung,Corporate
CUST-17876,Surabaya,Individual
CUST-17877,Denpasar,Individual
CUST-17878,Makassar,Individual
CUST-17879,Jakarta,Individual
CUST-17880,Semarang,Corporate
CUST-17881,Semarang,Individual
CUST-17882,Denpasar,Individual
CUST-17883,Medan,Individual
CUST-17884,Makassar,Individual
CUST-17885,Denpasar,Corporate
CUST-17886,Semarang,Corporate
CUST-17887,Denpasar,Individual
CUST-17888,Medan,Individual
CUST-17889,Bandung,nan
CUST-17890,Medan,Individual
CUST-17891,Yogyakarta,Individual
CUST-17892,Bandung,Individual
CUST-17893,Semarang,Individual
CUST-17894,Palembang,Corporate
CUST-17895,Yogyakarta,Individual
CUST-17896,Jakarta,Individual
CUST-17897,Bandung,Individual
CUST-17898,Bandung,Individual
CUST-17899,Bandung,Corporate
CUST-17900,Surabaya,Corporate
CUST-17901,Surabaya,Individual
CUST-17902,Yogyakarta,nan
CUST-17903,Semarang,Individual
CUST-17904,Denpasar,Individual
CUST-17905,Semarang,Corporate
CUST-17906,Medan,Individual
CUST-17907,Bandung,nan
CUST-17908,Yogyakarta,Individual
CUST-17909,Semarang,Corporate
CUST-17910,Balikpapan,Individual
CUST-17911,Makassar,Individual
CUST-17912,Medan,Individual
CUST-17913,Bandung,Individual
CUST-17914,Semarang,Individual
CUST-17915,Bandung,Corporate
CUST-17916,Yogyakarta,nan
CUST-17917,Denpasar,nan
CUST-17918,Medan,Corporate
CUST-17919,Balikpapan,Individual
CUST-17920,Semarang,Individual
CUST-17921,Denpasar,Individual
CUST-17922,Bandung,Individual
CUST-17923,Medan,Individual
CUST-17924,Palembang,Individual
CUST-17925,Medan,Corporate
CUST-17926,Jakarta,Individual
CUST-17927,Jakarta,Individual
CUST-17928,Bandung,Individual
CUST-17929,Balikpapan,Corporate
CUST-17930,Makassar,Individual
CUST-17931,Palembang,nan
CUST-17932,Balikpapan,Individual
CUST-17933,Denpasar,Individual
CUST-17934,Bandung,nan
CUST-17935,Denpasar,Individual
CUST-17936,Surabaya,Corporate
CUST-17937,Palembang,Corporate
CUST-17938,Medan,Corporate
CUST-17939,Semarang,Individual
CUST-17940,Semarang,Individual
CUST-17941,Makassar,Individual
CUST-17942,Denpasar,nan
CUST-17943,Yogyakarta,Individual
CUST-17944,Medan,Individual
CUST-17945,Bandung,Individual
CUST-17946,Denpasar,Individual
CUST-17947,Medan,Corporate
CUST-17948,Semarang,Individual
CUST-17949,Yogyakarta,Individual
CUST-17950,Palembang,Individual
CUST-17951,Jakarta,Corporate
CUST-17952,Medan,Corporate
CUST-17953,Jakarta,Individual
CUST-17954,Semarang,Individual
CUST-17955,Palembang,Corporate
CUST-17956,Denpasar,Individual
CUST-17957,Bandung,nan
CUST-17958,Semarang,Individual
CUST-17959,Semarang,Individual
CUST-17960,Semarang,Individual
CUST-17961,Yogyakarta,Individual
CUST-17962,Balikpapan,Individual
CUST-17963,Makassar,Individual
CUST-17964,Balikpapan,Individual
CUST-17965,Jakarta,Individual
CUST-17966,Yogyakarta,Individual
CUST-17967,Denpasar,nan
CUST-17968,Makassar,Corporate
CUST-17969,Bandung,Corporate
CUST-17970,Jakarta,Corporate
CUST-17971,Palembang,Corporate
CUST-17972,Palembang,nan
CUST-17973,Palembang,Individual
CUST-17974,Surabaya,Individual
CUST-17975,Palembang,Corporate
CUST-17976,Balikpapan,Individual
CUST-17977,Medan,nan
CUST-17978,Makassar,Corporate
CUST-17979,Yogyakarta,Individual
CUST-17980,Semarang,Individual
CUST-17981,Denpasar,Individual
CUST-17982,Palembang,Individual
CUST-17983,Yogyakarta,Individual
CUST-17984,Denpasar,Individual
CUST-17985,Palembang,Corporate
CUST-17986,Makassar,nan
CUST-17987,Bandung,Individual
CUST-17988,Palembang,Individual
CUST-17989,Bandung,Individual
CUST-17990,Denpasar,Individual
CUST-17991,Surabaya,Individual
CUST-17992,Makassar,Individual
CUST-17993,Medan,Individual
CUST-17994,Jakarta,Individual
CUST-17995,Yogyakarta,Individual
CUST-17996,Palembang,Individual
CUST-17997,Denpasar,Individual
CUST-17998,Semarang,nan
CUST-17999,Medan,Individual
CUST-18000,Yogyakarta,Individual
CUST-18001,Makassar,Individual
CUST-18002,Jakarta,Individual
CUST-18003,Medan,Individual
CUST-18004,Denpasar,Individual
CUST-18005,Palembang,Corporate
CUST-18006,Surabaya,nan
CUST-18007,Yogyakarta,Individual
CUST-18008,Surabaya,nan
CUST-18009,Balikpapan,Corporate
CUST-18010,Yogyakarta,Corporate
CUST-18011,Yogyakarta,Individual
CUST-18012,Surabaya,Individual
CUST-18013,Yogyakarta,Individual
CUST-18014,Semarang,nan
CUST-18015,Jakarta,Individual
CUST-18016,Yogyakarta,Individual
CUST-18017,Medan,Individual
CUST-18018,Yogyakarta,Individual
CUST-18019,Balikpapan,nan
CUST-18020,Makassar,Individual
CUST-18021,Jakarta,Corporate
CUST-18022,Bandung,Individual
CUST-18023,Semarang,Individual
CUST-18024,Surabaya,Individual
CUST-18025,Palembang,nan
CUST-18026,Jakarta,Corporate
CUST-18027,Bandung,Corporate
CUST-18028,Jakarta,Individual
CUST-18029,Makassar,Individual
CUST-18030,Yogyakarta,nan
CUST-18031,Jakarta,Individual
CUST-18032,Bandung,Individual
CUST-18033,Makassar,nan
CUST-18034,Makassar,Individual
CUST-18035,Denpasar,Corporate
CUST-18036,Yogyakarta,Corporate
CUST-18037,Yogyakarta,Individual
CUST-18038,Medan,nan
CUST-18039,Semarang,Corporate
CUST-18040,Makassar,nan
CUST-18041,Denpasar,nan
CUST-18042,Denpasar,Individual
CUST-18043,Surabaya,Individual
CUST-18044,Yogyakarta,Corporate
CUST-18045,Balikpapan,Individual
CUST-18046,Palembang,Individual
CUST-18047,Makassar,Corporate
CUST-18048,Surabaya,Individual
CUST-18049,Surabaya,nan
CUST-18050,Surabaya,Individual
CUST-18051,Yogyakarta,Individual
CUST-18052,Balikpapan,Individual
CUST-18053,Bandung,Corporate
CUST-18054,Palembang,Individual
CUST-18055,Palembang,Individual
CUST-18056,Bandung,Individual
CUST-18057,Surabaya,Individual
CUST-18058,Bandung,Corporate
CUST-18059,Jakarta,Individual
CUST-18060,Jakarta,Individual
CUST-18061,Yogyakarta,Corporate
CUST-18062,Makassar,Individual
CUST-18063,Palembang,Individual
CUST-18064,Balikpapan,Individual
CUST-18065,Makassar,Individual
CUST-18066,Palembang,Individual
CUST-18067,Denpasar,Individual
CUST-18068,Surabaya,Individual
CUST-18069,Denpasar,Corporate
CUST-18070,Surabaya,Corporate
CUST-18071,Semarang,Individual
CUST-18072,Semarang,Individual
CUST-18073,Balikpapan,nan
CUST-18074,Bandung,nan
CUST-18075,Bandung,Corporate
CUST-18076,Medan,Individual
CUST-18077,Surabaya,Individual
CUST-18078,Surabaya,Individual
CUST-18079,Palembang,Individual
CUST-18080,Makassar,Individual
CUST-18081,Yogyakarta,Corporate
CUST-18082,Surabaya,Individual
CUST-18083,Balikpapan,Individual
CUST-18084,Jakarta,Individual
CUST-18085,Surabaya,Corporate
CUST-18086,Balikpapan,Corporate
CUST-18087,Bandung,Individual
CUST-18088,Yogyakarta,nan
CUST-18089,Palembang,Individual
CUST-18090,Makassar,Individual
CUST-18091,Medan,Individual
CUST-18092,Surabaya,Individual
CUST-18093,Medan,Individual
CUST-18094,Surabaya,Individual
CUST-18095,Jakarta,Individual
CUST-18096,Balikpapan,Corporate
CUST-18097,Bandung,Corporate
CUST-18098,Denpasar,Corporate
CUST-18099,Medan,Corporate
CUST-18100,Denpasar,Corporate
CUST-18101,Denpasar,Individual
CUST-18102,Jakarta,Individual
CUST-18103,Palembang,Corporate
CUST-18104,Semarang,nan
CUST-18105,Yogyakarta,Individual
CUST-18106,Semarang,Corporate
CUST-18107,Medan,Individual
CUST-18108,Denpasar,Corporate
CUST-18109,Yogyakarta,Individual
CUST-18110,Palembang,Individual
CUST-18111,Medan,Individual
CUST-18112,Palembang,Individual
CUST-18113,Medan,Corporate
CUST-18114,Denpasar,Individual
CUST-18115,Makassar,Corporate
CUST-18116,Makassar,Corporate
CUST-18117,Balikpapan,Individual
CUST-18118,Makassar,Corporate
CUST-18119,Denpasar,Individual
CUST-18120,Bandung,Individual
CUST-18121,Medan,Individual
CUST-18122,Bandung,Individual
CUST-18123,Medan,nan
CUST-18124,Denpasar,Corporate
CUST-18125,Balikpapan,Individual
CUST-18126,Medan,Individual
CUST-18127,Bandung,Individual
CUST-18128,Palembang,nan
CUST-18129,Jakarta,Corporate
CUST-18130,Surabaya,Individual
CUST-18131,Medan,Individual
CUST-18132,Makassar,Individual
CUST-18133,Denpasar,Corporate
CUST-18134,Bandung,Individual
CUST-18135,Bandung,Corporate
CUST-18136,Palembang,Corporate
CUST-18137,Semarang,Corporate
CUST-18138,Denpasar,Individual
CUST-18139,Denpasar,Individual
CUST-18140,Makassar,Individual
CUST-18141,Balikpapan,nan
CUST-18142,Medan,Individual
CUST-18143,Denpasar,Individual
CUST-18144,Bandung,nan
CUST-18145,Yogyakarta,Individual
CUST-18146,Semarang,Individual
CUST-18147,Jakarta,Individual
CUST-18148,Denpasar,Individual
CUST-18149,Denpasar,Corporate
CUST-18150,Medan,Individual
CUST-18151,Surabaya,Individual
CUST-18152,Medan,Individual
CUST-18153,Balikpapan,nan
CUST-18154,Makassar,Corporate
CUST-18155,Semarang,Corporate
CUST-18156,Medan,Individual
CUST-18157,Makassar,Individual
CUST-18158,Balikpapan,Individual
CUST-18159,Denpasar,Individual
CUST-18160,Surabaya,Corporate
CUST-18161,Denpasar,nan
CUST-18162,Yogyakarta,Corporate
CUST-18163,Balikpapan,Individual
CUST-18164,Yogyakarta,Individual
CUST-18165,Jakarta,Individual
CUST-18166,Semarang,Individual
CUST-18167,Surabaya,Corporate
CUST-18168,Balikpapan,Individual
CUST-18169,Bandung,nan
CUST-18170,Jakarta,Individual
CUST-18171,Semarang,nan
CUST-18172,Palembang,Individual
CUST-18173,Jakarta,nan
CUST-18174,Medan,Corporate
CUST-18175,Balikpapan,Individual
CUST-18176,Balikpapan,Individual
CUST-18177,Yogyakarta,Individual
CUST-18178,Medan,Individual
CUST-18179,Denpasar,nan
CUST-18180,Yogyakarta,Individual
CUST-18181,Balikpapan,Corporate
CUST-18182,Jakarta,Individual
CUST-18183,Denpasar,Individual
CUST-18184,Palembang,Individual
CUST-18185,Jakarta,Individual
CUST-18186,Balikpapan,nan
CUST-18187,Palembang,Corporate
CUST-18188,Denpasar,Individual
CUST-18189,Bandung,Individual
CUST-18190,Medan,Individual
CUST-18191,Makassar,Individual
CUST-18192,Surabaya,nan
CUST-18193,Bandung,Corporate
CUST-18194,Yogyakarta,Corporate
CUST-18195,Balikpapan,nan
CUST-18196,Surabaya,Individual
CUST-18197,Bandung,Individual
CUST-18198,Balikpapan,Individual
CUST-18199,Semarang,nan
CUST-18200,Medan,nan
CUST-18201,Medan,Individual
CUST-18202,Yogyakarta,Individual
CUST-18203,Makassar,Individual
CUST-18204,Surabaya,Individual
CUST-18205,Bandung,nan
CUST-18206,Balikpapan,Individual
CUST-18207,Semarang,Individual
CUST-18208,Denpasar,Corporate
CUST-18209,Palembang,Corporate
CUST-18210,Denpasar,Individual
CUST-18211,Makassar,Individual
CUST-18212,Palembang,Individual
CUST-18213,Denpasar,Corporate
CUST-18214,Makassar,Corporate
CUST-18215,Bandung,Individual
CUST-18216,Medan,Individual
CUST-18217,Makassar,Individual
CUST-18218,Denpasar,Individual
CUST-18219,Yogyakarta,Corporate
CUST-18220,Semarang,Corporate
CUST-18221,Semarang,Individual
CUST-18222,Surabaya,Individual
CUST-18223,Denpasar,Individual
CUST-18224,Yogyakarta,Individual
CUST-18225,Balikpapan,Individual
CUST-18226,Semarang,Individual
CUST-18227,Palembang,Corporate
CUST-18228,Denpasar,Individual
CUST-18229,Palembang,Individual
CUST-18230,Denpasar,Individual
CUST-18231,Palembang,Corporate
CUST-18232,Jakarta,Individual
CUST-18233,Surabaya,nan
CUST-18234,Makassar,Individual
CUST-18235,Yogyakarta,Individual
CUST-18236,Palembang,Individual
CUST-18237,Jakarta,Individual
CUST-18238,Denpasar,Individual
CUST-18239,Semarang,Corporate
CUST-18240,Semarang,nan
CUST-18241,Balikpapan,Individual
CUST-18242,Bandung,Corporate
CUST-18243,Makassar,Individual
CUST-18244,Surabaya,Corporate
CUST-18245,Yogyakarta,Individual
CUST-18246,Yogyakarta,Corporate
CUST-18247,Semarang,Individual
CUST-18248,Jakarta,Individual
CUST-18249,Bandung,Individual
CUST-18250,Palembang,Individual
CUST-18251,Palembang,Corporate
CUST-18252,Balikpapan,Corporate
CUST-18253,Surabaya,Individual
CUST-18254,Denpasar,Individual
CUST-18255,Yogyakarta,Individual
CUST-18256,Balikpapan,Individual
CUST-18257,Medan,Individual
CUST-18258,Palembang,Individual
CUST-18259,Surabaya,nan
CUST-18260,Semarang,Corporate
CUST-18261,Denpasar,Corporate
CUST-18262,Bandung,Corporate
CUST-18263,Palembang,Individual
CUST-18264,Medan,Individual
CUST-18265,Semarang,Individual
CUST-18266,Denpasar,Corporate
CUST-18267,Jakarta,Individual
CUST-18268,Palembang,Individual
CUST-18269,Jakarta,Corporate
CUST-18270,Surabaya,Corporate
CUST-18271,Jakarta,Individual
CUST-18272,Yogyakarta,nan
CUST-18273,Semarang,Corporate
CUST-18274,Palembang,Individual
CUST-18275,Semarang,Individual
CUST-18276,Medan,Corporate
CUST-18277,Denpasar,nan
CUST-18278,Medan,Corporate
CUST-18279,Makassar,Individual
CUST-18280,Jakarta,nan
CUST-18281,Palembang,Individual
CUST-18282,Makassar,Individual
CUST-18283,Jakarta,nan
CUST-18284,Jakarta,Individual
CUST-18285,Medan,Individual
CUST-18286,Makassar,Individual
CUST-18287,Palembang,Corporate
CUST-18288,Balikpapan,Individual
CUST-18289,Surabaya,Individual
CUST-18290,Makassar,Individual
CUST-18291,Balikpapan,Individual
CUST-18292,Bandung,Corporate
CUST-18293,Medan,Individual
CUST-18294,Denpasar,Individual
CUST-18295,Semarang,nan
CUST-18296,Medan,Individual
CUST-18297,Medan,Individual
CUST-18298,Makassar,Individual
CUST-18299,Surabaya,Corporate
CUST-18300,Balikpapan,Individual
CUST-18301,Jakarta,Corporate
CUST-18302,Yogyakarta,nan
CUST-18303,Bandung,Individual
CUST-18304,Yogyakarta,Corporate
CUST-18305,Medan,Individual
CUST-18306,Bandung,Individual
CUST-18307,Medan,nan
CUST-18308,Medan,Individual
CUST-18309,Makassar,nan
CUST-18310,Semarang,nan
CUST-18311,Makassar,Individual
CUST-18312,Surabaya,Individual
CUST-18313,Denpasar,Individual
CUST-18314,Yogyakarta,Individual
CUST-18315,Yogyakarta,nan
CUST-18316,Jakarta,Individual
CUST-18317,Bandung,Individual
CUST-18318,Jakarta,Individual
CUST-18319,Bandung,Individual
CUST-18320,Surabaya,Individual
CUST-18321,Semarang,Individual
CUST-18322,Bandung,Individual
CUST-18323,Bandung,Individual
CUST-18324,Makassar,Individual
CUST-18325,Bandung,Individual
CUST-18326,Denpasar,Corporate
CUST-18327,Makassar,Individual
CUST-18328,Palembang,Corporate
CUST-18329,Yogyakarta,Corporate
CUST-18330,Balikpapan,Corporate
CUST-18331,Semarang,Corporate
CUST-18332,Surabaya,Individual
CUST-18333,Yogyakarta,Individual
CUST-18334,Surabaya,Individual
CUST-18335,Semarang,Corporate
CUST-18336,Yogyakarta,Individual
CUST-18337,Jakarta,Corporate
CUST-18338,Surabaya,Corporate
CUST-18339,Makassar,Corporate
CUST-18340,Medan,nan
CUST-18341,Palembang,Corporate
CUST-18342,Medan,Individual
CUST-18343,Palembang,Individual
CUST-18344,Balikpapan,Individual
CUST-18345,Palembang,Corporate
CUST-18346,Denpasar,Individual
CUST-18347,Balikpapan,Corporate
CUST-18348,Surabaya,Individual
CUST-18349,Denpasar,Individual
CUST-18350,Semarang,Corporate
CUST-18351,Denpasar,Individual
CUST-18352,Balikpapan,Corporate
CUST-18353,Makassar,Individual
CUST-18354,Makassar,Individual
CUST-18355,Medan,Individual
CUST-18356,Yogyakarta,Individual
CUST-18357,Balikpapan,nan
CUST-18358,Makassar,nan
CUST-18359,Semarang,Corporate
CUST-18360,Jakarta,Individual
CUST-18361,Palembang,Individual
CUST-18362,Yogyakarta,Individual
CUST-18363,Semarang,Individual
CUST-18364,Balikpapan,Individual
CUST-18365,Semarang,Individual
CUST-18366,Medan,nan
CUST-18367,Bandung,Individual
CUST-18368,Bandung,Individual
CUST-18369,Balikpapan,Corporate
CUST-18370,Medan,Individual
CUST-18371,Bandung,Individual
CUST-18372,Yogyakarta,Corporate
CUST-18373,Semarang,Individual
CUST-18374,Semarang,Individual
CUST-18375,Medan,Individual
CUST-18376,Medan,Individual
CUST-18377,Balikpapan,nan
CUST-18378,Yogyakarta,Individual
CUST-18379,Surabaya,Corporate
CUST-18380,Makassar,Individual
CUST-18381,Jakarta,nan
CUST-18382,Makassar,nan
CUST-18383,Surabaya,Corporate
CUST-18384,Makassar,Corporate
CUST-18385,Makassar,Individual
CUST-18386,Denpasar,Individual
CUST-18387,Balikpapan,Individual
CUST-18388,Makassar,Individual
CUST-18389,Makassar,nan
CUST-18390,Jakarta,Individual
CUST-18391,Jakarta,Corporate
CUST-18392,Medan,Corporate
CUST-18393,Surabaya,Individual
CUST-18394,Medan,nan
CUST-18395,Surabaya,nan
CUST-18396,Jakarta,Individual
CUST-18397,Makassar,Individual
CUST-18398,Palembang,Individual
CUST-18399,Makassar,Individual
CUST-18400,Jakarta,nan
CUST-18401,Makassar,Corporate
CUST-18402,Balikpapan,Individual
CUST-18403,Semarang,Individual
CUST-18404,Semarang,Corporate
CUST-18405,Medan,nan
CUST-18406,Semarang,Individual
CUST-18407,Balikpapan,Individual
CUST-18408,Denpasar,Individual
CUST-18409,Medan,Individual
CUST-18410,Jakarta,Individual
CUST-18411,Bandung,Corporate
CUST-18412,Semarang,nan
CUST-18413,Makassar,Corporate
CUST-18414,Semarang,Individual
CUST-18415,Surabaya,Corporate
CUST-18416,Palembang,Individual
CUST-18417,Yogyakarta,Individual
CUST-18418,Jakarta,Corporate
CUST-18419,Yogyakarta,Individual
CUST-18420,Palembang,Individual
CUST-18421,Semarang,Individual
CUST-18422,Surabaya,Individual
CUST-18423,Yogyakarta,Individual
CUST-18424,Jakarta,nan
CUST-18425,Bandung,Individual
CUST-18426,Bandung,Individual
CUST-18427,Surabaya,Individual
CUST-18428,Balikpapan,Individual
CUST-18429,Balikpapan,Individual
CUST-18430,Jakarta,Individual
CUST-18431,Semarang,Individual
CUST-18432,Balikpapan,Individual
CUST-18433,Surabaya,Individual
CUST-18434,Medan,Individual
CUST-18435,Jakarta,Individual
CUST-18436,Surabaya,Corporate
CUST-18437,Makassar,Individual
CUST-18438,Medan,Individual
CUST-18439,Yogyakarta,Corporate
CUST-18440,Makassar,Individual
CUST-18441,Makassar,nan
CUST-18442,Jakarta,Individual
CUST-18443,Jakarta,Individual
CUST-18444,Jakarta,Corporate
CUST-18445,Balikpapan,nan
CUST-18446,Denpasar,Individual
CUST-18447,Balikpapan,Individual
CUST-18448,Yogyakarta,nan
CUST-18449,Medan,nan
CUST-18450,Bandung,Individual
CUST-18451,Denpasar,Individual
CUST-18452,Denpasar,Individual
CUST-18453,Jakarta,Individual
CUST-18454,Palembang,Individual
CUST-18455,Palembang,Individual
CUST-18456,Bandung,Corporate
CUST-18457,Jakarta,Individual
CUST-18458,Balikpapan,Individual
CUST-18459,Palembang,Individual
CUST-18460,Jakarta,nan
CUST-18461,Jakarta,Individual
CUST-18462,Yogyakarta,Corporate
CUST-18463,Surabaya,Individual
CUST-18464,Bandung,Corporate
CUST-18465,Jakarta,Corporate
CUST-18466,Palembang,Individual
CUST-18467,Denpasar,Corporate
CUST-18468,Bandung,Individual
CUST-18469,Jakarta,Individual
CUST-18470,Palembang,Individual
CUST-18471,Palembang,Individual
CUST-18472,Surabaya,Corporate
CUST-18473,Balikpapan,Individual
CUST-18474,Palembang,nan
CUST-18475,Semarang,Individual
CUST-18476,Balikpapan,Individual
CUST-18477,Surabaya,Individual
CUST-18478,Jakarta,Corporate
CUST-18479,Yogyakarta,Individual
CUST-18480,Surabaya,Corporate
CUST-18481,Bandung,Corporate
CUST-18482,Medan,Individual
CUST-18483,Medan,nan
CUST-18484,Jakarta,Individual
CUST-18485,Denpasar,Individual
CUST-18486,Jakarta,Individual
CUST-18487,Jakarta,Individual
CUST-18488,Jakarta,nan
CUST-18489,Palembang,Individual
CUST-18490,Semarang,Corporate
CUST-18491,Makassar,Individual
CUST-18492,Makassar,Corporate
CUST-18493,Denpasar,nan
CUST-18494,Makassar,Individual
CUST-18495,Medan,Individual
CUST-18496,Denpasar,Individual
CUST-18497,Denpasar,Individual
CUST-18498,Surabaya,Individual
CUST-18499,Palembang,Individual
CUST-18500,Surabaya,Individual
CUST-18501,Semarang,Individual
CUST-18502,Medan,Individual
CUST-18503,Denpasar,Corporate
CUST-18504,Semarang,Individual
CUST-18505,Palembang,Individual
CUST-18506,Yogyakarta,Individual
CUST-18507,Semarang,nan
CUST-18508,Surabaya,Individual
CUST-18509,Yogyakarta,Individual
CUST-18510,Palembang,Individual
CUST-18511,Makassar,Corporate
CUST-18512,Balikpapan,Corporate
CUST-18513,Semarang,Individual
CUST-18514,Balikpapan,Individual
CUST-18515,Balikpapan,Individual
CUST-18516,Bandung,Individual
CUST-18517,Denpasar,Corporate
CUST-18518,Palembang,Individual
CUST-18519,Makassar,Individual
CUST-18520,Makassar,Corporate
CUST-18521,Semarang,Individual
CUST-18522,Palembang,Individual
CUST-18523,Makassar,Individual
CUST-18524,Bandung,Individual
CUST-18525,Makassar,Individual
CUST-18526,Palembang,Corporate
CUST-18527,Makassar,Individual
CUST-18528,Makassar,Individual
CUST-18529,Bandung,Corporate
CUST-18530,Semarang,Individual
CUST-18531,Palembang,Individual
CUST-18532,Balikpapan,Corporate
CUST-18533,Balikpapan,Individual
CUST-18534,Jakarta,nan
CUST-18535,Makassar,Individual
CUST-18536,Bandung,Individual
CUST-18537,Surabaya,Corporate
CUST-18538,Bandung,Individual
CUST-18539,Yogyakarta,Individual
CUST-18540,Medan,Corporate
CUST-18541,Medan,Individual
CUST-18542,Denpasar,Individual
CUST-18543,Makassar,Individual
CUST-18544,Jakarta,Individual
CUST-18545,Balikpapan,Individual
CUST-18546,Jakarta,nan
CUST-18547,Semarang,Individual
CUST-18548,Yogyakarta,Individual
CUST-18549,Palembang,nan
CUST-18550,Semarang,Individual
CUST-18551,Medan,Individual
CUST-18552,Surabaya,nan
CUST-18553,Palembang,Individual
CUST-18554,Medan,Individual
CUST-18555,Makassar,Individual
CUST-18556,Balikpapan,Individual
CUST-18557,Medan,Individual
CUST-18558,Jakarta,Individual
CUST-18559,Balikpapan,Individual
CUST-18560,Medan,Corporate
CUST-18561,Denpasar,Individual
CUST-18562,Surabaya,Individual
CUST-18563,Palembang,Individual
CUST-18564,Balikpapan,Corporate
CUST-18565,Balikpapan,Corporate
CUST-18566,Yogyakarta,Individual
CUST-18567,Medan,Corporate
CUST-18568,Semarang,Individual
CUST-18569,Yogyakarta,nan
CUST-18570,Semarang,Individual
CUST-18571,Balikpapan,nan
CUST-18572,Jakarta,Individual
CUST-18573,Medan,Individual
CUST-18574,Makassar,Individual
CUST-18575,Jakarta,Individual
CUST-18576,Makassar,nan
CUST-18577,Makassar,Individual
CUST-18578,Balikpapan,Corporate
CUST-18579,Balikpapan,Individual
CUST-18580,Palembang,Individual
CUST-18581,Yogyakarta,Corporate
CUST-18582,Yogyakarta,Corporate
CUST-18583,Makassar,Individual
CUST-18584,Yogyakarta,nan
CUST-18585,Jakarta,Individual
CUST-18586,Palembang,Individual
CUST-18587,Palembang,Corporate
CUST-18588,Palembang,Corporate
CUST-18589,Yogyakarta,nan
CUST-18590,Semarang,Individual
CUST-18591,Palembang,Individual
CUST-18592,Semarang,Corporate
CUST-18593,Surabaya,Individual
CUST-18594,Palembang,Corporate
CUST-18595,Balikpapan,Individual
CUST-18596,Surabaya,Corporate
CUST-18597,Denpasar,Corporate
CUST-18598,Semarang,nan
CUST-18599,Denpasar,nan
CUST-18600,Medan,Corporate
CUST-18601,Yogyakarta,nan
CUST-18602,Medan,Individual
CUST-18603,Yogyakarta,Corporate
CUST-18604,Denpasar,Individual
CUST-18605,Bandung,nan
CUST-18606,Surabaya,Corporate
CUST-18607,Jakarta,Corporate
CUST-18608,Balikpapan,Individual
CUST-18609,Semarang,Individual
CUST-18610,Medan,Corporate
CUST-18611,Palembang,Individual
CUST-18612,Surabaya,nan
CUST-18613,Makassar,Corporate
CUST-18614,Balikpapan,Corporate
CUST-18615,Jakarta,Individual
CUST-18616,Medan,Individual
CUST-18617,Yogyakarta,Corporate
CUST-18618,Palembang,nan
CUST-18619,Denpasar,nan
CUST-18620,Medan,Corporate
CUST-18621,Balikpapan,Individual
CUST-18622,Medan,Individual
CUST-18623,Surabaya,Individual
CUST-18624,Makassar,Corporate
CUST-18625,Denpasar,nan
CUST-18626,Bandung,Individual
CUST-18627,Surabaya,Individual
CUST-18628,Makassar,Individual
CUST-18629,Yogyakarta,Corporate
CUST-18630,Yogyakarta,Individual
CUST-18631,Jakarta,nan
CUST-18632,Bandung,Individual
CUST-18633,Jakarta,Corporate
CUST-18634,Yogyakarta,Individual
CUST-18635,Semarang,nan
CUST-18636,Palembang,Individual
CUST-18637,Makassar,Individual
CUST-18638,Balikpapan,Individual
CUST-18639,Bandung,Individual
CUST-18640,Palembang,nan
CUST-18641,Semarang,Individual
CUST-18642,Medan,Individual
CUST-18643,Jakarta,Individual
CUST-18644,Bandung,nan
CUST-18645,Surabaya,Individual
CUST-18646,Jakarta,Corporate
CUST-18647,Surabaya,Individual
CUST-18648,Balikpapan,Individual
CUST-18649,Semarang,Individual
CUST-18650,Palembang,Corporate
CUST-18651,Denpasar,nan
CUST-18652,Medan,Individual
CUST-18653,Palembang,nan
CUST-18654,Medan,Corporate
CUST-18655,Medan,Individual
CUST-18656,Semarang,Individual
CUST-18657,Palembang,Individual
CUST-18658,Surabaya,Individual
CUST-18659,Yogyakarta,Individual
CUST-18660,Surabaya,Individual
CUST-18661,Medan,Individual
CUST-18662,Bandung,Corporate
CUST-18663,Jakarta,Individual
CUST-18664,Jakarta,Corporate
CUST-18665,Denpasar,Corporate
CUST-18666,Semarang,Individual
CUST-18667,Denpasar,Individual
CUST-18668,Jakarta,nan
CUST-18669,Yogyakarta,Individual
CUST-18670,Jakarta,Individual
CUST-18671,Medan,Individual
CUST-18672,Makassar,Corporate
CUST-18673,Medan,Corporate
CUST-18674,Jakarta,Corporate
CUST-18675,Semarang,Individual
CUST-18676,Palembang,Corporate
CUST-18677,Jakarta,Corporate
CUST-18678,Jakarta,nan
CUST-18679,Palembang,Corporate
CUST-18680,Denpasar,Individual
CUST-18681,Balikpapan,nan
CUST-18682,Jakarta,Corporate
CUST-18683,Medan,nan
CUST-18684,Bandung,Individual
CUST-18685,Semarang,Corporate
CUST-18686,Denpasar,nan
CUST-18687,Yogyakarta,Corporate
CUST-18688,Medan,Corporate
CUST-18689,Makassar,Individual
CUST-18690,Balikpapan,Individual
CUST-18691,Denpasar,Individual
CUST-18692,Makassar,nan
CUST-18693,Medan,Individual
CUST-18694,Semarang,Individual
CUST-18695,Palembang,Corporate
CUST-18696,Medan,Individual
CUST-18697,Medan,nan
CUST-18698,Makassar,nan
CUST-18699,Yogyakarta,Individual
CUST-18700,Denpasar,Individual
CUST-18701,Palembang,Individual
CUST-18702,Semarang,Individual
CUST-18703,Surabaya,Individual
CUST-18704,Makassar,Corporate
CUST-18705,Balikpapan,Corporate
CUST-18706,Semarang,Individual
CUST-18707,Jakarta,Individual
CUST-18708,Denpasar,Corporate
CUST-18709,Palembang,Corporate
CUST-18710,Jakarta,nan
CUST-18711,Palembang,nan
CUST-18712,Bandung,Individual
CUST-18713,Yogyakarta,Individual
CUST-18714,Jakarta,Individual
CUST-18715,Semarang,Corporate
CUST-18716,Palembang,Individual
CUST-18717,Medan,Individual
CUST-18718,Denpasar,nan
CUST-18719,Jakarta,Corporate
CUST-18720,Bandung,Individual
CUST-18721,Yogyakarta,Individual
CUST-18722,Balikpapan,Corporate
CUST-18723,Semarang,Individual
CUST-18724,Medan,nan
CUST-18725,Bandung,Corporate
CUST-18726,Palembang,nan
CUST-18727,Denpasar,Individual
CUST-18728,Semarang,Individual
CUST-18729,Medan,nan
CUST-18730,Medan,nan
CUST-18731,Yogyakarta,Individual
CUST-18732,Medan,nan
CUST-18733,Medan,Corporate
CUST-18734,Medan,Corporate
CUST-18735,Surabaya,Individual
CUST-18736,Surabaya,Individual
CUST-18737,Medan,Individual
CUST-18738,Bandung,Individual
CUST-18739,Denpasar,Individual
CUST-18740,Palembang,Individual
CUST-18741,Surabaya,Individual
CUST-18742,Jakarta,Individual
CUST-18743,Medan,Individual
CUST-18744,Balikpapan,Individual
CUST-18745,Palembang,Corporate
CUST-18746,Palembang,nan
CUST-18747,Jakarta,nan
CUST-18748,Makassar,Individual
CUST-18749,Yogyakarta,Corporate
CUST-18750,Semarang,nan
CUST-18751,Makassar,nan
CUST-18752,Denpasar,Individual
CUST-18753,Balikpapan,Corporate
CUST-18754,Yogyakarta,Individual
CUST-18755,Makassar,Corporate
CUST-18756,Denpasar,Individual
CUST-18757,Yogyakarta,nan
CUST-18758,Jakarta,Individual
CUST-18759,Jakarta,Individual
CUST-18760,Denpasar,Individual
CUST-18761,Medan,nan
CUST-18762,Medan,Individual
CUST-18763,Denpasar,Corporate
CUST-18764,Medan,Corporate
CUST-18765,Semarang,Individual
CUST-18766,Balikpapan,Individual
CUST-18767,Semarang,Individual
CUST-18768,Palembang,Individual
CUST-18769,Semarang,nan
CUST-18770,Balikpapan,nan
CUST-18771,Balikpapan,Corporate
CUST-18772,Bandung,Individual
CUST-18773,Semarang,Individual
CUST-18774,Semarang,Individual
CUST-18775,Yogyakarta,Individual
CUST-18776,Makassar,Individual
CUST-18777,Bandung,Corporate
CUST-18778,Semarang,Individual
CUST-18779,Yogyakarta,Corporate
CUST-18780,Denpasar,nan
CUST-18781,Denpasar,Individual
CUST-18782,Denpasar,Corporate
CUST-18783,Jakarta,Individual
CUST-18784,Makassar,Corporate
CUST-18785,Palembang,Individual
CUST-18786,Yogyakarta,Individual
CUST-18787,Makassar,Corporate
CUST-18788,Surabaya,Individual
CUST-18789,Jakarta,nan
CUST-18790,Balikpapan,Individual
CUST-18791,Yogyakarta,Individual
CUST-18792,Makassar,Corporate
CUST-18793,Balikpapan,Individual
CUST-18794,Balikpapan,Individual
CUST-18795,Palembang,Individual
CUST-18796,Yogyakarta,Individual
CUST-18797,Medan,Corporate
CUST-18798,Jakarta,Corporate
CUST-18799,Balikpapan,Corporate
CUST-18800,Denpasar,nan
CUST-18801,Bandung,Individual
CUST-18802,Semarang,Individual
CUST-18803,Medan,Individual
CUST-18804,Bandung,Individual
CUST-18805,Surabaya,Individual
CUST-18806,Palembang,Individual
CUST-18807,Makassar,Individual
CUST-18808,Semarang,Individual
CUST-18809,Makassar,Individual
CUST-18810,Makassar,Corporate
CUST-18811,Jakarta,Individual
CUST-18812,Bandung,nan
CUST-18813,Balikpapan,Corporate
CUST-18814,Yogyakarta,Corporate
CUST-18815,Jakarta,Individual
CUST-18816,Yogyakarta,Individual
CUST-18817,Yogyakarta,Corporate
CUST-18818,Balikpapan,nan
CUST-18819,Semarang,Individual
CUST-18820,Semarang,Individual
CUST-18821,Bandung,nan
CUST-18822,Semarang,Individual
CUST-18823,Bandung,Individual
CUST-18824,Jakarta,Individual
CUST-18825,Medan,Individual
CUST-18826,Bandung,Corporate
CUST-18827,Palembang,Corporate
CUST-18828,Bandung,Corporate
CUST-18829,Balikpapan,Individual
CUST-18830,Palembang,nan
CUST-18831,Denpasar,Corporate
CUST-18832,Medan,nan
CUST-18833,Denpasar,Individual
CUST-18834,Jakarta,Individual
CUST-18835,Surabaya,nan
CUST-18836,Surabaya,nan
CUST-18837,Semarang,Individual
CUST-18838,Palembang,Individual
CUST-18839,Surabaya,Corporate
CUST-18840,Palembang,Individual
CUST-18841,Semarang,Individual
CUST-18842,Semarang,Individual
CUST-18843,Semarang,Corporate
CUST-18844,Jakarta,Corporate
CUST-18845,Denpasar,Corporate
CUST-18846,Jakarta,Corporate
CUST-18847,Medan,Corporate
CUST-18848,Palembang,Individual
CUST-18849,Makassar,Individual
CUST-18850,Yogyakarta,Corporate
CUST-18851,Surabaya,nan
CUST-18852,Makassar,Individual
CUST-18853,Yogyakarta,Individual
CUST-18854,Bandung,Individual
CUST-18855,Semarang,Individual
CUST-18856,Surabaya,Individual
CUST-18857,Yogyakarta,Corporate
CUST-18858,Medan,Individual
CUST-18859,Bandung,Corporate
CUST-18860,Makassar,Corporate
CUST-18861,Makassar,nan
CUST-18862,Palembang,Corporate
CUST-18863,Makassar,Corporate
CUST-18864,Bandung,Corporate
CUST-18865,Palembang,Individual
CUST-18866,Medan,nan
CUST-18867,Yogyakarta,Individual
CUST-18868,Yogyakarta,Corporate
CUST-18869,Denpasar,Corporate
CUST-18870,Denpasar,nan
CUST-18871,Medan,nan
CUST-18872,Bandung,nan
CUST-18873,Bandung,Individual
CUST-18874,Bandung,Individual
CUST-18875,Yogyakarta,Individual
CUST-18876,Yogyakarta,Corporate
CUST-18877,Jakarta,Individual
CUST-18878,Bandung,Individual
CUST-18879,Medan,Individual
CUST-18880,Surabaya,Individual
CUST-18881,Denpasar,nan
CUST-18882,Bandung,Individual
CUST-18883,Medan,Corporate
CUST-18884,Surabaya,Individual
CUST-18885,Surabaya,Individual
CUST-18886,Surabaya,nan
CUST-18887,Balikpapan,Corporate
CUST-18888,Jakarta,Corporate
CUST-18889,Semarang,Corporate
CUST-18890,Denpasar,Individual
CUST-18891,Semarang,Individual
CUST-18892,Surabaya,Corporate
CUST-18893,Bandung,Individual
CUST-18894,Medan,Individual
CUST-18895,Jakarta,Corporate
CUST-18896,Denpasar,Individual
CUST-18897,Bandung,Individual
CUST-18898,Surabaya,Individual
CUST-18899,Bandung,nan
CUST-18900,Balikpapan,Individual
CUST-18901,Denpasar,Individual
CUST-18902,Jakarta,Corporate
CUST-18903,Bandung,Individual
CUST-18904,Palembang,Individual
CUST-18905,Bandung,Individual
CUST-18906,Surabaya,Individual
CUST-18907,Jakarta,Individual
CUST-18908,Medan,Individual
CUST-18909,Jakarta,Individual
CUST-18910,Balikpapan,Corporate
CUST-18911,Yogyakarta,Corporate
CUST-18912,Denpasar,Corporate
CUST-18913,Denpasar,Individual
CUST-18914,Yogyakarta,Individual
CUST-18915,Surabaya,Corporate
CUST-18916,Bandung,Individual
CUST-18917,Jakarta,Corporate
CUST-18918,Semarang,Corporate
CUST-18919,Yogyakarta,Individual
CUST-18920,Bandung,Individual
CUST-18921,Surabaya,nan
CUST-18922,Bandung,Individual
CUST-18923,Surabaya,Individual
CUST-18924,Jakarta,Individual
CUST-18925,Bandung,nan
CUST-18926,Makassar,Individual
CUST-18927,Surabaya,Individual
CUST-18928,Bandung,Individual
CUST-18929,Medan,Corporate
CUST-18930,Bandung,nan
CUST-18931,Surabaya,Corporate
CUST-18932,Makassar,Individual
CUST-18933,Surabaya,Corporate
CUST-18934,Surabaya,Corporate
CUST-18935,Medan,Individual
CUST-18936,Semarang,nan
CUST-18937,Makassar,Individual
CUST-18938,Yogyakarta,Corporate
CUST-18939,Bandung,Individual
CUST-18940,Jakarta,Corporate
CUST-18941,Semarang,Individual
CUST-18942,Denpasar,Corporate
CUST-18943,Balikpapan,nan
CUST-18944,Balikpapan,Individual
CUST-18945,Denpasar,Individual
CUST-18946,Jakarta,Individual
CUST-18947,Semarang,Corporate
CUST-18948,Medan,Individual
CUST-18949,Makassar,Corporate
CUST-18950,Medan,Corporate
CUST-18951,Surabaya,Corporate
CUST-18952,Semarang,nan
CUST-18953,Semarang,Individual
CUST-18954,Bandung,Individual
CUST-18955,Yogyakarta,Individual
CUST-18956,Yogyakarta,nan
CUST-18957,Semarang,Individual
CUST-18958,Balikpapan,nan
CUST-18959,Medan,nan
CUST-18960,Yogyakarta,Individual
CUST-18961,Bandung,Corporate
CUST-18962,Medan,nan
CUST-18963,Bandung,Individual
CUST-18964,Semarang,Individual
CUST-18965,Bandung,Individual
CUST-18966,Medan,Corporate
CUST-18967,Bandung,nan
CUST-18968,Palembang,Individual
CUST-18969,Jakarta,Individual
CUST-18970,Balikpapan,Individual
CUST-18971,Semarang,Individual
CUST-18972,Balikpapan,Individual
CUST-18973,Surabaya,Individual
CUST-18974,Bandung,Individual
CUST-18975,Jakarta,Individual
CUST-18976,Balikpapan,Individual
CUST-18977,Bandung,Individual
CUST-18978,Semarang,Individual
CUST-18979,Makassar,Individual
CUST-18980,Makassar,Individual
CUST-18981,Surabaya,Corporate
CUST-18982,Semarang,nan
CUST-18983,Makassar,Corporate
CUST-18984,Makassar,Individual
CUST-18985,Jakarta,Corporate
CUST-18986,Palembang,Individual
CUST-18987,Palembang,nan
CUST-18988,Surabaya,Individual
CUST-18989,Denpasar,Corporate
CUST-18990,Bandung,Individual
CUST-18991,Denpasar,Individual
CUST-18992,Semarang,Individual
CUST-18993,Balikpapan,Corporate
CUST-18994,Makassar,Individual
CUST-18995,Semarang,Corporate
CUST-18996,Makassar,Corporate
CUST-18997,Balikpapan,Corporate
CUST-18998,Balikpapan,Individual
CUST-18999,Semarang,Individual
CUST-19000,Makassar,Corporate
CUST-19001,Palembang,Individual
CUST-19002,Semarang,Individual
CUST-19003,Medan,Corporate
CUST-19004,Surabaya,Corporate
CUST-19005,Denpasar,Individual
CUST-19006,Jakarta,Individual
CUST-19007,Surabaya,Individual
CUST-19008,Makassar,Individual
CUST-19009,Bandung,Corporate
CUST-19010,Makassar,Individual
CUST-19011,Bandung,Corporate
CUST-19012,Surabaya,Individual
CUST-19013,Denpasar,Corporate
CUST-19014,Denpasar,Individual
CUST-19015,Medan,Individual
CUST-19016,Makassar,Individual
CUST-19017,Bandung,Individual
CUST-19018,Yogyakarta,nan
CUST-19019,Bandung,Corporate
CUST-19020,Medan,nan
CUST-19021,Balikpapan,Individual
CUST-19022,Yogyakarta,Individual
CUST-19023,Bandung,Individual
CUST-19024,Makassar,nan
CUST-19025,Denpasar,Individual
CUST-19026,Balikpapan,Individual
CUST-19027,Jakarta,Corporate
CUST-19028,Denpasar,Corporate
CUST-19029,Bandung,Individual
CUST-19030,Denpasar,Corporate
CUST-19031,Denpasar,Individual
CUST-19032,Palembang,Corporate
CUST-19033,Makassar,nan
CUST-19034,Surabaya,Individual
CUST-19035,Jakarta,Individual
CUST-19036,Bandung,Individual
CUST-19037,Surabaya,Corporate
CUST-19038,Medan,nan
CUST-19039,Balikpapan,Corporate
CUST-19040,Palembang,Individual
CUST-19041,Medan,Individual
CUST-19042,Palembang,Corporate
CUST-19043,Medan,Individual
CUST-19044,Denpasar,Individual
CUST-19045,Makassar,Individual
CUST-19046,Bandung,Corporate
CUST-19047,Jakarta,Individual
CUST-19048,Palembang,Individual
CUST-19049,Yogyakarta,Individual
CUST-19050,Palembang,Individual
CUST-19051,Balikpapan,Corporate
CUST-19052,Denpasar,Individual
CUST-19053,Jakarta,Corporate
CUST-19054,Medan,Corporate
CUST-19055,Denpasar,Individual
CUST-19056,Yogyakarta,Corporate
CUST-19057,Yogyakarta,Individual
CUST-19058,Yogyakarta,Individual
CUST-19059,Denpasar,Individual
CUST-19060,Denpasar,Corporate
CUST-19061,Medan,Corporate
CUST-19062,Yogyakarta,Individual
CUST-19063,Balikpapan,Corporate
CUST-19064,Surabaya,nan
CUST-19065,Yogyakarta,Individual
CUST-19066,Palembang,nan
CUST-19067,Jakarta,Corporate
CUST-19068,Denpasar,Individual
CUST-19069,Surabaya,Individual
CUST-19070,Makassar,Individual
CUST-19071,Denpasar,Individual
CUST-19072,Jakarta,nan
CUST-19073,Semarang,Corporate
CUST-19074,Denpasar,Corporate
CUST-19075,Yogyakarta,nan
CUST-19076,Yogyakarta,Individual
CUST-19077,Palembang,Individual
CUST-19078,Yogyakarta,Individual
CUST-19079,Balikpapan,nan
CUST-19080,Balikpapan,Corporate
CUST-19081,Palembang,Individual
CUST-19082,Surabaya,Individual
CUST-19083,Denpasar,Individual
CUST-19084,Denpasar,Corporate
CUST-19085,Medan,nan
CUST-19086,Surabaya,Corporate
CUST-19087,Medan,nan
CUST-19088,Semarang,Individual
CUST-19089,Surabaya,Individual
CUST-19090,Yogyakarta,Individual
CUST-19091,Bandung,nan
CUST-19092,Yogyakarta,nan
CUST-19093,Jakarta,Individual
CUST-19094,Surabaya,Corporate
CUST-19095,Denpasar,Individual
CUST-19096,Medan,Corporate
CUST-19097,Denpasar,Individual
CUST-19098,Makassar,Individual
CUST-19099,Medan,Individual
CUST-19100,Yogyakarta,Corporate
CUST-19101,Palembang,Corporate
CUST-19102,Medan,Individual
CUST-19103,Bandung,Individual
CUST-19104,Palembang,Corporate
CUST-19105,Palembang,Individual
CUST-19106,Jakarta,nan
CUST-19107,Bandung,Individual
CUST-19108,Bandung,Individual
CUST-19109,Balikpapan,Corporate
CUST-19110,Denpasar,Individual
CUST-19111,Denpasar,Corporate
CUST-19112,Jakarta,Corporate
CUST-19113,Yogyakarta,Individual
CUST-19114,Jakarta,nan
CUST-19115,Jakarta,Individual
CUST-19116,Yogyakarta,Individual
CUST-19117,Bandung,Individual
CUST-19118,Semarang,Corporate
CUST-19119,Balikpapan,Corporate
CUST-19120,Semarang,Individual
CUST-19121,Jakarta,Individual
CUST-19122,Palembang,Individual
CUST-19123,Denpasar,Individual
CUST-19124,Bandung,Individual
CUST-19125,Surabaya,Corporate
CUST-19126,Jakarta,nan
CUST-19127,Palembang,Individual
CUST-19128,Jakarta,nan
CUST-19129,Denpasar,Individual
CUST-19130,Balikpapan,Corporate
CUST-19131,Yogyakarta,Individual
CUST-19132,Surabaya,Individual
CUST-19133,Palembang,nan
CUST-19134,Makassar,Corporate
CUST-19135,Surabaya,Corporate
CUST-19136,Denpasar,Corporate
CUST-19137,Denpasar,nan
CUST-19138,Denpasar,nan
CUST-19139,Bandung,nan
CUST-19140,Semarang,Corporate
CUST-19141,Balikpapan,Individual
CUST-19142,Jakarta,Individual
CUST-19143,Balikpapan,Corporate
CUST-19144,Bandung,nan
CUST-19145,Makassar,Corporate
CUST-19146,Jakarta,nan
CUST-19147,Makassar,Individual
CUST-19148,Surabaya,Individual
CUST-19149,Yogyakarta,Individual
CUST-19150,Yogyakarta,Corporate
CUST-19151,Medan,Corporate
CUST-19152,Semarang,Individual
CUST-19153,Denpasar,Corporate
CUST-19154,Jakarta,Individual
CUST-19155,Medan,Corporate
CUST-19156,Jakarta,Individual
CUST-19157,Makassar,Corporate
CUST-19158,Jakarta,Individual
CUST-19159,Makassar,nan
CUST-19160,Medan,Corporate
CUST-19161,Bandung,Individual
CUST-19162,Semarang,Corporate
CUST-19163,Medan,Individual
CUST-19164,Bandung,Individual
CUST-19165,Palembang,Individual
CUST-19166,Bandung,Individual
CUST-19167,Bandung,Individual
CUST-19168,Yogyakarta,Corporate
CUST-19169,Yogyakarta,Individual
CUST-19170,Semarang,Individual
CUST-19171,Jakarta,Individual
CUST-19172,Palembang,Individual
CUST-19173,Bandung,Individual
CUST-19174,Balikpapan,Individual
CUST-19175,Denpasar,nan
CUST-19176,Jakarta,Individual
CUST-19177,Makassar,Individual
CUST-19178,Yogyakarta,Individual
CUST-19179,Balikpapan,Individual
CUST-19180,Bandung,Individual
CUST-19181,Balikpapan,Corporate
CUST-19182,Yogyakarta,Individual
CUST-19183,Yogyakarta,Individual
CUST-19184,Palembang,Individual
CUST-19185,Balikpapan,Corporate
CUST-19186,Surabaya,Individual
CUST-19187,Bandung,Individual
CUST-19188,Surabaya,Individual
CUST-19189,Palembang,Corporate
CUST-19190,Yogyakarta,Corporate
CUST-19191,Denpasar,Individual
CUST-19192,Jakarta,Individual
CUST-19193,Denpasar,Individual
CUST-19194,Denpasar,Corporate
CUST-19195,Surabaya,Individual
CUST-19196,Jakarta,Individual
CUST-19197,Bandung,Corporate
CUST-19198,Palembang,nan
CUST-19199,Jakarta,Individual
CUST-19200,Semarang,Individual
CUST-19201,Surabaya,Individual
CUST-19202,Denpasar,Corporate
CUST-19203,Balikpapan,Individual
CUST-19204,Medan,Individual
CUST-19205,Semarang,Corporate
CUST-19206,Denpasar,Individual
CUST-19207,Medan,Individual
CUST-19208,Semarang,Corporate
CUST-19209,Semarang,Corporate
CUST-19210,Bandung,Individual
CUST-19211,Palembang,Corporate
CUST-19212,Makassar,Individual
CUST-19213,Bandung,Individual
CUST-19214,Medan,Corporate
CUST-19215,Bandung,nan
CUST-19216,Semarang,Individual
CUST-19217,Jakarta,Individual
CUST-19218,Palembang,Individual
CUST-19219,Makassar,nan
CUST-19220,Denpasar,Corporate
CUST-19221,Surabaya,Individual
CUST-19222,Jakarta,Individual
CUST-19223,Palembang,Individual
CUST-19224,Makassar,Individual
CUST-19225,Yogyakarta,Individual
CUST-19226,Jakarta,Individual
CUST-19227,Denpasar,Individual
CUST-19228,Medan,Individual
CUST-19229,Denpasar,nan
CUST-19230,Semarang,Individual
CUST-19231,Yogyakarta,nan
CUST-19232,Semarang,Individual
CUST-19233,Palembang,Corporate
CUST-19234,Yogyakarta,Individual
CUST-19235,Jakarta,Individual
CUST-19236,Semarang,Corporate
CUST-19237,Yogyakarta,Individual
CUST-19238,Makassar,Individual
CUST-19239,Makassar,Corporate
CUST-19240,Palembang,nan
CUST-19241,Makassar,Corporate
CUST-19242,Denpasar,nan
CUST-19243,Jakarta,Individual
CUST-19244,Denpasar,Individual
CUST-19245,Surabaya,Individual
CUST-19246,Medan,Individual
CUST-19247,Palembang,nan
CUST-19248,Yogyakarta,Individual
CUST-19249,Surabaya,Individual
CUST-19250,Yogyakarta,Corporate
CUST-19251,Makassar,nan
CUST-19252,Balikpapan,Individual
CUST-19253,Yogyakarta,Individual
CUST-19254,Medan,Individual
CUST-19255,Denpasar,Individual
CUST-19256,Yogyakarta,Individual
CUST-19257,Yogyakarta,Individual
CUST-19258,Balikpapan,nan
CUST-19259,Jakarta,nan
CUST-19260,Surabaya,Individual
CUST-19261,Semarang,Individual
CUST-19262,Jakarta,Individual
CUST-19263,Medan,Individual
CUST-19264,Palembang,Individual
CUST-19265,Surabaya,Individual
CUST-19266,Medan,Corporate
CUST-19267,Balikpapan,Individual
CUST-19268,Yogyakarta,Corporate
CUST-19269,Jakarta,Corporate
CUST-19270,Medan,Individual
CUST-19271,Jakarta,Individual
CUST-19272,Balikpapan,nan
CUST-19273,Palembang,Individual
CUST-19274,Jakarta,nan
CUST-19275,Bandung,Individual
CUST-19276,Palembang,Individual
CUST-19277,Bandung,Corporate
CUST-19278,Surabaya,Individual
CUST-19279,Makassar,nan
CUST-19280,Palembang,Individual
CUST-19281,Makassar,Individual
CUST-19282,Makassar,Individual
CUST-19283,Jakarta,Individual
CUST-19284,Jakarta,Individual
CUST-19285,Yogyakarta,Individual
CUST-19286,Makassar,Individual
CUST-19287,Jakarta,Individual
CUST-19288,Medan,Individual
CUST-19289,Surabaya,Individual
CUST-19290,Jakarta,Individual
CUST-19291,Yogyakarta,Individual
CUST-19292,Makassar,Individual
CUST-19293,Medan,Individual
CUST-19294,Bandung,Individual
CUST-19295,Denpasar,Corporate
CUST-19296,Makassar,Individual
CUST-19297,Medan,Individual
CUST-19298,Denpasar,Individual
CUST-19299,Makassar,nan
CUST-19300,Bandung,Individual
CUST-19301,Denpasar,Individual
CUST-19302,Denpasar,Individual
CUST-19303,Balikpapan,Individual
CUST-19304,Denpasar,Individual
CUST-19305,Medan,Individual
CUST-19306,Jakarta,nan
CUST-19307,Jakarta,nan
CUST-19308,Palembang,Corporate
CUST-19309,Makassar,Individual
CUST-19310,Medan,nan
CUST-19311,Balikpapan,Individual
CUST-19312,Yogyakarta,nan
CUST-19313,Medan,Corporate
CUST-19314,Jakarta,Corporate
CUST-19315,Denpasar,Individual
CUST-19316,Surabaya,nan
CUST-19317,Jakarta,Corporate
CUST-19318,Denpasar,nan
CUST-19319,Medan,Individual
CUST-19320,Jakarta,Individual
CUST-19321,Makassar,Individual
CUST-19322,Yogyakarta,nan
CUST-19323,Balikpapan,Corporate
CUST-19324,Balikpapan,Individual
CUST-19325,Palembang,Corporate
CUST-19326,Yogyakarta,Corporate
CUST-19327,Yogyakarta,Individual
CUST-19328,Denpasar,Individual
CUST-19329,Yogyakarta,Corporate
CUST-19330,Jakarta,Individual
CUST-19331,Palembang,Corporate
CUST-19332,Palembang,Individual
CUST-19333,Yogyakarta,Individual
CUST-19334,Yogyakarta,Individual
CUST-19335,Makassar,Individual
CUST-19336,Medan,Corporate
CUST-19337,Balikpapan,Individual
CUST-19338,Semarang,Individual
CUST-19339,Palembang,Individual
CUST-19340,Medan,Individual
CUST-19341,Palembang,Individual
CUST-19342,Surabaya,Individual
CUST-19343,Surabaya,nan
CUST-19344,Makassar,Individual
CUST-19345,Medan,Individual
CUST-19346,Surabaya,Corporate
CUST-19347,Makassar,nan
CUST-19348,Medan,Individual
CUST-19349,Surabaya,nan
CUST-19350,Makassar,Individual
CUST-19351,Balikpapan,Individual
CUST-19352,Denpasar,Individual
CUST-19353,Semarang,Corporate
CUST-19354,Palembang,Corporate
CUST-19355,Makassar,Individual
CUST-19356,Medan,Corporate
CUST-19357,Yogyakarta,Individual
CUST-19358,Semarang,Individual
CUST-19359,Balikpapan,nan
CUST-19360,Surabaya,Corporate
CUST-19361,Denpasar,Individual
CUST-19362,Surabaya,Individual
CUST-19363,Denpasar,Individual
CUST-19364,Medan,Corporate
CUST-19365,Semarang,Corporate
CUST-19366,Bandung,Corporate
CUST-19367,Jakarta,Individual
CUST-19368,Yogyakarta,Individual
CUST-19369,Yogyakarta,nan
CUST-19370,Medan,nan
CUST-19371,Yogyakarta,Individual
CUST-19372,Semarang,Individual
CUST-19373,Medan,Corporate
CUST-19374,Yogyakarta,Individual
CUST-19375,Palembang,Individual
CUST-19376,Denpasar,Individual
CUST-19377,Yogyakarta,Corporate
CUST-19378,Semarang,nan
CUST-19379,Makassar,Individual
CUST-19380,Semarang,Individual
CUST-19381,Yogyakarta,Corporate
CUST-19382,Palembang,Corporate
CUST-19383,Makassar,Individual
CUST-19384,Jakarta,Individual
CUST-19385,Palembang,Individual
CUST-19386,Yogyakarta,Individual
CUST-19387,Balikpapan,Individual
CUST-19388,Medan,nan
CUST-19389,Denpasar,Individual
CUST-19390,Balikpapan,Individual
CUST-19391,Palembang,Individual
CUST-19392,Semarang,nan
CUST-19393,Makassar,Individual
CUST-19394,Surabaya,Individual
CUST-19395,Surabaya,Individual
CUST-19396,Balikpapan,Individual
CUST-19397,Balikpapan,nan
CUST-19398,Surabaya,Individual
CUST-19399,Medan,Corporate
CUST-19400,Bandung,Corporate
CUST-19401,Yogyakarta,Individual
CUST-19402,Yogyakarta,Individual
CUST-19403,Makassar,Individual
CUST-19404,Medan,nan
CUST-19405,Jakarta,Individual
CUST-19406,Makassar,Individual
CUST-19407,Makassar,Individual
CUST-19408,Yogyakarta,nan
CUST-19409,Bandung,Individual
CUST-19410,Denpasar,Individual
CUST-19411,Surabaya,Individual
CUST-19412,Medan,Corporate
CUST-19413,Denpasar,Individual
CUST-19414,Jakarta,nan
CUST-19415,Palembang,Individual
CUST-19416,Semarang,nan
CUST-19417,Surabaya,Individual
CUST-19418,Medan,Corporate
CUST-19419,Jakarta,Individual
CUST-19420,Makassar,Corporate
CUST-19421,Palembang,Individual
CUST-19422,Bandung,Corporate
CUST-19423,Medan,Individual
CUST-19424,Medan,nan
CUST-19425,Yogyakarta,Individual
CUST-19426,Yogyakarta,Corporate
CUST-19427,Semarang,Individual
CUST-19428,Yogyakarta,Corporate
CUST-19429,Palembang,Individual
CUST-19430,Semarang,Corporate
CUST-19431,Medan,Corporate
CUST-19432,Jakarta,Corporate
CUST-19433,Semarang,Individual
CUST-19434,Jakarta,Individual
CUST-19435,Denpasar,Individual
CUST-19436,Bandung,Individual
CUST-19437,Surabaya,Individual
CUST-19438,Medan,Individual
CUST-19439,Surabaya,Corporate
CUST-19440,Balikpapan,Corporate
CUST-19441,Denpasar,Individual
CUST-19442,Semarang,Corporate
CUST-19443,Surabaya,Individual
CUST-19444,Bandung,Individual
CUST-19445,Makassar,Individual
CUST-19446,Medan,Individual
CUST-19447,Makassar,Individual
CUST-19448,Medan,Individual
CUST-19449,Palembang,Individual
CUST-19450,Palembang,Individual
CUST-19451,Surabaya,Corporate
CUST-19452,Balikpapan,Corporate
CUST-19453,Makassar,Corporate
CUST-19454,Surabaya,Individual
CUST-19455,Makassar,Individual
CUST-19456,Makassar,Individual
CUST-19457,Yogyakarta,Individual
CUST-19458,Jakarta,Individual
CUST-19459,Palembang,Individual
CUST-19460,Palembang,Corporate
CUST-19461,Semarang,Individual
CUST-19462,Surabaya,nan
CUST-19463,Medan,Individual
CUST-19464,Jakarta,nan
CUST-19465,Surabaya,nan
CUST-19466,Denpasar,Individual
CUST-19467,Surabaya,Individual
CUST-19468,Makassar,Corporate
CUST-19469,Balikpapan,Individual
CUST-19470,Surabaya,Individual
CUST-19471,Denpasar,nan
CUST-19472,Balikpapan,Corporate
CUST-19473,Bandung,Individual
CUST-19474,Yogyakarta,Individual
CUST-19475,Palembang,Individual
CUST-19476,Bandung,Corporate
CUST-19477,Balikpapan,Individual
CUST-19478,Medan,Individual
CUST-19479,Semarang,Individual
CUST-19480,Makassar,Corporate
CUST-19481,Semarang,Corporate
CUST-19482,Semarang,Individual
CUST-19483,Denpasar,nan
CUST-19484,Bandung,Individual
CUST-19485,Bandung,Individual
CUST-19486,Bandung,Individual
CUST-19487,Medan,Corporate
CUST-19488,Balikpapan,nan
CUST-19489,Makassar,Individual
CUST-19490,Palembang,nan
CUST-19491,Medan,Individual
CUST-19492,Medan,Individual
CUST-19493,Semarang,Individual
CUST-19494,Surabaya,nan
CUST-19495,Surabaya,Corporate
CUST-19496,Makassar,Individual
CUST-19497,Surabaya,Individual
CUST-19498,Yogyakarta,Individual
CUST-19499,Makassar,nan
CUST-19500,Yogyakarta,Individual
CUST-19501,Yogyakarta,Corporate
CUST-19502,Medan,Corporate
CUST-19503,Medan,nan
CUST-19504,Yogyakarta,Individual
CUST-19505,Medan,Corporate
CUST-19506,Makassar,nan
CUST-19507,Makassar,Individual
CUST-19508,Balikpapan,Individual
CUST-19509,Palembang,Individual
CUST-19510,Denpasar,Corporate
CUST-19511,Makassar,Corporate
CUST-19512,Bandung,Individual
CUST-19513,Makassar,Individual
CUST-19514,Surabaya,Individual
CUST-19515,Surabaya,Corporate
CUST-19516,Surabaya,Corporate
CUST-19517,Surabaya,Individual
CUST-19518,Palembang,Individual
CUST-19519,Surabaya,Corporate
CUST-19520,Palembang,Individual
CUST-19521,Denpasar,nan
CUST-19522,Yogyakarta,nan
CUST-19523,Jakarta,Individual
CUST-19524,Jakarta,Corporate
CUST-19525,Surabaya,Corporate
CUST-19526,Denpasar,Corporate
CUST-19527,Palembang,Individual
CUST-19528,Jakarta,Individual
CUST-19529,Medan,Individual
CUST-19530,Denpasar,nan
CUST-19531,Bandung,nan
CUST-19532,Medan,Corporate
CUST-19533,Yogyakarta,Individual
CUST-19534,Palembang,Corporate
CUST-19535,Surabaya,Individual
CUST-19536,Palembang,Corporate
CUST-19537,Medan,Corporate
CUST-19538,Palembang,Corporate
CUST-19539,Palembang,nan
CUST-19540,Semarang,Individual
CUST-19541,Bandung,Individual
CUST-19542,Yogyakarta,Corporate
CUST-19543,Surabaya,Individual
CUST-19544,Medan,nan
CUST-19545,Palembang,Individual
CUST-19546,Semarang,Individual
CUST-19547,Jakarta,Individual
CUST-19548,Balikpapan,Individual
CUST-19549,Makassar,Individual
CUST-19550,Palembang,Corporate
CUST-19551,Semarang,Corporate
CUST-19552,Yogyakarta,Individual
CUST-19553,Makassar,Individual
CUST-19554,Makassar,Individual
CUST-19555,Palembang,Individual
CUST-19556,Yogyakarta,Individual
CUST-19557,Denpasar,nan
CUST-19558,Semarang,nan
CUST-19559,Makassar,Corporate
CUST-19560,Semarang,Corporate
CUST-19561,Semarang,Individual
CUST-19562,Bandung,Individual
CUST-19563,Balikpapan,Corporate
CUST-19564,Surabaya,Corporate
CUST-19565,Makassar,Individual
CUST-19566,Medan,Corporate
CUST-19567,Surabaya,Corporate
CUST-19568,Semarang,Individual
CUST-19569,Palembang,Individual
CUST-19570,Denpasar,Individual
CUST-19571,Denpasar,Individual
CUST-19572,Surabaya,Corporate
CUST-19573,Surabaya,Individual
CUST-19574,Bandung,Individual
CUST-19575,Semarang,Corporate
CUST-19576,Semarang,Individual
CUST-19577,Semarang,Corporate
CUST-19578,Medan,nan
CUST-19579,Surabaya,Corporate
CUST-19580,Balikpapan,Individual
CUST-19581,Makassar,Individual
CUST-19582,Denpasar,Individual
CUST-19583,Surabaya,Corporate
CUST-19584,Medan,Individual
CUST-19585,Jakarta,Corporate
CUST-19586,Semarang,Individual
CUST-19587,Bandung,nan
CUST-19588,Jakarta,Corporate
CUST-19589,Surabaya,Individual
CUST-19590,Makassar,Corporate
CUST-19591,Surabaya,Individual
CUST-19592,Surabaya,Individual
CUST-19593,Jakarta,Individual
CUST-19594,Semarang,Individual
CUST-19595,Palembang,Individual
CUST-19596,Medan,Individual
CUST-19597,Denpasar,Individual
CUST-19598,Denpasar,Individual
CUST-19599,Palembang,nan
CUST-19600,Makassar,nan
CUST-19601,Surabaya,Individual
CUST-19602,Palembang,Corporate
CUST-19603,Makassar,Individual
CUST-19604,Denpasar,Individual
CUST-19605,Medan,Corporate
CUST-19606,Palembang,Individual
CUST-19607,Makassar,Individual
CUST-19608,Balikpapan,Individual
CUST-19609,Semarang,Individual
CUST-19610,Surabaya,Individual
CUST-19611,Bandung,Individual
CUST-19612,Semarang,Individual
CUST-19613,Palembang,Individual
CUST-19614,Semarang,Individual
CUST-19615,Bandung,Individual
CUST-19616,Surabaya,nan
CUST-19617,Yogyakarta,Individual
CUST-19618,Palembang,Corporate
CUST-19619,Medan,Corporate
CUST-19620,Bandung,Individual
CUST-19621,Yogyakarta,Corporate
CUST-19622,Semarang,Individual
CUST-19623,Palembang,Individual
CUST-19624,Medan,Individual
CUST-19625,Medan,nan
CUST-19626,Surabaya,Individual
CUST-19627,Yogyakarta,Individual
CUST-19628,Semarang,Individual
CUST-19629,Medan,Individual
CUST-19630,Semarang,Individual
CUST-19631,Jakarta,nan
CUST-19632,Palembang,Individual
CUST-19633,Makassar,Corporate
CUST-19634,Denpasar,nan
CUST-19635,Makassar,Individual
CUST-19636,Balikpapan,Corporate
CUST-19637,Surabaya,Corporate
CUST-19638,Surabaya,Individual
CUST-19639,Palembang,Corporate
CUST-19640,Denpasar,Individual
CUST-19641,Yogyakarta,Individual
CUST-19642,Balikpapan,Individual
CUST-19643,Makassar,Individual
CUST-19644,Palembang,Individual
CUST-19645,Bandung,Individual
CUST-19646,Makassar,Individual
CUST-19647,Medan,Individual
CUST-19648,Palembang,Individual
CUST-19649,Yogyakarta,Individual
CUST-19650,Jakarta,Individual
CUST-19651,Medan,Individual
CUST-19652,Makassar,Individual
CUST-19653,Jakarta,Individual
CUST-19654,Surabaya,Individual
CUST-19655,Bandung,Corporate
CUST-19656,Bandung,Individual
CUST-19657,Balikpapan,nan
CUST-19658,Jakarta,Corporate
CUST-19659,Semarang,Individual
CUST-19660,Palembang,Corporate
CUST-19661,Bandung,Corporate
CUST-19662,Palembang,Individual
CUST-19663,Denpasar,Corporate
CUST-19664,Makassar,Corporate
CUST-19665,Palembang,Corporate
CUST-19666,Semarang,Individual
CUST-19667,Makassar,Individual
CUST-19668,Denpasar,Individual
CUST-19669,Denpasar,Individual
CUST-19670,Medan,Corporate
CUST-19671,Yogyakarta,nan
CUST-19672,Palembang,Corporate
CUST-19673,Surabaya,Corporate
CUST-19674,Balikpapan,Individual
CUST-19675,Bandung,Individual
CUST-19676,Medan,nan
CUST-19677,Denpasar,Individual
CUST-19678,Bandung,Individual
CUST-19679,Palembang,Individual
CUST-19680,Makassar,Corporate
CUST-19681,Balikpapan,Individual
CUST-19682,Yogyakarta,Individual
CUST-19683,Denpasar,Individual
CUST-19684,Surabaya,Individual
CUST-19685,Yogyakarta,Individual
CUST-19686,Makassar,Corporate
CUST-19687,Bandung,Individual
CUST-19688,Balikpapan,Individual
CUST-19689,Semarang,Individual
CUST-19690,Balikpapan,Individual
CUST-19691,Jakarta,Individual
CUST-19692,Surabaya,Individual
CUST-19693,Palembang,Individual
CUST-19694,Yogyakarta,Individual
CUST-19695,Denpasar,nan
CUST-19696,Medan,Individual
CUST-19697,Jakarta,Corporate
CUST-19698,Palembang,Individual
CUST-19699,Palembang,Corporate
CUST-19700,Yogyakarta,Corporate
CUST-19701,Balikpapan,Individual
CUST-19702,Bandung,nan
CUST-19703,Surabaya,Corporate
CUST-19704,Palembang,Corporate
CUST-19705,Medan,Individual
CUST-19706,Jakarta,Individual
CUST-19707,Makassar,Individual
CUST-19708,Bandung,Corporate
CUST-19709,Medan,Corporate
CUST-19710,Makassar,Individual
CUST-19711,Jakarta,Corporate
CUST-19712,Palembang,Individual
CUST-19713,Palembang,Corporate
CUST-19714,Makassar,Individual
CUST-19715,Bandung,Individual
CUST-19716,Palembang,Individual
CUST-19717,Surabaya,Individual
CUST-19718,Medan,nan
CUST-19719,Semarang,Individual
CUST-19720,Surabaya,Individual
CUST-19721,Medan,Individual
CUST-19722,Surabaya,Individual
CUST-19723,Surabaya,Individual
CUST-19724,Palembang,Corporate
CUST-19725,Jakarta,nan
CUST-19726,Denpasar,Individual
CUST-19727,Semarang,Individual
CUST-19728,Balikpapan,Individual
CUST-19729,Palembang,Corporate
CUST-19730,Bandung,Corporate
CUST-19731,Palembang,Corporate
CUST-19732,Palembang,Individual
CUST-19733,Denpasar,Corporate
CUST-19734,Denpasar,Individual
CUST-19735,Jakarta,Individual
CUST-19736,Denpasar,Individual
CUST-19737,Semarang,Individual
CUST-19738,Medan,Corporate
CUST-19739,Yogyakarta,Individual
CUST-19740,Makassar,nan
CUST-19741,Surabaya,Individual
CUST-19742,Medan,Individual
CUST-19743,Bandung,nan
CUST-19744,Medan,nan
CUST-19745,Denpasar,nan
CUST-19746,Medan,Individual
CUST-19747,Jakarta,Individual
CUST-19748,Medan,Corporate
CUST-19749,Balikpapan,Individual
CUST-19750,Surabaya,Individual
CUST-19751,Bandung,Corporate
CUST-19752,Semarang,Corporate
CUST-19753,Yogyakarta,Corporate
CUST-19754,Balikpapan,nan
CUST-19755,Surabaya,nan
CUST-19756,Surabaya,Corporate
CUST-19757,Makassar,Corporate
CUST-19758,Denpasar,Corporate
CUST-19759,Bandung,Individual
CUST-19760,Surabaya,Individual
CUST-19761,Surabaya,Corporate
CUST-19762,Semarang,nan
CUST-19763,Balikpapan,Individual
CUST-19764,Bandung,Corporate
CUST-19765,Semarang,Individual
CUST-19766,Balikpapan,Individual
CUST-19767,Balikpapan,Individual
CUST-19768,Jakarta,Individual
CUST-19769,Bandung,Individual
CUST-19770,Yogyakarta,Individual
CUST-19771,Balikpapan,Individual
CUST-19772,Surabaya,Corporate
CUST-19773,Denpasar,Individual
CUST-19774,Surabaya,Corporate
CUST-19775,Semarang,Individual
CUST-19776,Palembang,nan
CUST-19777,Medan,Individual
CUST-19778,Yogyakarta,Corporate
CUST-19779,Yogyakarta,Individual
CUST-19780,Denpasar,Individual
CUST-19781,Medan,Individual
CUST-19782,Makassar,Individual
CUST-19783,Medan,Individual
CUST-19784,Medan,nan
CUST-19785,Yogyakarta,Individual
CUST-19786,Semarang,Corporate
CUST-19787,Bandung,Individual
CUST-19788,Balikpapan,Individual
CUST-19789,Makassar,Individual
CUST-19790,Medan,Individual
CUST-19791,Yogyakarta,Individual
CUST-19792,Jakarta,Corporate
CUST-19793,Balikpapan,Individual
CUST-19794,Balikpapan,Individual
CUST-19795,Surabaya,Corporate
CUST-19796,Yogyakarta,nan
CUST-19797,Denpasar,Corporate
CUST-19798,Bandung,Individual
CUST-19799,Jakarta,Individual
CUST-19800,Bandung,Individual
CUST-19801,Medan,Corporate
CUST-19802,Surabaya,Individual
CUST-19803,Semarang,nan
CUST-19804,Semarang,Individual
CUST-19805,Palembang,Individual
CUST-19806,Makassar,Individual
CUST-19807,Bandung,Individual
CUST-19808,Yogyakarta,Corporate
CUST-19809,Makassar,Individual
CUST-19810,Denpasar,Individual
CUST-19811,Surabaya,nan
CUST-19812,Semarang,Corporate
CUST-19813,Medan,Individual
CUST-19814,Semarang,Individual
CUST-19815,Medan,Corporate
CUST-19816,Bandung,Individual
CUST-19817,Jakarta,nan
CUST-19818,Yogyakarta,Corporate
CUST-19819,Medan,Individual
CUST-19820,Semarang,nan
CUST-19821,Makassar,Corporate
CUST-19822,Makassar,Individual
CUST-19823,Surabaya,Individual
CUST-19824,Yogyakarta,Individual
CUST-19825,Palembang,Corporate
CUST-19826,Surabaya,Corporate
CUST-19827,Medan,Individual
CUST-19828,Semarang,Individual
CUST-19829,Semarang,nan
CUST-19830,Bandung,Individual
CUST-19831,Medan,Corporate
CUST-19832,Makassar,Corporate
CUST-19833,Jakarta,Individual
CUST-19834,Makassar,Individual
CUST-19835,Palembang,Corporate
CUST-19836,Bandung,Individual
CUST-19837,Semarang,Individual
CUST-19838,Makassar,Corporate
CUST-19839,Medan,Individual
CUST-19840,Jakarta,nan
CUST-19841,Semarang,Individual
CUST-19842,Yogyakarta,Corporate
CUST-19843,Semarang,Individual
CUST-19844,Semarang,Individual
CUST-19845,Medan,nan
CUST-19846,Palembang,Corporate
CUST-19847,Bandung,nan
CUST-19848,Yogyakarta,nan
CUST-19849,Surabaya,Corporate
CUST-19850,Makassar,Individual
CUST-19851,Jakarta,Corporate
CUST-19852,Makassar,Individual
CUST-19853,Yogyakarta,Individual
CUST-19854,Makassar,nan
CUST-19855,Palembang,Individual
CUST-19856,Yogyakarta,Corporate
CUST-19857,Palembang,Individual
CUST-19858,Balikpapan,Individual
CUST-19859,Denpasar,Individual
CUST-19860,Palembang,Individual
CUST-19861,Surabaya,Individual
CUST-19862,Semarang,Individual
CUST-19863,Medan,Corporate
CUST-19864,Semarang,Corporate
CUST-19865,Bandung,Individual
CUST-19866,Yogyakarta,Individual
CUST-19867,Makassar,Corporate
CUST-19868,Surabaya,Individual
CUST-19869,Makassar,Individual
CUST-19870,Semarang,Individual
CUST-19871,Denpasar,Corporate
CUST-19872,Denpasar,nan
CUST-19873,Palembang,nan
CUST-19874,Jakarta,Individual
CUST-19875,Denpasar,Individual
CUST-19876,Jakarta,Individual
CUST-19877,Jakarta,nan
CUST-19878,Surabaya,Corporate
CUST-19879,Palembang,Corporate
CUST-19880,Medan,Corporate
CUST-19881,Jakarta,Individual
CUST-19882,Makassar,Individual
CUST-19883,Surabaya,Individual
CUST-19884,Denpasar,nan
CUST-19885,Bandung,Corporate
CUST-19886,Medan,nan
CUST-19887,Makassar,Individual
CUST-19888,Medan,Corporate
CUST-19889,Medan,Corporate
CUST-19890,Palembang,Corporate
CUST-19891,Yogyakarta,Individual
CUST-19892,Bandung,nan
CUST-19893,Medan,Corporate
CUST-19894,Surabaya,Corporate
CUST-19895,Palembang,Corporate
CUST-19896,Makassar,Corporate
CUST-19897,Yogyakarta,Corporate
CUST-19898,Balikpapan,Individual
CUST-19899,Surabaya,Individual
CUST-19900,Bandung,Individual
CUST-19901,Medan,Individual
CUST-19902,Bandung,Individual
CUST-19903,Jakarta,Corporate
CUST-19904,Medan,Individual
CUST-19905,Balikpapan,Individual
CUST-19906,Yogyakarta,Corporate
CUST-19907,Bandung,Corporate
CUST-19908,Medan,Corporate
CUST-19909,Denpasar,nan
CUST-19910,Surabaya,Individual
CUST-19911,Yogyakarta,Corporate
CUST-19912,Yogyakarta,Individual
CUST-19913,Balikpapan,Individual
CUST-19914,Palembang,Corporate
CUST-19915,Yogyakarta,Corporate
CUST-19916,Yogyakarta,Individual
CUST-19917,Denpasar,Individual
CUST-19918,Makassar,Individual
CUST-19919,Palembang,Individual
CUST-19920,Makassar,Corporate
CUST-19921,Balikpapan,Individual
CUST-19922,Denpasar,Individual
CUST-19923,Denpasar,Corporate
CUST-19924,Makassar,Individual
CUST-19925,Makassar,Corporate
CUST-19926,Jakarta,Individual
CUST-19927,Medan,Individual
CUST-19928,Yogyakarta,Corporate
CUST-19929,Denpasar,Individual
CUST-19930,Surabaya,Individual
CUST-19931,Makassar,Individual
CUST-19932,Makassar,Individual
CUST-19933,Denpasar,Individual
CUST-19934,Makassar,Individual
CUST-19935,Denpasar,Corporate
CUST-19936,Bandung,Corporate
CUST-19937,Yogyakarta,Corporate
CUST-19938,Surabaya,Individual
CUST-19939,Medan,Corporate
CUST-19940,Bandung,nan
CUST-19941,Balikpapan,nan
CUST-19942,Palembang,nan
CUST-19943,Makassar,Individual
CUST-19944,Balikpapan,Individual
CUST-19945,Medan,Individual
CUST-19946,Surabaya,nan
CUST-19947,Semarang,Individual
CUST-19948,Makassar,Individual
CUST-19949,Denpasar,Individual
CUST-19950,Balikpapan,nan
CUST-19951,Bandung,Individual
CUST-19952,Yogyakarta,Individual
CUST-19953,Makassar,Corporate
CUST-19954,Denpasar,Corporate
CUST-19955,Medan,Individual
CUST-19956,Semarang,Individual
CUST-19957,Medan,Individual
CUST-19958,Balikpapan,Individual
CUST-19959,Yogyakarta,Corporate
CUST-19960,Makassar,Corporate
CUST-19961,Palembang,nan
CUST-19962,Jakarta,Corporate
CUST-19963,Bandung,Corporate
CUST-19964,Balikpapan,Corporate
CUST-19965,Palembang,Corporate
CUST-19966,Yogyakarta,Individual
CUST-19967,Yogyakarta,Individual
CUST-19968,Jakarta,Individual
CUST-19969,Makassar,Individual
CUST-19970,Makassar,Individual
CUST-19971,Yogyakarta,Individual
CUST-19972,Bandung,Corporate
CUST-19973,Bandung,Individual
CUST-19974,Semarang,nan
CUST-19975,Yogyakarta,nan
CUST-19976,Palembang,nan
CUST-19977,Bandung,Individual
CUST-19978,Makassar,Individual
CUST-19979,Yogyakarta,nan
CUST-19980,Makassar,Individual
CUST-19981,Jakarta,Individual
CUST-19982,Yogyakarta,Individual
CUST-19983,Semarang,Individual
CUST-19984,Semarang,Individual
CUST-19985,Yogyakarta,Individual
CUST-19986,Bandung,Individual
CUST-19987,Balikpapan,Individual
CUST-19988,Medan,Corporate
CUST-19989,Surabaya,Individual
CUST-19990,Yogyakarta,Individual
CUST-19991,Yogyakarta,Corporate
CUST-19992,Semarang,Individual
CUST-19993,Palembang,Corporate
CUST-19994,Balikpapan,Individual
CUST-19995,Balikpapan,Corporate
CUST-19996,Jakarta,nan
CUST-19997,Palembang,nan
CUST-19998,Balikpapan,Corporate
CUST-19999,Balikpapan,Corporate
CUST-20000,Surabaya,Individual
CUST-20001,Surabaya,Corporate
CUST-20002,Surabaya,Individual
CUST-20003,Jakarta,Corporate
CUST-20004,Semarang,Individual
CUST-20005,Jakarta,Individual
CUST-20006,Semarang,Individual
CUST-20007,Semarang,Individual
CUST-20008,Palembang,Corporate
CUST-20009,Surabaya,Individual
CUST-20010,Semarang,Individual
CUST-20011,Surabaya,Individual
CUST-20012,Palembang,nan
CUST-20013,Medan,Individual
CUST-20014,Palembang,Individual
CUST-20015,Palembang,nan
CUST-20016,Bandung,Individual
CUST-20017,Denpasar,Corporate
CUST-20018,Balikpapan,Individual
CUST-20019,Makassar,Corporate
CUST-20020,Surabaya,Individual
CUST-20021,Semarang,Individual
CUST-20022,Balikpapan,Individual
CUST-20023,Yogyakarta,Individual
CUST-20024,Makassar,Corporate
CUST-20025,Balikpapan,Individual
CUST-20026,Medan,Individual
CUST-20027,Bandung,Individual
CUST-20028,Denpasar,Corporate
CUST-20029,Jakarta,Individual
CUST-20030,Makassar,Individual
CUST-20031,Semarang,Corporate
CUST-20032,Denpasar,Individual
CUST-20033,Yogyakarta,Individual
CUST-20034,Bandung,Individual
CUST-20035,Bandung,Individual
CUST-20036,Yogyakarta,Individual
CUST-20037,Semarang,nan
CUST-20038,Balikpapan,Corporate
CUST-20039,Yogyakarta,nan
CUST-20040,Makassar,Individual
CUST-20041,Makassar,Corporate
CUST-20042,Jakarta,Individual
CUST-20043,Balikpapan,Corporate
CUST-20044,Balikpapan,Individual
CUST-20045,Bandung,Individual
CUST-20046,Semarang,Individual
CUST-20047,Yogyakarta,Corporate
CUST-20048,Yogyakarta,Individual
CUST-20049,Palembang,Individual
CUST-20050,Palembang,Individual
CUST-20051,Balikpapan,Individual
CUST-20052,Balikpapan,nan
CUST-20053,Balikpapan,nan
CUST-20054,Palembang,Individual
CUST-20055,Denpasar,Individual
CUST-20056,Denpasar,Corporate
CUST-20057,Denpasar,Individual
CUST-20058,Denpasar,Individual
CUST-20059,Balikpapan,Individual
CUST-20060,Jakarta,nan
CUST-20061,Makassar,Corporate
CUST-20062,Denpasar,Individual
CUST-20063,Makassar,Individual
CUST-20064,Medan,Corporate
CUST-20065,Makassar,nan
CUST-20066,Balikpapan,Individual
CUST-20067,Makassar,nan
CUST-20068,Surabaya,Individual
CUST-20069,Surabaya,Individual
CUST-20070,Yogyakarta,Individual
CUST-20071,Jakarta,nan
CUST-20072,Denpasar,Individual
CUST-20073,Palembang,Corporate
CUST-20074,Makassar,Individual
CUST-20075,Denpasar,Individual
CUST-20076,Makassar,Individual
CUST-20077,Medan,Individual
CUST-20078,Semarang,Individual
CUST-20079,Palembang,Individual
CUST-20080,Palembang,Individual
CUST-20081,Balikpapan,Individual
CUST-20082,Surabaya,Individual
CUST-20083,Denpasar,Individual
CUST-20084,Yogyakarta,Individual
CUST-20085,Yogyakarta,Individual
CUST-20086,Surabaya,Corporate
CUST-20087,Yogyakarta,Individual
CUST-20088,Medan,Individual
CUST-20089,Yogyakarta,Individual
CUST-20090,Denpasar,Individual
CUST-20091,Yogyakarta,Individual
CUST-20092,Jakarta,Individual
CUST-20093,Medan,Corporate
CUST-20094,Balikpapan,Individual
CUST-20095,Jakarta,Corporate
CUST-20096,Semarang,nan
CUST-20097,Medan,Corporate
CUST-20098,Semarang,Corporate
CUST-20099,Jakarta,Corporate
CUST-20100,Balikpapan,Individual
CUST-20101,Balikpapan,Individual
CUST-20102,Jakarta,nan
CUST-20103,Denpasar,Corporate
CUST-20104,Semarang,Corporate
CUST-20105,Balikpapan,Individual
CUST-20106,Palembang,Individual
CUST-20107,Bandung,nan
CUST-20108,Yogyakarta,Individual
CUST-20109,Jakarta,Individual
CUST-20110,Semarang,Individual
CUST-20111,Makassar,Individual
CUST-20112,Surabaya,Individual
CUST-20113,Yogyakarta,Corporate
CUST-20114,Bandung,Individual
CUST-20115,Bandung,Individual
CUST-20116,Yogyakarta,Corporate
CUST-20117,Palembang,Individual
CUST-20118,Bandung,Individual
CUST-20119,Yogyakarta,Individual
CUST-20120,Medan,Corporate
CUST-20121,Denpasar,nan
CUST-20122,Makassar,Corporate
CUST-20123,Semarang,nan
CUST-20124,Balikpapan,Corporate
CUST-20125,Makassar,nan
CUST-20126,Jakarta,Corporate
CUST-20127,Yogyakarta,Individual
CUST-20128,Yogyakarta,Individual
CUST-20129,Balikpapan,Individual
CUST-20130,Bandung,Individual
CUST-20131,Bandung,Individual
CUST-20132,Denpasar,Corporate
CUST-20133,Bandung,Corporate
CUST-20134,Makassar,Corporate
CUST-20135,Balikpapan,Individual
CUST-20136,Jakarta,nan
CUST-20137,Medan,Corporate
CUST-20138,Balikpapan,Individual
CUST-20139,Jakarta,Individual
CUST-20140,Makassar,Corporate
CUST-20141,Denpasar,Corporate
CUST-20142,Makassar,nan
CUST-20143,Jakarta,Individual
CUST-20144,Medan,Corporate
CUST-20145,Medan,Corporate
CUST-20146,Jakarta,Individual
CUST-20147,Makassar,nan
CUST-20148,Medan,Individual
CUST-20149,Makassar,Corporate
CUST-20150,Denpasar,Individual
CUST-20151,Yogyakarta,nan
CUST-20152,Palembang,Corporate
CUST-20153,Jakarta,nan
CUST-20154,Makassar,nan
CUST-20155,Surabaya,Individual
CUST-20156,Denpasar,Individual
CUST-20157,Medan,Corporate
CUST-20158,Denpasar,Individual
CUST-20159,Medan,Corporate
CUST-20160,Balikpapan,Individual
CUST-20161,Bandung,Individual
CUST-20162,Semarang,Individual
CUST-20163,Denpasar,Individual
CUST-20164,Palembang,Individual
CUST-20165,Palembang,nan
CUST-20166,Surabaya,Individual
CUST-20167,Surabaya,nan
CUST-20168,Medan,Individual
CUST-20169,Medan,nan
CUST-20170,Yogyakarta,Individual
CUST-20171,Denpasar,Individual
CUST-20172,Balikpapan,Individual
CUST-20173,Semarang,nan
CUST-20174,Balikpapan,Individual
CUST-20175,Jakarta,Individual
CUST-20176,Makassar,Corporate
CUST-20177,Medan,nan
CUST-20178,Denpasar,Individual
CUST-20179,Semarang,Individual
CUST-20180,Bandung,Individual
CUST-20181,Bandung,Corporate
CUST-20182,Medan,Individual
CUST-20183,Yogyakarta,nan
CUST-20184,Surabaya,Individual
CUST-20185,Surabaya,Individual
CUST-20186,Bandung,Corporate
CUST-20187,Yogyakarta,Corporate
CUST-20188,Denpasar,Individual
CUST-20189,Medan,Corporate
CUST-20190,Yogyakarta,Corporate
CUST-20191,Surabaya,Individual
CUST-20192,Jakarta,Individual
CUST-20193,Surabaya,Corporate
CUST-20194,Jakarta,Corporate
CUST-20195,Palembang,Corporate
CUST-20196,Denpasar,Individual
CUST-20197,Jakarta,Individual
CUST-20198,Denpasar,Individual
CUST-20199,Yogyakarta,Corporate
CUST-20200,Surabaya,Corporate
CUST-20201,Semarang,Corporate
CUST-20202,Balikpapan,Individual
CUST-20203,Medan,Individual
CUST-20204,Surabaya,Individual
CUST-20205,Semarang,Individual
CUST-20206,Balikpapan,Corporate
CUST-20207,Medan,Corporate
CUST-20208,Makassar,nan
CUST-20209,Balikpapan,Individual
CUST-20210,Jakarta,Individual
CUST-20211,Bandung,Individual
CUST-20212,Balikpapan,Individual
CUST-20213,Denpasar,Individual
CUST-20214,Balikpapan,Individual
CUST-20215,Surabaya,Corporate
CUST-20216,Bandung,Individual
CUST-20217,Bandung,Individual
CUST-20218,Semarang,nan
CUST-20219,Balikpapan,Corporate
CUST-20220,Jakarta,Corporate
CUST-20221,Bandung,Individual
CUST-20222,Semarang,Corporate
CUST-20223,Bandung,Individual
CUST-20224,Denpasar,nan
CUST-20225,Bandung,Corporate
CUST-20226,Denpasar,Individual
CUST-20227,Balikpapan,Individual
CUST-20228,Surabaya,Corporate
CUST-20229,Palembang,Corporate
CUST-20230,Medan,Individual
CUST-20231,Yogyakarta,Individual
CUST-20232,Palembang,Corporate
CUST-20233,Surabaya,Individual
CUST-20234,Bandung,Individual
CUST-20235,Jakarta,nan
CUST-20236,Semarang,Corporate
CUST-20237,Balikpapan,Individual
CUST-20238,Surabaya,Individual
CUST-20239,Jakarta,Individual
CUST-20240,Yogyakarta,Individual
CUST-20241,Jakarta,Individual
CUST-20242,Medan,nan
CUST-20243,Denpasar,Corporate
CUST-20244,Yogyakarta,Individual
CUST-20245,Jakarta,Individual
CUST-20246,Balikpapan,Individual
CUST-20247,Palembang,Individual
CUST-20248,Denpasar,Individual
CUST-20249,Jakarta,Corporate
CUST-20250,Yogyakarta,Individual
CUST-20251,Surabaya,Individual
CUST-20252,Palembang,Corporate
CUST-20253,Palembang,Corporate
CUST-20254,Medan,Corporate
CUST-20255,Surabaya,Individual
CUST-20256,Balikpapan,Corporate
CUST-20257,Yogyakarta,Corporate
CUST-20258,Bandung,Corporate
CUST-20259,Bandung,Individual
CUST-20260,Makassar,Individual
CUST-20261,Palembang,Corporate
CUST-20262,Palembang,Individual
CUST-20263,Yogyakarta,Corporate
CUST-20264,Medan,Corporate
CUST-20265,Balikpapan,Individual
CUST-20266,Yogyakarta,Corporate
CUST-20267,Semarang,Corporate
CUST-20268,Makassar,Individual
CUST-20269,Yogyakarta,Individual
CUST-20270,Semarang,Individual
CUST-20271,Palembang,Corporate
CUST-20272,Surabaya,Individual
CUST-20273,Semarang,Individual
CUST-20274,Yogyakarta,Individual
CUST-20275,Medan,Individual
CUST-20276,Denpasar,Corporate
CUST-20277,Bandung,Individual
CUST-20278,Semarang,Individual
CUST-20279,Medan,Individual
CUST-20280,Jakarta,Corporate
CUST-20281,Denpasar,Individual
CUST-20282,Makassar,Individual
CUST-20283,Medan,Corporate
CUST-20284,Yogyakarta,Corporate
CUST-20285,Yogyakarta,Individual
CUST-20286,Denpasar,Corporate
CUST-20287,Yogyakarta,Corporate
CUST-20288,Balikpapan,Individual
CUST-20289,Balikpapan,Individual
CUST-20290,Surabaya,Individual
CUST-20291,Balikpapan,Individual
CUST-20292,Jakarta,nan
CUST-20293,Surabaya,Corporate
CUST-20294,Bandung,Individual
CUST-20295,Medan,nan
CUST-20296,Jakarta,Individual
CUST-20297,Medan,nan
CUST-20298,Surabaya,Individual
CUST-20299,Yogyakarta,nan
CUST-20300,Denpasar,nan
CUST-20301,Surabaya,Corporate
CUST-20302,Balikpapan,Corporate
CUST-20303,Semarang,Corporate
CUST-20304,Jakarta,nan
CUST-20305,Semarang,Individual
CUST-20306,Jakarta,Individual
CUST-20307,Balikpapan,Individual
CUST-20308,Bandung,Individual
CUST-20309,Semarang,Individual
CUST-20310,Jakarta,Corporate
CUST-20311,Balikpapan,Corporate
CUST-20312,Palembang,Corporate
CUST-20313,Surabaya,Individual
CUST-20314,Yogyakarta,nan
CUST-20315,Medan,Corporate
CUST-20316,Semarang,Individual
CUST-20317,Yogyakarta,Corporate
CUST-20318,Medan,Individual
CUST-20319,Balikpapan,Corporate
CUST-20320,Makassar,nan
CUST-20321,Medan,Individual
CUST-20322,Yogyakarta,nan
CUST-20323,Medan,Corporate
CUST-20324,Medan,Individual
CUST-20325,Denpasar,Individual
CUST-20326,Bandung,Individual
CUST-20327,Bandung,Individual
CUST-20328,Palembang,Individual
CUST-20329,Semarang,Individual
CUST-20330,Surabaya,Corporate
CUST-20331,Semarang,nan
CUST-20332,Balikpapan,Corporate
CUST-20333,Medan,Individual
CUST-20334,Bandung,Corporate
CUST-20335,Bandung,nan
CUST-20336,Yogyakarta,Corporate
CUST-20337,Balikpapan,Individual
CUST-20338,Denpasar,Corporate
CUST-20339,Denpasar,Individual
CUST-20340,Jakarta,Individual
CUST-20341,Semarang,nan
CUST-20342,Yogyakarta,Individual
CUST-20343,Balikpapan,Individual
CUST-20344,Yogyakarta,Individual
CUST-20345,Bandung,nan
CUST-20346,Balikpapan,Individual
CUST-20347,Palembang,Corporate
CUST-20348,Bandung,Individual
CUST-20349,Balikpapan,Individual
CUST-20350,Semarang,Individual
CUST-20351,Bandung,Individual
CUST-20352,Medan,nan
CUST-20353,Bandung,Individual
CUST-20354,Yogyakarta,Corporate
CUST-20355,Surabaya,nan
CUST-20356,Medan,Individual
CUST-20357,Surabaya,Individual
CUST-20358,Makassar,Corporate
CUST-20359,Surabaya,Individual
CUST-20360,Medan,Individual
CUST-20361,Denpasar,Individual
CUST-20362,Medan,Individual
CUST-20363,Makassar,Individual
CUST-20364,Denpasar,Individual
CUST-20365,Yogyakarta,Corporate
CUST-20366,Surabaya,nan
CUST-20367,Denpasar,Corporate
CUST-20368,Jakarta,Corporate
CUST-20369,Jakarta,Individual
CUST-20370,Yogyakarta,Individual
CUST-20371,Palembang,Individual
CUST-20372,Surabaya,nan
CUST-20373,Balikpapan,nan
CUST-20374,Surabaya,Individual
CUST-20375,Yogyakarta,nan
CUST-20376,Yogyakarta,Individual
CUST-20377,Denpasar,Individual
CUST-20378,Bandung,Individual
CUST-20379,Surabaya,Corporate
CUST-20380,Balikpapan,Corporate
CUST-20381,Yogyakarta,Individual
CUST-20382,Denpasar,nan
CUST-20383,Palembang,Corporate
CUST-20384,Semarang,Corporate
CUST-20385,Surabaya,Corporate
CUST-20386,Semarang,Corporate
CUST-20387,Surabaya,Individual
CUST-20388,Medan,Corporate
CUST-20389,Denpasar,Individual
CUST-20390,Bandung,Individual
CUST-20391,Makassar,Individual
CUST-20392,Makassar,Individual
CUST-20393,Denpasar,Individual
CUST-20394,Semarang,nan
CUST-20395,Surabaya,Corporate
CUST-20396,Medan,Corporate
CUST-20397,Surabaya,nan
CUST-20398,Jakarta,nan
CUST-20399,Yogyakarta,nan
CUST-20400,Surabaya,Individual
CUST-20401,Palembang,Individual
CUST-20402,Jakarta,Individual
CUST-20403,Yogyakarta,Individual
CUST-20404,Palembang,Individual
CUST-20405,Semarang,nan
CUST-20406,Makassar,Individual
CUST-20407,Semarang,Corporate
CUST-20408,Palembang,Corporate
CUST-20409,Palembang,Corporate
CUST-20410,Semarang,nan
CUST-20411,Balikpapan,Corporate
CUST-20412,Makassar,Corporate
CUST-20413,Bandung,Corporate
CUST-20414,Yogyakarta,Individual
CUST-20415,Yogyakarta,Individual
CUST-20416,Palembang,Corporate
CUST-20417,Balikpapan,Corporate
CUST-20418,Yogyakarta,Individual
CUST-20419,Bandung,Corporate
CUST-20420,Yogyakarta,Corporate
CUST-20421,Palembang,Corporate
CUST-20422,Semarang,nan
CUST-20423,Denpasar,Individual
CUST-20424,Bandung,nan
CUST-20425,Balikpapan,Corporate
CUST-20426,Medan,nan
CUST-20427,Makassar,Individual
CUST-20428,Balikpapan,Individual
CUST-20429,Semarang,Individual
CUST-20430,Bandung,Individual
CUST-20431,Balikpapan,Individual
CUST-20432,Denpasar,Individual
CUST-20433,Surabaya,Corporate
CUST-20434,Makassar,Individual
CUST-20435,Medan,nan
CUST-20436,Yogyakarta,Individual
CUST-20437,Balikpapan,Individual
CUST-20438,Yogyakarta,Individual
CUST-20439,Medan,Individual
CUST-20440,Surabaya,Individual
CUST-20441,Semarang,Corporate
CUST-20442,Semarang,Individual
CUST-20443,Semarang,Individual
CUST-20444,Balikpapan,Individual
CUST-20445,Yogyakarta,nan
CUST-20446,Bandung,Individual
CUST-20447,Denpasar,Individual
CUST-20448,Makassar,Individual
CUST-20449,Medan,Individual
CUST-20450,Semarang,Corporate
CUST-20451,Denpasar,Individual
CUST-20452,Bandung,Individual
CUST-20453,Yogyakarta,Corporate
CUST-20454,Palembang,Individual
CUST-20455,Semarang,Individual
CUST-20456,Jakarta,Individual
CUST-20457,Medan,Individual
CUST-20458,Jakarta,Corporate
CUST-20459,Surabaya,Individual
CUST-20460,Medan,nan
CUST-20461,Palembang,Corporate
CUST-20462,Balikpapan,Corporate
CUST-20463,Surabaya,Corporate
CUST-20464,Yogyakarta,Corporate
CUST-20465,Yogyakarta,Individual
CUST-20466,Palembang,nan
CUST-20467,Balikpapan,Corporate
CUST-20468,Jakarta,Individual
CUST-20469,Medan,Corporate
CUST-20470,Medan,Individual
CUST-20471,Semarang,Individual
CUST-20472,Yogyakarta,Individual
CUST-20473,Palembang,Individual
CUST-20474,Medan,Corporate
CUST-20475,Jakarta,Individual
CUST-20476,Balikpapan,Corporate
CUST-20477,Surabaya,Individual
CUST-20478,Jakarta,Individual
CUST-20479,Surabaya,Individual
CUST-20480,Bandung,Individual
CUST-20481,Semarang,Individual
CUST-20482,Makassar,Corporate
CUST-20483,Jakarta,Corporate
CUST-20484,Medan,Individual
CUST-20485,Makassar,Individual
CUST-20486,Palembang,Individual
CUST-20487,Medan,nan
CUST-20488,Palembang,nan
CUST-20489,Palembang,Individual
CUST-20490,Semarang,Individual
CUST-20491,Surabaya,nan
CUST-20492,Surabaya,nan
CUST-20493,Makassar,Individual
CUST-20494,Surabaya,Individual
CUST-20495,Jakarta,Corporate
CUST-20496,Makassar,Individual
CUST-20497,Yogyakarta,Individual
CUST-20498,Semarang,Individual
CUST-20499,Makassar,nan
CUST-20500,Makassar,Individual
CUST-20501,Semarang,Corporate
CUST-20502,Palembang,Individual
CUST-20503,Yogyakarta,Corporate
CUST-20504,Semarang,nan
CUST-20505,Bandung,Corporate
CUST-20506,Balikpapan,Corporate
CUST-20507,Medan,Individual
CUST-20508,Jakarta,nan
CUST-20509,Semarang,Individual
CUST-20510,Makassar,Individual
CUST-20511,Makassar,Individual
CUST-20512,Jakarta,Corporate
CUST-20513,Denpasar,Individual
CUST-20514,Denpasar,Individual
CUST-20515,Bandung,Corporate
CUST-20516,Medan,Corporate
CUST-20517,Palembang,Individual
CUST-20518,Denpasar,Corporate
CUST-20519,Balikpapan,Corporate
CUST-20520,Balikpapan,Corporate
CUST-20521,Denpasar,Individual
CUST-20522,Palembang,Individual
CUST-20523,Palembang,Individual
CUST-20524,Jakarta,Individual
CUST-20525,Balikpapan,Corporate
CUST-20526,Palembang,Individual
CUST-20527,Makassar,Corporate
CUST-20528,Surabaya,Individual
CUST-20529,Denpasar,nan
CUST-20530,Jakarta,Corporate
CUST-20531,Medan,Individual
CUST-20532,Denpasar,Corporate
CUST-20533,Jakarta,Corporate
CUST-20534,Makassar,nan
CUST-20535,Jakarta,Individual
CUST-20536,Makassar,Individual
CUST-20537,Semarang,Corporate
CUST-20538,Makassar,Individual
CUST-20539,Medan,Individual
CUST-20540,Makassar,Individual
CUST-20541,Balikpapan,Individual
CUST-20542,Medan,Individual
CUST-20543,Surabaya,Individual
CUST-20544,Jakarta,Corporate
CUST-20545,Balikpapan,Individual
CUST-20546,Palembang,Individual
CUST-20547,Semarang,Individual
CUST-20548,Denpasar,Individual
CUST-20549,Palembang,Individual
CUST-20550,Surabaya,Corporate
CUST-20551,Semarang,Individual
CUST-20552,Yogyakarta,Individual
CUST-20553,Jakarta,Individual
CUST-20554,Palembang,Individual
CUST-20555,Yogyakarta,Corporate
CUST-20556,Jakarta,nan
CUST-20557,Yogyakarta,Individual
CUST-20558,Denpasar,nan
CUST-20559,Palembang,Corporate
CUST-20560,Palembang,Individual
CUST-20561,Denpasar,Individual
CUST-20562,Balikpapan,Corporate
CUST-20563,Jakarta,Individual
CUST-20564,Denpasar,nan
CUST-20565,Palembang,Individual
CUST-20566,Semarang,nan
CUST-20567,Bandung,nan
CUST-20568,Palembang,nan
CUST-20569,Jakarta,Individual
CUST-20570,Denpasar,Individual
CUST-20571,Semarang,nan
CUST-20572,Semarang,Individual
CUST-20573,Surabaya,Corporate
CUST-20574,Bandung,Individual
CUST-20575,Balikpapan,nan
CUST-20576,Bandung,Individual
CUST-20577,Medan,Individual
CUST-20578,Surabaya,Individual
CUST-20579,Jakarta,Individual
CUST-20580,Yogyakarta,Individual
CUST-20581,Medan,Corporate
CUST-20582,Yogyakarta,Individual
CUST-20583,Palembang,Individual
CUST-20584,Palembang,Corporate
CUST-20585,Balikpapan,Corporate
CUST-20586,Yogyakarta,Corporate
CUST-20587,Jakarta,Individual
CUST-20588,Palembang,Corporate
CUST-20589,Surabaya,Individual
CUST-20590,Makassar,Individual
CUST-20591,Surabaya,Individual
CUST-20592,Medan,Individual
CUST-20593,Medan,Individual
CUST-20594,Palembang,Corporate
CUST-20595,Surabaya,Individual
CUST-20596,Surabaya,Individual
CUST-20597,Bandung,Individual
CUST-20598,Semarang,Corporate
CUST-20599,Palembang,Individual
CUST-20600,Palembang,Corporate
CUST-20601,Yogyakarta,Individual
CUST-20602,Denpasar,Individual
CUST-20603,Bandung,nan
CUST-20604,Yogyakarta,Individual
CUST-20605,Palembang,nan
CUST-20606,Yogyakarta,Individual
CUST-20607,Palembang,Corporate
CUST-20608,Palembang,Individual
CUST-20609,Palembang,Corporate
CUST-20610,Yogyakarta,Individual
CUST-20611,Bandung,Corporate
CUST-20612,Jakarta,Individual
CUST-20613,Balikpapan,Individual
CUST-20614,Makassar,Individual
CUST-20615,Surabaya,nan
CUST-20616,Makassar,Corporate
CUST-20617,Bandung,Individual
CUST-20618,Medan,Corporate
CUST-20619,Bandung,Individual
CUST-20620,Palembang,Individual
CUST-20621,Medan,Individual
CUST-20622,Denpasar,Corporate
CUST-20623,Palembang,Individual
CUST-20624,Palembang,nan
CUST-20625,Yogyakarta,nan
CUST-20626,Medan,Individual
CUST-20627,Palembang,Individual
CUST-20628,Balikpapan,Individual
CUST-20629,Makassar,Corporate
CUST-20630,Balikpapan,Individual
CUST-20631,Yogyakarta,Corporate
CUST-20632,Medan,Individual
CUST-20633,Denpasar,Individual
CUST-20634,Surabaya,Individual
CUST-20635,Medan,Individual
CUST-20636,Surabaya,Individual
CUST-20637,Bandung,Individual
CUST-20638,Medan,Individual
CUST-20639,Bandung,Individual
CUST-20640,Palembang,Individual
CUST-20641,Semarang,Corporate
CUST-20642,Semarang,Corporate
CUST-20643,Denpasar,Individual
CUST-20644,Makassar,Individual
CUST-20645,Bandung,Corporate
CUST-20646,Palembang,Corporate
CUST-20647,Jakarta,Individual
CUST-20648,Medan,Corporate
CUST-20649,Jakarta,Individual
CUST-20650,Palembang,Corporate
CUST-20651,Yogyakarta,Individual
CUST-20652,Surabaya,Individual
CUST-20653,Bandung,Corporate
CUST-20654,Palembang,Individual
CUST-20655,Yogyakarta,Individual
CUST-20656,Makassar,nan
CUST-20657,Palembang,nan
CUST-20658,Medan,Individual
CUST-20659,Yogyakarta,nan
CUST-20660,Makassar,Individual
CUST-20661,Jakarta,Corporate
CUST-20662,Yogyakarta,Individual
CUST-20663,Palembang,nan
CUST-20664,Medan,Corporate
CUST-20665,Yogyakarta,Corporate
CUST-20666,Surabaya,Individual
CUST-20667,Makassar,Corporate
CUST-20668,Denpasar,Individual
CUST-20669,Palembang,Corporate
CUST-20670,Medan,Individual
CUST-20671,Jakarta,Individual
CUST-20672,Jakarta,Individual
CUST-20673,Surabaya,Individual
CUST-20674,Makassar,Individual
CUST-20675,Medan,Individual
CUST-20676,Medan,Individual
CUST-20677,Jakarta,Individual
CUST-20678,Surabaya,Individual
CUST-20679,Jakarta,nan
CUST-20680,Medan,Individual
CUST-20681,Semarang,Individual
CUST-20682,Medan,nan
CUST-20683,Balikpapan,Individual
CUST-20684,Denpasar,Individual
CUST-20685,Palembang,Individual
CUST-20686,Palembang,Individual
CUST-20687,Palembang,Individual
CUST-20688,Balikpapan,Individual
CUST-20689,Semarang,Corporate
CUST-20690,Balikpapan,Individual
CUST-20691,Makassar,Individual
CUST-20692,Medan,Individual
CUST-20693,Bandung,Corporate
CUST-20694,Balikpapan,Individual
CUST-20695,Bandung,Individual
CUST-20696,Bandung,Individual
CUST-20697,Balikpapan,Corporate
CUST-20698,Balikpapan,Corporate
CUST-20699,Medan,Individual
CUST-20700,Palembang,Individual
CUST-20701,Medan,nan
CUST-20702,Surabaya,Individual
CUST-20703,Surabaya,Individual
CUST-20704,Palembang,Individual
CUST-20705,Medan,Individual
CUST-20706,Bandung,Individual
CUST-20707,Balikpapan,Individual
CUST-20708,Balikpapan,Individual
CUST-20709,Jakarta,Corporate
CUST-20710,Makassar,Corporate
CUST-20711,Palembang,nan
CUST-20712,Semarang,Individual
CUST-20713,Semarang,Individual
CUST-20714,Jakarta,nan
CUST-20715,Denpasar,Individual
CUST-20716,Medan,Individual
CUST-20717,Semarang,Corporate
CUST-20718,Bandung,Individual
CUST-20719,Makassar,nan
CUST-20720,Surabaya,Individual
CUST-20721,Semarang,nan
CUST-20722,Palembang,nan
CUST-20723,Medan,nan
CUST-20724,Bandung,Individual
CUST-20725,Makassar,Corporate
CUST-20726,Balikpapan,Individual
CUST-20727,Jakarta,Individual
CUST-20728,Semarang,nan
CUST-20729,Palembang,nan
CUST-20730,Jakarta,Corporate
CUST-20731,Yogyakarta,Individual
CUST-20732,Semarang,Individual
CUST-20733,Medan,Individual
CUST-20734,Bandung,Corporate
CUST-20735,Bandung,Corporate
CUST-20736,Balikpapan,Individual
CUST-20737,Makassar,Individual
CUST-20738,Balikpapan,Individual
CUST-20739,Bandung,nan
CUST-20740,Surabaya,Corporate
CUST-20741,Surabaya,Corporate
CUST-20742,Jakarta,Corporate
CUST-20743,Yogyakarta,Corporate
CUST-20744,Semarang,Individual
CUST-20745,Makassar,Individual
CUST-20746,Makassar,Corporate
CUST-20747,Palembang,Corporate
CUST-20748,Balikpapan,Corporate
CUST-20749,Bandung,Individual
CUST-20750,Balikpapan,Corporate
CUST-20751,Bandung,Corporate
CUST-20752,Jakarta,Individual
CUST-20753,Semarang,Corporate
CUST-20754,Makassar,nan
CUST-20755,Denpasar,Individual
CUST-20756,Palembang,Corporate
CUST-20757,Balikpapan,Individual
CUST-20758,Yogyakarta,nan
CUST-20759,Balikpapan,Individual
CUST-20760,Balikpapan,Individual
CUST-20761,Bandung,Corporate
CUST-20762,Makassar,Individual
CUST-20763,Surabaya,Individual
CUST-20764,Medan,Individual
CUST-20765,Bandung,nan
CUST-20766,Semarang,Individual
CUST-20767,Bandung,Individual
CUST-20768,Surabaya,Corporate
CUST-20769,Surabaya,Individual
CUST-20770,Makassar,Individual
CUST-20771,Makassar,Individual
CUST-20772,Palembang,Individual
CUST-20773,Denpasar,Corporate
CUST-20774,Semarang,Corporate
CUST-20775,Palembang,Individual
CUST-20776,Surabaya,Corporate
CUST-20777,Semarang,nan
CUST-20778,Balikpapan,Individual
CUST-20779,Yogyakarta,Individual
CUST-20780,Surabaya,Individual
CUST-20781,Yogyakarta,nan
CUST-20782,Palembang,Individual
CUST-20783,Surabaya,Corporate
CUST-20784,Bandung,Individual
CUST-20785,Denpasar,Individual
CUST-20786,Medan,Individual
CUST-20787,Bandung,Corporate
CUST-20788,Medan,nan
CUST-20789,Balikpapan,nan
CUST-20790,Jakarta,Individual
CUST-20791,Surabaya,Individual
CUST-20792,Semarang,Individual
CUST-20793,Makassar,Corporate
CUST-20794,Jakarta,Corporate
CUST-20795,Yogyakarta,Corporate
CUST-20796,Denpasar,Individual
CUST-20797,Semarang,Individual
CUST-20798,Makassar,Corporate
CUST-20799,Jakarta,Individual
CUST-20800,Makassar,Individual
CUST-20801,Semarang,nan
CUST-20802,Yogyakarta,Individual
CUST-20803,Balikpapan,Individual
CUST-20804,Balikpapan,Corporate
CUST-20805,Surabaya,Individual
CUST-20806,Semarang,Corporate
CUST-20807,Balikpapan,Individual
CUST-20808,Makassar,Corporate
CUST-20809,Makassar,nan
CUST-20810,Surabaya,Corporate
CUST-20811,Jakarta,Corporate
CUST-20812,Medan,Individual
CUST-20813,Surabaya,Individual
CUST-20814,Bandung,Individual
CUST-20815,Jakarta,Individual
CUST-20816,Palembang,Individual
CUST-20817,Jakarta,nan
CUST-20818,Semarang,Individual
CUST-20819,Semarang,Individual
CUST-20820,Bandung,nan
CUST-20821,Jakarta,Individual
CUST-20822,Makassar,Individual
CUST-20823,Jakarta,Corporate
CUST-20824,Jakarta,Corporate
CUST-20825,Jakarta,Individual
CUST-20826,Bandung,nan
CUST-20827,Denpasar,Corporate
CUST-20828,Palembang,nan
CUST-20829,Surabaya,Individual
CUST-20830,Balikpapan,Corporate
CUST-20831,Jakarta,Corporate
CUST-20832,Palembang,nan
CUST-20833,Surabaya,Individual
CUST-20834,Jakarta,Individual
CUST-20835,Medan,Individual
CUST-20836,Medan,Individual
CUST-20837,Medan,Corporate
CUST-20838,Palembang,nan
CUST-20839,Jakarta,Individual
CUST-20840,Palembang,Corporate
CUST-20841,Yogyakarta,Individual
CUST-20842,Palembang,Individual
CUST-20843,Jakarta,nan
CUST-20844,Palembang,nan
CUST-20845,Yogyakarta,Individual
CUST-20846,Palembang,Individual
CUST-20847,Palembang,Individual
CUST-20848,Semarang,Corporate
CUST-20849,Jakarta,Individual
CUST-20850,Surabaya,nan
CUST-20851,Semarang,Corporate
CUST-20852,Palembang,nan
CUST-20853,Medan,Corporate
CUST-20854,Makassar,Corporate
CUST-20855,Semarang,nan
CUST-20856,Bandung,Individual
CUST-20857,Denpasar,nan
CUST-20858,Medan,Individual
CUST-20859,Jakarta,Corporate
CUST-20860,Denpasar,Individual
CUST-20861,Medan,Individual
CUST-20862,Semarang,Corporate
CUST-20863,Bandung,Corporate
CUST-20864,Palembang,Individual
CUST-20865,Denpasar,Individual
CUST-20866,Bandung,Individual
CUST-20867,Denpasar,Individual
CUST-20868,Semarang,Individual
CUST-20869,Balikpapan,Individual
CUST-20870,Balikpapan,nan
CUST-20871,Makassar,nan
CUST-20872,Semarang,nan
CUST-20873,Surabaya,Corporate
CUST-20874,Surabaya,Individual
CUST-20875,Semarang,Individual
CUST-20876,Balikpapan,Individual
CUST-20877,Bandung,Individual
CUST-20878,Balikpapan,Individual
CUST-20879,Semarang,Individual
CUST-20880,Yogyakarta,Individual
CUST-20881,Semarang,Individual
CUST-20882,Semarang,Corporate
CUST-20883,Yogyakarta,Corporate
CUST-20884,Denpasar,Corporate
CUST-20885,Bandung,Corporate
CUST-20886,Jakarta,Individual
CUST-20887,Palembang,Individual
CUST-20888,Palembang,Corporate
CUST-20889,Yogyakarta,Individual
CUST-20890,Jakarta,Individual
CUST-20891,Jakarta,Individual
CUST-20892,Palembang,nan
CUST-20893,Surabaya,Corporate
CUST-20894,Yogyakarta,Individual
CUST-20895,Semarang,Individual
CUST-20896,Surabaya,Individual
CUST-20897,Bandung,Individual
CUST-20898,Palembang,Individual
CUST-20899,Medan,Corporate
CUST-20900,Yogyakarta,nan
CUST-20901,Denpasar,Individual
CUST-20902,Makassar,Corporate
CUST-20903,Surabaya,Corporate
CUST-20904,Makassar,Individual
CUST-20905,Denpasar,Individual
CUST-20906,Makassar,Corporate
CUST-20907,Surabaya,Corporate
CUST-20908,Jakarta,Corporate
CUST-20909,Bandung,nan
CUST-20910,Jakarta,nan
CUST-20911,Surabaya,Individual
CUST-20912,Semarang,Individual
CUST-20913,Palembang,Individual
CUST-20914,Palembang,nan
CUST-20915,Bandung,Individual
CUST-20916,Palembang,nan
CUST-20917,Balikpapan,nan
CUST-20918,Jakarta,Individual
CUST-20919,Balikpapan,Corporate
CUST-20920,Balikpapan,Individual
CUST-20921,Semarang,nan
CUST-20922,Medan,Corporate
CUST-20923,Yogyakarta,Individual
CUST-20924,Palembang,Individual
CUST-20925,Semarang,Individual
CUST-20926,Makassar,Corporate
CUST-20927,Makassar,Individual
CUST-20928,Makassar,Corporate
CUST-20929,Jakarta,Corporate
CUST-20930,Makassar,Individual
CUST-20931,Denpasar,Individual
CUST-20932,Makassar,Corporate
CUST-20933,Palembang,Individual
CUST-20934,Semarang,Individual
CUST-20935,Medan,Corporate
CUST-20936,Makassar,Individual
CUST-20937,Surabaya,Individual
CUST-20938,Yogyakarta,nan
CUST-20939,Palembang,Corporate
CUST-20940,Balikpapan,Individual
CUST-20941,Semarang,Individual
CUST-20942,Jakarta,Individual
CUST-20943,Palembang,Individual
CUST-20944,Denpasar,Individual
CUST-20945,Jakarta,Individual
CUST-20946,Surabaya,Individual
CUST-20947,Makassar,Corporate
CUST-20948,Jakarta,Corporate
CUST-20949,Surabaya,nan
CUST-20950,Semarang,Individual
CUST-20951,Balikpapan,Corporate
CUST-20952,Denpasar,Individual
CUST-20953,Denpasar,Individual
CUST-20954,Medan,Individual
CUST-20955,Balikpapan,Individual
CUST-20956,Balikpapan,Individual
CUST-20957,Palembang,Individual
CUST-20958,Denpasar,Corporate
CUST-20959,Denpasar,Individual
CUST-20960,Palembang,nan
CUST-20961,Surabaya,Corporate
CUST-20962,Bandung,Corporate
CUST-20963,Yogyakarta,Individual
CUST-20964,Bandung,Individual
CUST-20965,Palembang,Corporate
CUST-20966,Bandung,Individual
CUST-20967,Denpasar,nan
CUST-20968,Bandung,Corporate
CUST-20969,Denpasar,Individual
CUST-20970,Bandung,nan
CUST-20971,Balikpapan,Corporate
CUST-20972,Bandung,Individual
CUST-20973,Medan,Corporate
CUST-20974,Denpasar,Individual
CUST-20975,Jakarta,Individual
CUST-20976,Semarang,nan
CUST-20977,Semarang,Individual
CUST-20978,Surabaya,Individual
CUST-20979,Surabaya,Corporate
CUST-20980,Makassar,Individual
CUST-20981,Palembang,Corporate
CUST-20982,Balikpapan,Individual
CUST-20983,Medan,nan
CUST-20984,Semarang,nan
CUST-20985,Bandung,Individual
CUST-20986,Yogyakarta,Individual
CUST-20987,Bandung,Individual
CUST-20988,Medan,Corporate
CUST-20989,Surabaya,Individual
CUST-20990,Surabaya,nan
CUST-20991,Bandung,nan
CUST-20992,Surabaya,Individual
CUST-20993,Denpasar,Individual
CUST-20994,Jakarta,Corporate
CUST-20995,Jakarta,Individual
CUST-20996,Yogyakarta,nan
CUST-20997,Semarang,Corporate
CUST-20998,Surabaya,Individual
CUST-20999,Balikpapan,Corporate
CUST-21000,Jakarta,Individual
CUST-21001,Surabaya,Corporate
CUST-21002,Makassar,Individual
CUST-21003,Makassar,Individual
CUST-21004,Jakarta,Individual
CUST-21005,Bandung,Individual
CUST-21006,Denpasar,Corporate
CUST-21007,Surabaya,nan
CUST-21008,Balikpapan,Individual
CUST-21009,Balikpapan,Individual
CUST-21010,Yogyakarta,Individual
CUST-21011,Balikpapan,Individual
CUST-21012,Yogyakarta,Corporate
CUST-21013,Denpasar,Individual
CUST-21014,Bandung,Individual
CUST-21015,Yogyakarta,nan
CUST-21016,Semarang,Individual
CUST-21017,Bandung,Corporate
CUST-21018,Surabaya,Individual
CUST-21019,Jakarta,Individual
CUST-21020,Medan,Corporate
CUST-21021,Surabaya,Individual
CUST-21022,Balikpapan,Corporate
CUST-21023,Palembang,Individual
CUST-21024,Bandung,Individual
CUST-21025,Denpasar,nan
CUST-21026,Medan,Individual
CUST-21027,Jakarta,Individual
CUST-21028,Surabaya,Individual
CUST-21029,Denpasar,Individual
CUST-21030,Medan,Corporate
CUST-21031,Yogyakarta,Corporate
CUST-21032,Surabaya,nan
CUST-21033,Medan,nan
CUST-21034,Palembang,Individual
CUST-21035,Yogyakarta,Individual
CUST-21036,Medan,Individual
CUST-21037,Bandung,Individual
CUST-21038,Medan,Individual
CUST-21039,Bandung,Corporate
CUST-21040,Makassar,nan
CUST-21041,Bandung,Individual
CUST-21042,Palembang,Corporate
CUST-21043,Bandung,Corporate
CUST-21044,Bandung,Individual
CUST-21045,Palembang,Corporate
CUST-21046,Makassar,nan
CUST-21047,Makassar,Individual
CUST-21048,Medan,Individual
CUST-21049,Balikpapan,nan
CUST-21050,Medan,Individual
CUST-21051,Palembang,Corporate
CUST-21052,Jakarta,Individual
CUST-21053,Surabaya,Individual
CUST-21054,Makassar,nan
CUST-21055,Jakarta,nan
CUST-21056,Bandung,Individual
CUST-21057,Palembang,nan
CUST-21058,Medan,Individual
CUST-21059,Denpasar,nan
CUST-21060,Semarang,Individual
CUST-21061,Palembang,nan
CUST-21062,Balikpapan,nan
CUST-21063,Semarang,Individual
CUST-21064,Makassar,Individual
CUST-21065,Balikpapan,Individual
CUST-21066,Jakarta,Individual
CUST-21067,Denpasar,nan
CUST-21068,Jakarta,nan
CUST-21069,Semarang,Individual
CUST-21070,Bandung,Individual
CUST-21071,Makassar,Individual
CUST-21072,Denpasar,Corporate
CUST-21073,Medan,Corporate
CUST-21074,Semarang,Individual
CUST-21075,Medan,nan
CUST-21076,Medan,Individual
CUST-21077,Bandung,Corporate
CUST-21078,Medan,Individual
CUST-21079,Makassar,Individual
CUST-21080,Semarang,Corporate
CUST-21081,Denpasar,Individual
CUST-21082,Yogyakarta,Individual
CUST-21083,Semarang,Individual
CUST-21084,Balikpapan,Individual
CUST-21085,Makassar,Corporate
CUST-21086,Jakarta,Individual
CUST-21087,Makassar,Corporate
CUST-21088,Surabaya,Individual
CUST-21089,Surabaya,Individual
CUST-21090,Makassar,Individual
CUST-21091,Denpasar,Individual
CUST-21092,Balikpapan,nan
CUST-21093,Balikpapan,Individual
CUST-21094,Jakarta,Individual
CUST-21095,Medan,Individual
CUST-21096,Jakarta,Individual
CUST-21097,Surabaya,nan
CUST-21098,Balikpapan,Individual
CUST-21099,Yogyakarta,Corporate
CUST-21100,Medan,Corporate
CUST-21101,Yogyakarta,nan
CUST-21102,Surabaya,Individual
CUST-21103,Jakarta,Individual
CUST-21104,Balikpapan,nan
CUST-21105,Jakarta,Individual
CUST-21106,Semarang,Corporate
CUST-21107,Denpasar,Individual
CUST-21108,Medan,Individual
CUST-21109,Medan,Corporate
CUST-21110,Yogyakarta,nan
CUST-21111,Denpasar,Individual
CUST-21112,Makassar,nan
CUST-21113,Denpasar,Corporate
CUST-21114,Semarang,Corporate
CUST-21115,Jakarta,Individual
CUST-21116,Palembang,Corporate
CUST-21117,Surabaya,Corporate
CUST-21118,Jakarta,Individual
CUST-21119,Balikpapan,Individual
CUST-21120,Semarang,Corporate
CUST-21121,Yogyakarta,Individual
CUST-21122,Medan,Corporate
CUST-21123,Makassar,Corporate
CUST-21124,Semarang,Individual
CUST-21125,Semarang,Individual
CUST-21126,Surabaya,Corporate
CUST-21127,Denpasar,Corporate
CUST-21128,Surabaya,Individual
CUST-21129,Semarang,nan
CUST-21130,Bandung,Corporate
CUST-21131,Yogyakarta,Corporate
CUST-21132,Bandung,Individual
CUST-21133,Makassar,Individual
CUST-21134,Makassar,Corporate
CUST-21135,Semarang,Corporate
CUST-21136,Jakarta,Individual
CUST-21137,Surabaya,nan
CUST-21138,Bandung,Corporate
CUST-21139,Bandung,nan
CUST-21140,Bandung,Individual
CUST-21141,Jakarta,nan
CUST-21142,Surabaya,Corporate
CUST-21143,Makassar,nan
CUST-21144,Medan,Individual
CUST-21145,Jakarta,nan
CUST-21146,Palembang,Individual
CUST-21147,Balikpapan,Individual
CUST-21148,Surabaya,Individual
CUST-21149,Balikpapan,Individual
CUST-21150,Makassar,Individual
CUST-21151,Medan,Individual
CUST-21152,Balikpapan,Individual
CUST-21153,Semarang,Corporate
CUST-21154,Makassar,Individual
CUST-21155,Bandung,Individual
CUST-21156,Makassar,Corporate
CUST-21157,Balikpapan,Individual
CUST-21158,Jakarta,Individual
CUST-21159,Surabaya,Individual
CUST-21160,Palembang,Individual
CUST-21161,Medan,Corporate
CUST-21162,Yogyakarta,Individual
CUST-21163,Palembang,nan
CUST-21164,Medan,Corporate
CUST-21165,Balikpapan,Individual
CUST-21166,Yogyakarta,Individual
CUST-21167,Palembang,Individual
CUST-21168,Denpasar,Individual
CUST-21169,Surabaya,Individual
CUST-21170,Denpasar,nan
CUST-21171,Jakarta,Individual
CUST-21172,Balikpapan,nan
CUST-21173,Jakarta,nan
CUST-21174,Medan,Corporate
CUST-21175,Bandung,Individual
CUST-21176,Semarang,Individual
CUST-21177,Denpasar,Individual
CUST-21178,Medan,Individual
CUST-21179,Makassar,Corporate
CUST-21180,Makassar,nan
CUST-21181,Semarang,Individual
CUST-21182,Medan,Individual
CUST-21183,Semarang,Individual
CUST-21184,Denpasar,Individual
CUST-21185,Bandung,Individual
CUST-21186,Bandung,Corporate
CUST-21187,Semarang,Individual
CUST-21188,Bandung,Individual
CUST-21189,Yogyakarta,Corporate
CUST-21190,Yogyakarta,Individual
CUST-21191,Palembang,Individual
CUST-21192,Balikpapan,Individual
CUST-21193,Denpasar,Individual
CUST-21194,Semarang,Corporate
CUST-21195,Bandung,Corporate
CUST-21196,Medan,Individual
CUST-21197,Surabaya,nan
CUST-21198,Semarang,Corporate
CUST-21199,Yogyakarta,Individual
CUST-21200,Yogyakarta,Individual
CUST-21201,Jakarta,Individual
CUST-21202,Makassar,Corporate
CUST-21203,Surabaya,Individual
CUST-21204,Makassar,Individual
CUST-21205,Denpasar,Corporate
CUST-21206,Semarang,nan
CUST-21207,Medan,Individual
CUST-21208,Surabaya,Individual
CUST-21209,Semarang,nan
CUST-21210,Palembang,Individual
CUST-21211,Yogyakarta,Individual
CUST-21212,Bandung,Corporate
CUST-21213,Balikpapan,Individual
CUST-21214,Surabaya,Individual
CUST-21215,Denpasar,Individual
CUST-21216,Medan,Corporate
CUST-21217,Semarang,Individual
CUST-21218,Palembang,Corporate
CUST-21219,Jakarta,nan
CUST-21220,Jakarta,nan
CUST-21221,Medan,Individual
CUST-21222,Denpasar,Individual
CUST-21223,Makassar,Corporate
CUST-21224,Surabaya,Individual
CUST-21225,Semarang,Corporate
CUST-21226,Yogyakarta,Individual
CUST-21227,Surabaya,nan
CUST-21228,Surabaya,Individual
CUST-21229,Semarang,Corporate
CUST-21230,Makassar,Corporate
CUST-21231,Jakarta,Corporate
CUST-21232,Yogyakarta,Corporate
CUST-21233,Denpasar,nan
CUST-21234,Surabaya,Individual
CUST-21235,Yogyakarta,Individual
CUST-21236,Yogyakarta,Individual
CUST-21237,Yogyakarta,Individual
CUST-21238,Jakarta,Corporate
CUST-21239,Bandung,Corporate
CUST-21240,Makassar,nan
CUST-21241,Balikpapan,Individual
CUST-21242,Surabaya,Corporate
CUST-21243,Yogyakarta,Individual
CUST-21244,Jakarta,Individual
CUST-21245,Jakarta,Individual
CUST-21246,Semarang,Individual
CUST-21247,Semarang,Corporate
CUST-21248,Palembang,Corporate
CUST-21249,Denpasar,Individual
CUST-21250,Yogyakarta,Individual
CUST-21251,Balikpapan,Individual
CUST-21252,Jakarta,Individual
CUST-21253,Surabaya,Individual
CUST-21254,Medan,nan
CUST-21255,Semarang,nan
CUST-21256,Palembang,Individual
CUST-21257,Denpasar,Individual
CUST-21258,Yogyakarta,Corporate
CUST-21259,Surabaya,nan
CUST-21260,Jakarta,Corporate
CUST-21261,Yogyakarta,Corporate
CUST-21262,Makassar,Individual
CUST-21263,Medan,Corporate
CUST-21264,Denpasar,Individual
CUST-21265,Denpasar,Corporate
CUST-21266,Semarang,Corporate
CUST-21267,Jakarta,Corporate
CUST-21268,Semarang,Individual
CUST-21269,Bandung,Individual
CUST-21270,Surabaya,Individual
CUST-21271,Denpasar,nan
CUST-21272,Surabaya,Individual
CUST-21273,Jakarta,Individual
CUST-21274,Balikpapan,Individual
CUST-21275,Medan,Individual
CUST-21276,Bandung,Individual
CUST-21277,Palembang,Corporate
CUST-21278,Denpasar,Individual
CUST-21279,Denpasar,Individual
CUST-21280,Makassar,Individual
CUST-21281,Jakarta,Corporate
CUST-21282,Balikpapan,Individual
CUST-21283,Medan,Individual
CUST-21284,Surabaya,Corporate
CUST-21285,Makassar,nan
CUST-21286,Denpasar,Individual
CUST-21287,Yogyakarta,Individual
CUST-21288,Palembang,Corporate
CUST-21289,Medan,nan
CUST-21290,Makassar,Individual
CUST-21291,Denpasar,Corporate
CUST-21292,Palembang,Corporate
CUST-21293,Yogyakarta,Corporate
CUST-21294,Yogyakarta,Individual
CUST-21295,Surabaya,Corporate
CUST-21296,Surabaya,nan
CUST-21297,Balikpapan,Individual
CUST-21298,Jakarta,Individual
CUST-21299,Yogyakarta,nan
CUST-21300,Surabaya,Corporate
CUST-21301,Yogyakarta,Individual
CUST-21302,Medan,Individual
CUST-21303,Palembang,Corporate
CUST-21304,Bandung,Corporate
CUST-21305,Medan,nan
CUST-21306,Palembang,Corporate
CUST-21307,Semarang,Corporate
CUST-21308,Yogyakarta,Corporate
CUST-21309,Surabaya,Corporate
CUST-21310,Makassar,nan
CUST-21311,Medan,nan
CUST-21312,Yogyakarta,Individual
CUST-21313,Denpasar,Individual
CUST-21314,Denpasar,Individual
CUST-21315,Yogyakarta,nan
CUST-21316,Semarang,Individual
CUST-21317,Palembang,Individual
CUST-21318,Makassar,Corporate
CUST-21319,Makassar,nan
CUST-21320,Semarang,Corporate
CUST-21321,Medan,nan
CUST-21322,Bandung,Individual
CUST-21323,Bandung,Individual
CUST-21324,Yogyakarta,Corporate
CUST-21325,Semarang,Individual
CUST-21326,Balikpapan,Corporate
CUST-21327,Makassar,Individual
CUST-21328,Balikpapan,Individual
CUST-21329,Yogyakarta,nan
CUST-21330,Denpasar,Corporate
CUST-21331,Medan,Individual
CUST-21332,Denpasar,Corporate
CUST-21333,Denpasar,Individual
CUST-21334,Makassar,Individual
CUST-21335,Balikpapan,Individual
CUST-21336,Jakarta,Individual
CUST-21337,Palembang,Individual
CUST-21338,Medan,Individual
CUST-21339,Semarang,Corporate
CUST-21340,Palembang,Individual
CUST-21341,Denpasar,Corporate
CUST-21342,Surabaya,nan
CUST-21343,Surabaya,nan
CUST-21344,Yogyakarta,nan
CUST-21345,Makassar,Individual
CUST-21346,Jakarta,Individual
CUST-21347,Palembang,Individual
CUST-21348,Jakarta,nan
CUST-21349,Surabaya,Individual
CUST-21350,Yogyakarta,Individual
CUST-21351,Jakarta,nan
CUST-21352,Makassar,Individual
CUST-21353,Makassar,Corporate
CUST-21354,Surabaya,nan
CUST-21355,Yogyakarta,Individual
CUST-21356,Yogyakarta,Individual
CUST-21357,Makassar,Corporate
CUST-21358,Balikpapan,Individual
CUST-21359,Makassar,Individual
CUST-21360,Balikpapan,Corporate
CUST-21361,Jakarta,Individual
CUST-21362,Surabaya,Individual
CUST-21363,Semarang,Individual
CUST-21364,Bandung,Individual
CUST-21365,Makassar,Corporate
CUST-21366,Balikpapan,Individual
CUST-21367,Makassar,nan
CUST-21368,Palembang,Corporate
CUST-21369,Balikpapan,nan
CUST-21370,Medan,Individual
CUST-21371,Jakarta,Corporate
CUST-21372,Yogyakarta,nan
CUST-21373,Denpasar,Individual
CUST-21374,Balikpapan,Individual
CUST-21375,Bandung,Corporate
CUST-21376,Balikpapan,Corporate
CUST-21377,Medan,nan
CUST-21378,Palembang,Individual
CUST-21379,Jakarta,Individual
CUST-21380,Surabaya,Individual
CUST-21381,Surabaya,Individual
CUST-21382,Denpasar,Individual
CUST-21383,Makassar,Corporate
CUST-21384,Balikpapan,Corporate
CUST-21385,Yogyakarta,Individual
CUST-21386,Palembang,Individual
CUST-21387,Yogyakarta,Individual
CUST-21388,Surabaya,nan
CUST-21389,Palembang,Individual
CUST-21390,Denpasar,Individual
CUST-21391,Palembang,Individual
CUST-21392,Palembang,Individual
CUST-21393,Yogyakarta,Individual
CUST-21394,Denpasar,Individual
CUST-21395,Denpasar,Individual
CUST-21396,Jakarta,Individual
CUST-21397,Semarang,Individual
CUST-21398,Bandung,Individual
CUST-21399,Yogyakarta,Individual
CUST-21400,Surabaya,nan
CUST-21401,Balikpapan,Corporate
CUST-21402,Denpasar,Corporate
CUST-21403,Jakarta,Corporate
CUST-21404,Yogyakarta,nan
CUST-21405,Surabaya,Individual
CUST-21406,Palembang,nan
CUST-21407,Bandung,nan
CUST-21408,Palembang,nan
CUST-21409,Denpasar,nan
CUST-21410,Balikpapan,Individual
CUST-21411,Denpasar,Corporate
CUST-21412,Semarang,Corporate
CUST-21413,Semarang,Corporate
CUST-21414,Jakarta,Corporate
CUST-21415,Palembang,Individual
CUST-21416,Balikpapan,Corporate
CUST-21417,Denpasar,Individual
CUST-21418,Bandung,Individual
CUST-21419,Semarang,Corporate
CUST-21420,Palembang,Individual
CUST-21421,Yogyakarta,Corporate
CUST-21422,Makassar,Corporate
CUST-21423,Bandung,Individual
CUST-21424,Surabaya,Individual
CUST-21425,Jakarta,Individual
CUST-21426,Balikpapan,Individual
CUST-21427,Balikpapan,Individual
CUST-21428,Denpasar,Individual
CUST-21429,Jakarta,Individual
CUST-21430,Balikpapan,Corporate
CUST-21431,Balikpapan,Corporate
CUST-21432,Jakarta,Individual
CUST-21433,Bandung,nan
CUST-21434,Medan,nan
CUST-21435,Makassar,Individual
CUST-21436,Balikpapan,Individual
CUST-21437,Medan,nan
CUST-21438,Balikpapan,Individual
CUST-21439,Makassar,Individual
CUST-21440,Semarang,Individual
CUST-21441,Jakarta,Individual
CUST-21442,Jakarta,nan
CUST-21443,Palembang,Individual
CUST-21444,Yogyakarta,Corporate
CUST-21445,Palembang,Individual
CUST-21446,Semarang,Individual
CUST-21447,Denpasar,nan
CUST-21448,Palembang,nan
CUST-21449,Denpasar,Individual
CUST-21450,Palembang,Individual
CUST-21451,Palembang,Individual
CUST-21452,Palembang,Individual
CUST-21453,Denpasar,Individual
CUST-21454,Balikpapan,nan
CUST-21455,Denpasar,Individual
CUST-21456,Palembang,Individual
CUST-21457,Jakarta,Individual
CUST-21458,Palembang,Individual
CUST-21459,Makassar,Corporate
CUST-21460,Balikpapan,Corporate
CUST-21461,Semarang,Individual
CUST-21462,Medan,nan
CUST-21463,Jakarta,Corporate
CUST-21464,Medan,nan
CUST-21465,Bandung,Individual
CUST-21466,Balikpapan,Individual
CUST-21467,Balikpapan,Individual
CUST-21468,Palembang,Individual
CUST-21469,Yogyakarta,Corporate
CUST-21470,Bandung,Individual
CUST-21471,Bandung,nan
CUST-21472,Palembang,Corporate
CUST-21473,Medan,Corporate
CUST-21474,Jakarta,Individual
CUST-21475,Makassar,Individual
CUST-21476,Medan,nan
CUST-21477,Denpasar,Individual
CUST-21478,Denpasar,Individual
CUST-21479,Surabaya,Individual
CUST-21480,Makassar,Individual
CUST-21481,Surabaya,nan
CUST-21482,Makassar,Corporate
CUST-21483,Semarang,Individual
CUST-21484,Makassar,Individual
CUST-21485,Palembang,Individual
CUST-21486,Yogyakarta,Individual
CUST-21487,Denpasar,Individual
CUST-21488,Yogyakarta,Corporate
CUST-21489,Surabaya,Corporate
CUST-21490,Bandung,Individual
CUST-21491,Denpasar,nan
CUST-21492,Makassar,Individual
CUST-21493,Makassar,Corporate
CUST-21494,Balikpapan,nan
CUST-21495,Palembang,Individual
CUST-21496,Medan,Corporate
CUST-21497,Bandung,Individual
CUST-21498,Palembang,Corporate
CUST-21499,Bandung,Corporate
CUST-21500,Yogyakarta,Individual
CUST-21501,Palembang,Individual
CUST-21502,Palembang,Individual
CUST-21503,Balikpapan,Individual
CUST-21504,Palembang,Individual
CUST-21505,Semarang,Individual
CUST-21506,Bandung,Individual
CUST-21507,Yogyakarta,Corporate
CUST-21508,Surabaya,Corporate
CUST-21509,Balikpapan,nan
CUST-21510,Jakarta,Corporate
CUST-21511,Balikpapan,Corporate
CUST-21512,Surabaya,Corporate
CUST-21513,Balikpapan,Individual
CUST-21514,Medan,Individual
CUST-21515,Makassar,Individual
CUST-21516,Surabaya,Individual
CUST-21517,Medan,nan
CUST-21518,Jakarta,nan
CUST-21519,Medan,Individual
CUST-21520,Medan,Individual
CUST-21521,Surabaya,Individual
CUST-21522,Yogyakarta,nan
CUST-21523,Balikpapan,Corporate
CUST-21524,Denpasar,Individual
CUST-21525,Balikpapan,Individual
CUST-21526,Palembang,Individual
CUST-21527,Makassar,Individual
CUST-21528,Bandung,Individual
CUST-21529,Jakarta,Individual
CUST-21530,Semarang,Individual
CUST-21531,Jakarta,Individual
CUST-21532,Palembang,Individual
CUST-21533,Palembang,Corporate
CUST-21534,Denpasar,Corporate
CUST-21535,Balikpapan,Individual
CUST-21536,Medan,Individual
CUST-21537,Denpasar,Individual
CUST-21538,Bandung,Individual
CUST-21539,Palembang,Individual
CUST-21540,Palembang,nan
CUST-21541,Bandung,Individual
CUST-21542,Bandung,nan
CUST-21543,Yogyakarta,Individual
CUST-21544,Palembang,Individual
CUST-21545,Bandung,Corporate
CUST-21546,Bandung,nan
CUST-21547,Yogyakarta,Corporate
CUST-21548,Surabaya,Individual
CUST-21549,Semarang,Individual
CUST-21550,Surabaya,Corporate
CUST-21551,Bandung,Corporate
CUST-21552,Palembang,Corporate
CUST-21553,Makassar,Individual
CUST-21554,Semarang,nan
CUST-21555,Jakarta,nan
CUST-21556,Semarang,Individual
CUST-21557,Medan,Corporate
CUST-21558,Surabaya,Individual
CUST-21559,Balikpapan,Individual
CUST-21560,Balikpapan,Individual
CUST-21561,Palembang,Individual
CUST-21562,Yogyakarta,Individual
CUST-21563,Yogyakarta,Individual
CUST-21564,Yogyakarta,Individual
CUST-21565,Palembang,Individual
CUST-21566,Semarang,Corporate
CUST-21567,Jakarta,nan
CUST-21568,Bandung,Individual
CUST-21569,Surabaya,nan
CUST-21570,Jakarta,nan
CUST-21571,Medan,Individual
CUST-21572,Medan,nan
CUST-21573,Bandung,Individual
CUST-21574,Palembang,Corporate
CUST-21575,Jakarta,Corporate
CUST-21576,Medan,Individual
CUST-21577,Medan,Individual
CUST-21578,Surabaya,Individual
CUST-21579,Bandung,Individual
CUST-21580,Surabaya,Individual
CUST-21581,Yogyakarta,Individual
CUST-21582,Semarang,Individual
CUST-21583,Medan,Individual
CUST-21584,Yogyakarta,Individual
CUST-21585,Medan,Corporate
CUST-21586,Yogyakarta,Individual
CUST-21587,Yogyakarta,nan
CUST-21588,Medan,Corporate
CUST-21589,Palembang,Individual
CUST-21590,Makassar,Individual
CUST-21591,Makassar,Individual
CUST-21592,Jakarta,Individual
CUST-21593,Bandung,nan
CUST-21594,Denpasar,Corporate
CUST-21595,Palembang,Individual
CUST-21596,Medan,nan
CUST-21597,Medan,Individual
CUST-21598,Bandung,Individual
CUST-21599,Surabaya,Individual
CUST-21600,Makassar,nan
CUST-21601,Jakarta,Individual
CUST-21602,Bandung,Individual
CUST-21603,Denpasar,Individual
CUST-21604,Denpasar,Individual
CUST-21605,Jakarta,Individual
CUST-21606,Balikpapan,Individual
CUST-21607,Palembang,Individual
CUST-21608,Semarang,Individual
CUST-21609,Palembang,nan
CUST-21610,Medan,Individual
CUST-21611,Makassar,Individual
CUST-21612,Bandung,Corporate
CUST-21613,Bandung,Individual
CUST-21614,Palembang,nan
CUST-21615,Jakarta,Individual
CUST-21616,Bandung,Corporate
CUST-21617,Denpasar,Individual
CUST-21618,Makassar,Corporate
CUST-21619,Semarang,Corporate
CUST-21620,Medan,Individual
CUST-21621,Palembang,Corporate
CUST-21622,Balikpapan,Individual
CUST-21623,Bandung,Individual
CUST-21624,Semarang,Corporate
CUST-21625,Medan,Corporate
CUST-21626,Denpasar,Individual
CUST-21627,Bandung,nan
CUST-21628,Denpasar,Individual
CUST-21629,Palembang,nan
CUST-21630,Jakarta,Individual
CUST-21631,Palembang,Individual
CUST-21632,Bandung,Individual
CUST-21633,Palembang,Individual
CUST-21634,Medan,nan
CUST-21635,Semarang,Individual
CUST-21636,Makassar,Corporate
CUST-21637,Balikpapan,Individual
CUST-21638,Surabaya,Individual
CUST-21639,Makassar,Individual
CUST-21640,Jakarta,Individual
CUST-21641,Palembang,Individual
CUST-21642,Semarang,Individual
CUST-21643,Palembang,Individual
CUST-21644,Makassar,Corporate
CUST-21645,Semarang,Corporate
CUST-21646,Surabaya,Individual
CUST-21647,Denpasar,nan
CUST-21648,Jakarta,Individual
CUST-21649,Makassar,nan
CUST-21650,Bandung,nan
CUST-21651,Palembang,nan
CUST-21652,Jakarta,Corporate
CUST-21653,Surabaya,Individual
CUST-21654,Makassar,Corporate
CUST-21655,Semarang,Individual
CUST-21656,Surabaya,Corporate
CUST-21657,Makassar,Individual
CUST-21658,Bandung,nan
CUST-21659,Semarang,Individual
CUST-21660,Semarang,Corporate
CUST-21661,Semarang,Corporate
CUST-21662,Palembang,Corporate
CUST-21663,Palembang,Individual
CUST-21664,Jakarta,Individual
CUST-21665,Semarang,Individual
CUST-21666,Yogyakarta,nan
CUST-21667,Semarang,Individual
CUST-21668,Denpasar,Corporate
CUST-21669,Bandung,Individual
CUST-21670,Bandung,Individual
CUST-21671,Balikpapan,nan
CUST-21672,Makassar,Individual
CUST-21673,Makassar,Individual
CUST-21674,Jakarta,Corporate
CUST-21675,Semarang,Individual
CUST-21676,Bandung,Corporate
CUST-21677,Makassar,Individual
CUST-21678,Bandung,nan
CUST-21679,Semarang,nan
CUST-21680,Denpasar,Individual
CUST-21681,Denpasar,Individual
CUST-21682,Bandung,Individual
CUST-21683,Denpasar,Individual
CUST-21684,Bandung,Corporate
CUST-21685,Bandung,Individual
CUST-21686,Makassar,Individual
CUST-21687,Balikpapan,Corporate
CUST-21688,Semarang,Individual
CUST-21689,Surabaya,Individual
CUST-21690,Jakarta,Corporate
CUST-21691,Medan,Individual
CUST-21692,Semarang,Corporate
CUST-21693,Semarang,nan
CUST-21694,Jakarta,nan
CUST-21695,Denpasar,Individual
CUST-21696,Jakarta,Individual
CUST-21697,Medan,Individual
CUST-21698,Medan,Individual
CUST-21699,Surabaya,Individual
CUST-21700,Semarang,Individual
CUST-21701,Medan,Corporate
CUST-21702,Palembang,Individual
CUST-21703,Bandung,Corporate
CUST-21704,Denpasar,Corporate
CUST-21705,Yogyakarta,nan
CUST-21706,Bandung,Individual
CUST-21707,Balikpapan,Individual
CUST-21708,Denpasar,Individual
CUST-21709,Semarang,nan
CUST-21710,Balikpapan,Individual
CUST-21711,Denpasar,Corporate
CUST-21712,Semarang,Individual
CUST-21713,Jakarta,Individual
CUST-21714,Jakarta,Individual
CUST-21715,Medan,Individual
CUST-21716,Medan,Individual
CUST-21717,Semarang,Individual
CUST-21718,Semarang,Individual
CUST-21719,Yogyakarta,Individual
CUST-21720,Denpasar,Individual
CUST-21721,Bandung,Individual
CUST-21722,Bandung,Individual
CUST-21723,Surabaya,Corporate
CUST-21724,Denpasar,Corporate
CUST-21725,Balikpapan,Individual
CUST-21726,Medan,Individual
CUST-21727,Surabaya,Corporate
CUST-21728,Semarang,Individual
CUST-21729,Semarang,Individual
CUST-21730,Balikpapan,Corporate
CUST-21731,Balikpapan,Individual
CUST-21732,Jakarta,Corporate
CUST-21733,Yogyakarta,Individual
CUST-21734,Medan,nan
CUST-21735,Denpasar,Individual
CUST-21736,Denpasar,Individual
CUST-21737,Jakarta,Individual
CUST-21738,Balikpapan,Individual
CUST-21739,Jakarta,nan
CUST-21740,Jakarta,nan
CUST-21741,Balikpapan,Individual
CUST-21742,Medan,Corporate
CUST-21743,Palembang,Corporate
CUST-21744,Palembang,Individual
CUST-21745,Surabaya,nan
CUST-21746,Denpasar,Individual
CUST-21747,Bandung,Individual
CUST-21748,Medan,Individual
CUST-21749,Medan,Corporate
CUST-21750,Balikpapan,Corporate
CUST-21751,Surabaya,Corporate
CUST-21752,Surabaya,Individual
CUST-21753,Balikpapan,Individual
CUST-21754,Balikpapan,Corporate
CUST-21755,Yogyakarta,Corporate
CUST-21756,Bandung,Individual
CUST-21757,Makassar,Individual
CUST-21758,Medan,Individual
CUST-21759,Jakarta,Individual
CUST-21760,Makassar,Individual
CUST-21761,Yogyakarta,Individual
CUST-21762,Bandung,nan
CUST-21763,Denpasar,Corporate
CUST-21764,Medan,Individual
CUST-21765,Semarang,Individual
CUST-21766,Semarang,Individual
CUST-21767,Bandung,Individual
CUST-21768,Yogyakarta,Individual
CUST-21769,Makassar,Individual
CUST-21770,Bandung,Corporate
CUST-21771,Semarang,Corporate
CUST-21772,Medan,Individual
CUST-21773,Bandung,Corporate
CUST-21774,Denpasar,Individual
CUST-21775,Bandung,Individual
CUST-21776,Denpasar,Corporate
CUST-21777,Balikpapan,Corporate
CUST-21778,Yogyakarta,Individual
CUST-21779,Medan,Individual
CUST-21780,Balikpapan,Individual
CUST-21781,Semarang,nan
CUST-21782,Surabaya,Corporate
CUST-21783,Denpasar,Corporate
CUST-21784,Yogyakarta,Individual
CUST-21785,Surabaya,Individual
CUST-21786,Medan,nan
CUST-21787,Yogyakarta,Individual
CUST-21788,Surabaya,Corporate
CUST-21789,Bandung,Individual
CUST-21790,Semarang,Individual
CUST-21791,Jakarta,nan
CUST-21792,Yogyakarta,Corporate
CUST-21793,Bandung,nan
CUST-21794,Medan,Individual
CUST-21795,Bandung,Individual
CUST-21796,Denpasar,Individual
CUST-21797,Surabaya,nan
CUST-21798,Surabaya,Individual
CUST-21799,Bandung,Corporate
CUST-21800,Surabaya,Individual
CUST-21801,Jakarta,Individual
CUST-21802,Makassar,Individual
CUST-21803,Yogyakarta,Individual
CUST-21804,Yogyakarta,Individual
CUST-21805,Denpasar,Individual
CUST-21806,Surabaya,Individual
CUST-21807,Yogyakarta,Individual
CUST-21808,Balikpapan,Individual
CUST-21809,Yogyakarta,nan
CUST-21810,Denpasar,Corporate
CUST-21811,Medan,Individual
CUST-21812,Surabaya,Individual
CUST-21813,Makassar,Individual
CUST-21814,Jakarta,Individual
CUST-21815,Medan,Individual
CUST-21816,Denpasar,Individual
CUST-21817,Yogyakarta,nan
CUST-21818,Bandung,nan
CUST-21819,Semarang,Corporate
CUST-21820,Jakarta,Corporate
CUST-21821,Surabaya,Individual
CUST-21822,Semarang,Individual
CUST-21823,Denpasar,Individual
CUST-21824,Bandung,Corporate
CUST-21825,Jakarta,Individual
CUST-21826,Balikpapan,Corporate
CUST-21827,Denpasar,nan
CUST-21828,Denpasar,Individual
CUST-21829,Jakarta,nan
CUST-21830,Yogyakarta,Corporate
CUST-21831,Jakarta,Individual
CUST-21832,Bandung,Corporate
CUST-21833,Palembang,Individual
CUST-21834,Makassar,Individual
CUST-21835,Bandung,Individual
CUST-21836,Bandung,Corporate
CUST-21837,Medan,Corporate
CUST-21838,Surabaya,nan
CUST-21839,Palembang,Corporate
CUST-21840,Jakarta,nan
CUST-21841,Medan,Individual
CUST-21842,Bandung,Individual
CUST-21843,Surabaya,nan
CUST-21844,Medan,Individual
CUST-21845,Balikpapan,nan
CUST-21846,Yogyakarta,Corporate
CUST-21847,Yogyakarta,Individual
CUST-21848,Jakarta,Individual
CUST-21849,Yogyakarta,Individual
CUST-21850,Semarang,nan
CUST-21851,Yogyakarta,Corporate
CUST-21852,Bandung,Corporate
CUST-21853,Makassar,Individual
CUST-21854,Makassar,Individual
CUST-21855,Balikpapan,Individual
CUST-21856,Balikpapan,Corporate
CUST-21857,Medan,Corporate
CUST-21858,Balikpapan,Individual
CUST-21859,Denpasar,Individual
CUST-21860,Balikpapan,Individual
CUST-21861,Surabaya,Individual
CUST-21862,Medan,Individual
CUST-21863,Semarang,nan
CUST-21864,Jakarta,Individual
CUST-21865,Palembang,Corporate
CUST-21866,Palembang,Individual
CUST-21867,Makassar,Individual
CUST-21868,Denpasar,nan
CUST-21869,Medan,Individual
CUST-21870,Palembang,Individual
CUST-21871,Palembang,Individual
CUST-21872,Balikpapan,Individual
CUST-21873,Bandung,nan
CUST-21874,Jakarta,Corporate
CUST-21875,Yogyakarta,Individual
CUST-21876,Surabaya,Corporate
CUST-21877,Bandung,Individual
CUST-21878,Palembang,Individual
CUST-21879,Yogyakarta,Individual
CUST-21880,Yogyakarta,Individual
CUST-21881,Denpasar,Individual
CUST-21882,Jakarta,Individual
CUST-21883,Balikpapan,Corporate
CUST-21884,Semarang,Individual
CUST-21885,Medan,Individual
CUST-21886,Makassar,Corporate
CUST-21887,Yogyakarta,Individual
CUST-21888,Medan,nan
CUST-21889,Jakarta,Individual
CUST-21890,Makassar,Corporate
CUST-21891,Palembang,Individual
CUST-21892,Jakarta,Corporate
CUST-21893,Yogyakarta,Individual
CUST-21894,Palembang,Individual
CUST-21895,Denpasar,Corporate
CUST-21896,Bandung,Individual
CUST-21897,Semarang,Corporate
CUST-21898,Makassar,Corporate
CUST-21899,Yogyakarta,Corporate
CUST-21900,Palembang,Corporate
CUST-21901,Denpasar,nan
CUST-21902,Bandung,Individual
CUST-21903,Semarang,Corporate
CUST-21904,Medan,Corporate
CUST-21905,Surabaya,Individual
CUST-21906,Balikpapan,nan
CUST-21907,Surabaya,Individual
CUST-21908,Denpasar,Corporate
CUST-21909,Balikpapan,Individual
CUST-21910,Palembang,Individual
CUST-21911,Balikpapan,Corporate
CUST-21912,Medan,nan
CUST-21913,Jakarta,Individual
CUST-21914,Jakarta,Individual
CUST-21915,Palembang,Individual
CUST-21916,Palembang,Individual
CUST-21917,Palembang,nan
CUST-21918,Jakarta,Individual
CUST-21919,Yogyakarta,Corporate
CUST-21920,Surabaya,Individual
CUST-21921,Yogyakarta,Corporate
CUST-21922,Denpasar,Individual
CUST-21923,Surabaya,Individual
CUST-21924,Makassar,nan
CUST-21925,Makassar,Individual
CUST-21926,Makassar,nan
CUST-21927,Palembang,Corporate
CUST-21928,Medan,nan
CUST-21929,Jakarta,Individual
CUST-21930,Balikpapan,nan
CUST-21931,Balikpapan,Corporate
CUST-21932,Balikpapan,Individual
CUST-21933,Surabaya,Individual
CUST-21934,Jakarta,nan
CUST-21935,Jakarta,nan
CUST-21936,Jakarta,Individual
CUST-21937,Balikpapan,Corporate
CUST-21938,Balikpapan,Individual
CUST-21939,Makassar,Individual
CUST-21940,Makassar,Corporate
CUST-21941,Jakarta,Corporate
CUST-21942,Surabaya,Individual
CUST-21943,Medan,Individual
CUST-21944,Surabaya,nan
CUST-21945,Palembang,Corporate
CUST-21946,Medan,Individual
CUST-21947,Jakarta,Individual
CUST-21948,Semarang,Individual
CUST-21949,Bandung,Individual
CUST-21950,Denpasar,Individual
CUST-21951,Jakarta,Corporate
CUST-21952,Jakarta,Individual
CUST-21953,Semarang,Corporate
CUST-21954,Balikpapan,Individual
CUST-21955,Makassar,Corporate
CUST-21956,Jakarta,Individual
CUST-21957,Medan,Corporate
CUST-21958,Medan,Individual
CUST-21959,Medan,Individual
CUST-21960,Surabaya,Corporate
CUST-21961,Denpasar,Individual
CUST-21962,Medan,Individual
CUST-21963,Medan,nan
CUST-21964,Jakarta,Individual
CUST-21965,Balikpapan,Individual
CUST-21966,Palembang,Individual
CUST-21967,Yogyakarta,Individual
CUST-21968,Semarang,Corporate
CUST-21969,Semarang,nan
CUST-21970,Palembang,Individual
CUST-21971,Surabaya,Individual
CUST-21972,Jakarta,Individual
CUST-21973,Yogyakarta,Corporate
CUST-21974,Surabaya,Corporate
CUST-21975,Denpasar,Corporate
CUST-21976,Surabaya,Individual
CUST-21977,Palembang,Individual
CUST-21978,Surabaya,nan
CUST-21979,Yogyakarta,nan
CUST-21980,Semarang,nan
CUST-21981,Jakarta,Individual
CUST-21982,Denpasar,Individual
CUST-21983,Makassar,Individual
CUST-21984,Surabaya,Individual
CUST-21985,Palembang,nan
CUST-21986,Balikpapan,Individual
CUST-21987,Semarang,Individual
CUST-21988,Yogyakarta,nan
CUST-21989,Yogyakarta,Individual
CUST-21990,Bandung,Corporate
CUST-21991,Makassar,Individual
CUST-21992,Bandung,Corporate
CUST-21993,Bandung,Corporate
CUST-21994,Denpasar,nan
CUST-21995,Denpasar,Corporate
CUST-21996,Makassar,Individual
CUST-21997,Palembang,Corporate
CUST-21998,Denpasar,Individual
CUST-21999,Medan,Corporate
CUST-22000,Jakarta,Corporate
CUST-22001,Makassar,Individual
CUST-22002,Jakarta,Individual
CUST-22003,Jakarta,Corporate
CUST-22004,Makassar,Individual
CUST-22005,Balikpapan,nan
CUST-22006,Medan,Individual
CUST-22007,Balikpapan,Individual
CUST-22008,Palembang,Individual
CUST-22009,Surabaya,Individual
CUST-22010,Medan,Corporate
CUST-22011,Bandung,Individual
CUST-22012,Semarang,Individual
CUST-22013,Makassar,Corporate
CUST-22014,Makassar,Individual
CUST-22015,Balikpapan,Corporate
CUST-22016,Denpasar,nan
CUST-22017,Makassar,Corporate
CUST-22018,Jakarta,Individual
CUST-22019,Balikpapan,Individual
CUST-22020,Semarang,Individual
CUST-22021,Balikpapan,Individual
CUST-22022,Yogyakarta,Corporate
CUST-22023,Jakarta,Individual
CUST-22024,Balikpapan,Individual
CUST-22025,Surabaya,Individual
CUST-22026,Balikpapan,Corporate
CUST-22027,Surabaya,Corporate
CUST-22028,Medan,Individual
CUST-22029,Palembang,Individual
CUST-22030,Denpasar,Individual
CUST-22031,Makassar,Corporate
CUST-22032,Yogyakarta,Individual
CUST-22033,Semarang,Individual
CUST-22034,Denpasar,Corporate
CUST-22035,Balikpapan,Individual
CUST-22036,Medan,Individual
CUST-22037,Balikpapan,Corporate
CUST-22038,Surabaya,Individual
CUST-22039,Balikpapan,Individual
CUST-22040,Palembang,Corporate
CUST-22041,Yogyakarta,Corporate
CUST-22042,Palembang,Individual
CUST-22043,Yogyakarta,nan
CUST-22044,Jakarta,Individual
CUST-22045,Bandung,Individual
CUST-22046,Jakarta,Individual
CUST-22047,Yogyakarta,Individual
CUST-22048,Denpasar,Corporate
CUST-22049,Balikpapan,Corporate
CUST-22050,Yogyakarta,nan
CUST-22051,Medan,Individual
CUST-22052,Balikpapan,Individual
CUST-22053,Denpasar,Individual
CUST-22054,Yogyakarta,Individual
CUST-22055,Surabaya,Corporate
CUST-22056,Palembang,Individual
CUST-22057,Medan,Individual
CUST-22058,Bandung,Individual
CUST-22059,Denpasar,Individual
CUST-22060,Makassar,Individual
CUST-22061,Yogyakarta,Individual
CUST-22062,Palembang,Individual
CUST-22063,Bandung,nan
CUST-22064,Medan,nan
CUST-22065,Jakarta,Individual
CUST-22066,Yogyakarta,Corporate
CUST-22067,Denpasar,Individual
CUST-22068,Jakarta,Individual
CUST-22069,Makassar,Corporate
CUST-22070,Denpasar,nan
CUST-22071,Yogyakarta,Corporate
CUST-22072,Surabaya,Individual
CUST-22073,Balikpapan,Individual
CUST-22074,Makassar,nan
CUST-22075,Denpasar,Corporate
CUST-22076,Surabaya,Corporate
CUST-22077,Balikpapan,Individual
CUST-22078,Yogyakarta,nan
CUST-22079,Denpasar,Individual
CUST-22080,Palembang,nan
CUST-22081,Medan,Individual
CUST-22082,Semarang,Individual
CUST-22083,Yogyakarta,Individual
CUST-22084,Palembang,Corporate
CUST-22085,Medan,nan
CUST-22086,Semarang,Individual
CUST-22087,Balikpapan,nan
CUST-22088,Balikpapan,Individual
CUST-22089,Palembang,nan
CUST-22090,Semarang,Individual
CUST-22091,Semarang,nan
CUST-22092,Bandung,Individual
CUST-22093,Semarang,nan
CUST-22094,Denpasar,Individual
CUST-22095,Yogyakarta,Individual
CUST-22096,Makassar,Individual
CUST-22097,Balikpapan,Individual
CUST-22098,Surabaya,Corporate
CUST-22099,Bandung,Corporate
CUST-22100,Semarang,Individual
CUST-22101,Medan,Individual
CUST-22102,Jakarta,Corporate
CUST-22103,Makassar,nan
CUST-22104,Balikpapan,nan
CUST-22105,Surabaya,Individual
CUST-22106,Makassar,Individual
CUST-22107,Surabaya,Corporate
CUST-22108,Palembang,Individual
CUST-22109,Bandung,nan
CUST-22110,Surabaya,Corporate
CUST-22111,Palembang,Individual
CUST-22112,Semarang,Individual
CUST-22113,Medan,Individual
CUST-22114,Jakarta,Individual
CUST-22115,Makassar,Corporate
CUST-22116,Semarang,Individual
CUST-22117,Semarang,Corporate
CUST-22118,Yogyakarta,Corporate
CUST-22119,Jakarta,Corporate
CUST-22120,Bandung,Individual
CUST-22121,Makassar,nan
CUST-22122,Balikpapan,Individual
CUST-22123,Yogyakarta,Corporate
CUST-22124,Denpasar,Corporate
CUST-22125,Jakarta,Individual
CUST-22126,Makassar,Individual
CUST-22127,Semarang,nan
CUST-22128,Yogyakarta,Individual
CUST-22129,Semarang,nan
CUST-22130,Balikpapan,nan
CUST-22131,Palembang,Individual
CUST-22132,Balikpapan,Corporate
CUST-22133,Medan,Individual
CUST-22134,Surabaya,Individual
CUST-22135,Yogyakarta,Individual
CUST-22136,Medan,Individual
CUST-22137,Jakarta,Individual
CUST-22138,Semarang,Corporate
CUST-22139,Denpasar,Individual
CUST-22140,Makassar,Individual
CUST-22141,Makassar,Individual
CUST-22142,Bandung,nan
CUST-22143,Surabaya,Corporate
CUST-22144,Yogyakarta,Individual
CUST-22145,Denpasar,Individual
CUST-22146,Jakarta,Individual
CUST-22147,Semarang,Corporate
CUST-22148,Palembang,Individual
CUST-22149,Surabaya,Corporate
CUST-22150,Palembang,Corporate
CUST-22151,Bandung,Individual
CUST-22152,Balikpapan,Individual
CUST-22153,Palembang,Individual
CUST-22154,Jakarta,Individual
CUST-22155,Palembang,Individual
CUST-22156,Palembang,Individual
CUST-22157,Balikpapan,Individual
CUST-22158,Palembang,nan
CUST-22159,Surabaya,Corporate
CUST-22160,Surabaya,Individual
CUST-22161,Medan,nan
CUST-22162,Yogyakarta,Individual
CUST-22163,Palembang,Corporate
CUST-22164,Balikpapan,Individual
CUST-22165,Balikpapan,Individual
CUST-22166,Jakarta,Individual
CUST-22167,Makassar,Individual
CUST-22168,Surabaya,nan
CUST-22169,Yogyakarta,Individual
CUST-22170,Medan,nan
CUST-22171,Yogyakarta,Corporate
CUST-22172,Balikpapan,Individual
CUST-22173,Yogyakarta,Corporate
CUST-22174,Medan,Individual
CUST-22175,Bandung,nan
CUST-22176,Semarang,Individual
CUST-22177,Makassar,Individual
CUST-22178,Semarang,Individual
CUST-22179,Balikpapan,Individual
CUST-22180,Bandung,Individual
CUST-22181,Balikpapan,Corporate
CUST-22182,Yogyakarta,Corporate
CUST-22183,Yogyakarta,Individual
CUST-22184,Jakarta,Individual
CUST-22185,Semarang,Corporate
CUST-22186,Balikpapan,Individual
CUST-22187,Denpasar,Individual
CUST-22188,Makassar,Individual
CUST-22189,Denpasar,Individual
CUST-22190,Jakarta,Corporate
CUST-22191,Surabaya,Individual
CUST-22192,Denpasar,Individual
CUST-22193,Denpasar,Individual
CUST-22194,Medan,Individual
CUST-22195,Medan,Individual
CUST-22196,Semarang,Individual
CUST-22197,Bandung,Individual
CUST-22198,Semarang,Individual
CUST-22199,Makassar,Individual
CUST-22200,Yogyakarta,Corporate
CUST-22201,Jakarta,nan
CUST-22202,Bandung,Corporate
CUST-22203,Yogyakarta,Corporate
CUST-22204,Balikpapan,Corporate
CUST-22205,Medan,Individual
CUST-22206,Makassar,Corporate
CUST-22207,Semarang,Individual
CUST-22208,Surabaya,Individual
CUST-22209,Surabaya,Individual
CUST-22210,Medan,Individual
CUST-22211,Yogyakarta,nan
CUST-22212,Medan,Individual
CUST-22213,Makassar,Corporate
CUST-22214,Makassar,Corporate
CUST-22215,Makassar,nan
CUST-22216,Jakarta,nan
CUST-22217,Yogyakarta,Individual
CUST-22218,Surabaya,nan
CUST-22219,Bandung,Individual
CUST-22220,Semarang,Corporate
CUST-22221,Semarang,Corporate
CUST-22222,Surabaya,Individual
CUST-22223,Palembang,Corporate
CUST-22224,Denpasar,Corporate
CUST-22225,Medan,Individual
CUST-22226,Jakarta,Corporate
CUST-22227,Denpasar,Corporate
CUST-22228,Balikpapan,Individual
CUST-22229,Denpasar,Corporate
CUST-22230,Jakarta,Individual
CUST-22231,Balikpapan,Individual
CUST-22232,Bandung,Individual
CUST-22233,Yogyakarta,Individual
CUST-22234,Yogyakarta,Individual
CUST-22235,Makassar,Corporate
CUST-22236,Balikpapan,nan
CUST-22237,Medan,nan
CUST-22238,Yogyakarta,Individual
CUST-22239,Medan,Corporate
CUST-22240,Medan,Corporate
CUST-22241,Medan,Corporate
CUST-22242,Denpasar,Individual
CUST-22243,Balikpapan,Corporate
CUST-22244,Semarang,Individual
CUST-22245,Jakarta,Individual
CUST-22246,Medan,Individual
CUST-22247,Makassar,nan
CUST-22248,Balikpapan,nan
CUST-22249,Balikpapan,Corporate
CUST-22250,Bandung,nan
CUST-22251,Balikpapan,nan
CUST-22252,Surabaya,Corporate
CUST-22253,Makassar,Individual
CUST-22254,Yogyakarta,Individual
CUST-22255,Denpasar,Individual
CUST-22256,Surabaya,nan
CUST-22257,Yogyakarta,Individual
CUST-22258,Bandung,nan
CUST-22259,Semarang,Individual
CUST-22260,Palembang,Individual
CUST-22261,Jakarta,Individual
CUST-22262,Bandung,Corporate
CUST-22263,Medan,Corporate
CUST-22264,Denpasar,Individual
CUST-22265,Bandung,nan
CUST-22266,Yogyakarta,Individual
CUST-22267,Makassar,nan
CUST-22268,Makassar,Individual
CUST-22269,Balikpapan,Individual
CUST-22270,Bandung,Individual
CUST-22271,Makassar,Corporate
CUST-22272,Yogyakarta,Individual
CUST-22273,Jakarta,Individual
CUST-22274,Denpasar,Individual
CUST-22275,Denpasar,nan
CUST-22276,Jakarta,nan
CUST-22277,Palembang,Individual
CUST-22278,Semarang,nan
CUST-22279,Denpasar,Individual
CUST-22280,Jakarta,nan
CUST-22281,Makassar,Individual
CUST-22282,Medan,Individual
CUST-22283,Jakarta,Corporate
CUST-22284,Makassar,Individual
CUST-22285,Semarang,Individual
CUST-22286,Bandung,nan
CUST-22287,Bandung,nan
CUST-22288,Makassar,Individual
CUST-22289,Makassar,Corporate
CUST-22290,Medan,Individual
CUST-22291,Surabaya,Corporate
CUST-22292,Surabaya,Individual
CUST-22293,Surabaya,Individual
CUST-22294,Jakarta,Individual
CUST-22295,Bandung,Individual
CUST-22296,Makassar,nan
CUST-22297,Surabaya,Individual
CUST-22298,Yogyakarta,Individual
CUST-22299,Yogyakarta,Individual
CUST-22300,Jakarta,Individual
CUST-22301,Denpasar,Corporate
CUST-22302,Balikpapan,Corporate
CUST-22303,Yogyakarta,Individual
CUST-22304,Balikpapan,Individual
CUST-22305,Makassar,Individual
CUST-22306,Palembang,Individual
CUST-22307,Palembang,Individual
CUST-22308,Balikpapan,Individual
CUST-22309,Denpasar,nan
CUST-22310,Medan,Corporate
CUST-22311,Balikpapan,Individual
CUST-22312,Jakarta,Individual
CUST-22313,Balikpapan,Individual
CUST-22314,Yogyakarta,Individual
CUST-22315,Palembang,Corporate
CUST-22316,Medan,Individual
CUST-22317,Bandung,Individual
CUST-22318,Makassar,Individual
CUST-22319,Makassar,Individual
CUST-22320,Denpasar,nan
CUST-22321,Makassar,Corporate
CUST-22322,Yogyakarta,Individual
CUST-22323,Jakarta,Individual
CUST-22324,Denpasar,Individual
CUST-22325,Balikpapan,Individual
CUST-22326,Denpasar,Individual
CUST-22327,Makassar,Individual
CUST-22328,Bandung,Individual
CUST-22329,Bandung,Individual
CUST-22330,Denpasar,nan
CUST-22331,Palembang,nan
CUST-22332,Medan,Individual
CUST-22333,Bandung,Individual
CUST-22334,Semarang,Individual
CUST-22335,Medan,Individual
CUST-22336,Semarang,Corporate
CUST-22337,Semarang,Individual
CUST-22338,Balikpapan,nan
CUST-22339,Jakarta,Individual
CUST-22340,Denpasar,Individual
CUST-22341,Semarang,Individual
CUST-22342,Jakarta,Individual
CUST-22343,Denpasar,Individual
CUST-22344,Bandung,Individual
CUST-22345,Bandung,nan
CUST-22346,Bandung,Corporate
CUST-22347,Jakarta,Individual
CUST-22348,Denpasar,nan
CUST-22349,Bandung,Individual
CUST-22350,Medan,Individual
CUST-22351,Medan,Individual
CUST-22352,Balikpapan,Individual
CUST-22353,Makassar,Corporate
CUST-22354,Jakarta,Individual
CUST-22355,Jakarta,Individual
CUST-22356,Surabaya,Individual
CUST-22357,Makassar,Individual
CUST-22358,Palembang,Corporate
CUST-22359,Makassar,Individual
CUST-22360,Semarang,Individual
CUST-22361,Makassar,Individual
CUST-22362,Balikpapan,nan
CUST-22363,Balikpapan,Individual
CUST-22364,Semarang,Individual
CUST-22365,Jakarta,Individual
CUST-22366,Surabaya,Individual
CUST-22367,Balikpapan,Individual
CUST-22368,Yogyakarta,Individual
CUST-22369,Balikpapan,nan
CUST-22370,Palembang,Corporate
CUST-22371,Denpasar,Individual
CUST-22372,Balikpapan,Individual
CUST-22373,Palembang,Individual
CUST-22374,Surabaya,nan
CUST-22375,Denpasar,nan
CUST-22376,Makassar,Individual
CUST-22377,Jakarta,Individual
CUST-22378,Bandung,Individual
CUST-22379,Jakarta,Individual
CUST-22380,Surabaya,Individual
CUST-22381,Semarang,Individual
CUST-22382,Denpasar,Individual
CUST-22383,Yogyakarta,nan
CUST-22384,Semarang,Corporate
CUST-22385,Medan,Corporate
CUST-22386,Jakarta,Individual
CUST-22387,Bandung,Individual
CUST-22388,Balikpapan,Individual
CUST-22389,Medan,Individual
CUST-22390,Yogyakarta,Corporate
CUST-22391,Medan,Individual
CUST-22392,Palembang,nan
CUST-22393,Jakarta,Individual
CUST-22394,Jakarta,Corporate
CUST-22395,Makassar,Individual
CUST-22396,Yogyakarta,Individual
CUST-22397,Jakarta,Individual
CUST-22398,Semarang,Corporate
CUST-22399,Denpasar,nan
CUST-22400,Yogyakarta,Individual
CUST-22401,Balikpapan,Individual
CUST-22402,Palembang,Individual
CUST-22403,Jakarta,Corporate
CUST-22404,Yogyakarta,Individual
CUST-22405,Balikpapan,Corporate
CUST-22406,Jakarta,nan
CUST-22407,Medan,nan
CUST-22408,Makassar,Individual
CUST-22409,Makassar,Individual
CUST-22410,Denpasar,Individual
CUST-22411,Bandung,Individual
CUST-22412,Medan,Individual
CUST-22413,Medan,Individual
CUST-22414,Denpasar,Individual
CUST-22415,Bandung,Corporate
CUST-22416,Makassar,Individual
CUST-22417,Makassar,Individual
CUST-22418,Palembang,nan
CUST-22419,Balikpapan,nan
CUST-22420,Makassar,Corporate
CUST-22421,Makassar,Individual
CUST-22422,Surabaya,Individual
CUST-22423,Palembang,Corporate
CUST-22424,Jakarta,Individual
CUST-22425,Palembang,Individual
CUST-22426,Denpasar,Individual
CUST-22427,Semarang,Individual
CUST-22428,Bandung,Individual
CUST-22429,Medan,nan
CUST-22430,Jakarta,Individual
CUST-22431,Balikpapan,Corporate
CUST-22432,Denpasar,Individual
CUST-22433,Denpasar,Individual
CUST-22434,Balikpapan,Individual
CUST-22435,Medan,Corporate
CUST-22436,Palembang,Individual
CUST-22437,Palembang,Corporate
CUST-22438,Yogyakarta,nan
CUST-22439,Semarang,Individual
CUST-22440,Palembang,Individual
CUST-22441,Medan,Individual
CUST-22442,Makassar,Individual
CUST-22443,Semarang,Corporate
CUST-22444,Medan,nan
CUST-22445,Surabaya,Individual
CUST-22446,Medan,Corporate
CUST-22447,Denpasar,Individual
CUST-22448,Denpasar,Individual
CUST-22449,Bandung,Individual
CUST-22450,Bandung,Individual
CUST-22451,Yogyakarta,Individual
CUST-22452,Balikpapan,Corporate
CUST-22453,Medan,Individual
CUST-22454,Denpasar,Corporate
CUST-22455,Yogyakarta,Individual
CUST-22456,Jakarta,Corporate
CUST-22457,Palembang,nan
CUST-22458,Jakarta,Corporate
CUST-22459,Yogyakarta,Individual
CUST-22460,Jakarta,Corporate
CUST-22461,Palembang,Corporate
CUST-22462,Jakarta,Individual
CUST-22463,Denpasar,Individual
CUST-22464,Medan,Corporate
CUST-22465,Semarang,Corporate
CUST-22466,Denpasar,Individual
CUST-22467,Balikpapan,Corporate
CUST-22468,Surabaya,Individual
CUST-22469,Medan,Corporate
CUST-22470,Jakarta,Individual
CUST-22471,Semarang,Corporate
CUST-22472,Bandung,Individual
CUST-22473,Jakarta,Corporate
CUST-22474,Palembang,Individual
CUST-22475,Bandung,Individual
CUST-22476,Yogyakarta,Individual
CUST-22477,Jakarta,Individual
CUST-22478,Yogyakarta,Individual
CUST-22479,Balikpapan,Individual
CUST-22480,Surabaya,Individual
CUST-22481,Palembang,Corporate
CUST-22482,Jakarta,Individual
CUST-22483,Jakarta,Corporate
CUST-22484,Makassar,Individual
CUST-22485,Denpasar,Individual
CUST-22486,Bandung,Corporate
CUST-22487,Bandung,nan
CUST-22488,Bandung,nan
CUST-22489,Semarang,Corporate
CUST-22490,Semarang,Individual
CUST-22491,Semarang,Corporate
CUST-22492,Palembang,Corporate
CUST-22493,Jakarta,Corporate
CUST-22494,Balikpapan,Individual
CUST-22495,Balikpapan,Individual
CUST-22496,Balikpapan,Individual
CUST-22497,Yogyakarta,Individual
CUST-22498,Jakarta,Corporate
CUST-22499,Jakarta,Individual
CUST-22500,Denpasar,Corporate
CUST-22501,Medan,Individual
CUST-22502,Balikpapan,nan
CUST-22503,Balikpapan,Individual
CUST-22504,Semarang,Individual
CUST-22505,Yogyakarta,Corporate
CUST-22506,Medan,Corporate
CUST-22507,Jakarta,Corporate
CUST-22508,Bandung,nan
CUST-22509,Denpasar,Corporate
CUST-22510,Bandung,nan
CUST-22511,Denpasar,Individual
CUST-22512,Palembang,Corporate
CUST-22513,Palembang,Corporate
CUST-22514,Palembang,Individual
CUST-22515,Palembang,Individual
CUST-22516,Jakarta,Corporate
CUST-22517,Surabaya,Corporate
CUST-22518,Surabaya,Individual
CUST-22519,Balikpapan,Individual
CUST-22520,Makassar,Individual
CUST-22521,Yogyakarta,Corporate
CUST-22522,Balikpapan,Individual
CUST-22523,Yogyakarta,Individual
CUST-22524,Bandung,Individual
CUST-22525,Bandung,nan
CUST-22526,Makassar,Individual
CUST-22527,Semarang,Individual
CUST-22528,Jakarta,Individual
CUST-22529,Palembang,Individual
CUST-22530,Balikpapan,Individual
CUST-22531,Makassar,nan
CUST-22532,Balikpapan,Corporate
CUST-22533,Denpasar,Individual
CUST-22534,Surabaya,nan
CUST-22535,Jakarta,nan
CUST-22536,Denpasar,Individual
CUST-22537,Palembang,Corporate
CUST-22538,Surabaya,Individual
CUST-22539,Makassar,Individual
CUST-22540,Surabaya,Corporate
CUST-22541,Palembang,Individual
CUST-22542,Jakarta,Individual
CUST-22543,Denpasar,nan
CUST-22544,Denpasar,Individual
CUST-22545,Jakarta,Individual
CUST-22546,Makassar,Individual
CUST-22547,Surabaya,Individual
CUST-22548,Palembang,Individual
CUST-22549,Makassar,Corporate
CUST-22550,Medan,nan
CUST-22551,Makassar,Corporate
CUST-22552,Medan,nan
CUST-22553,Surabaya,Corporate
CUST-22554,Surabaya,Individual
CUST-22555,Medan,Individual
CUST-22556,Yogyakarta,Corporate
CUST-22557,Semarang,Corporate
CUST-22558,Makassar,Individual
CUST-22559,Denpasar,Individual
CUST-22560,Jakarta,nan
CUST-22561,Semarang,Corporate
CUST-22562,Denpasar,Individual
CUST-22563,Balikpapan,Individual
CUST-22564,Palembang,Individual
CUST-22565,Bandung,Corporate
CUST-22566,Yogyakarta,Corporate
CUST-22567,Semarang,Corporate
CUST-22568,Medan,Individual
CUST-22569,Surabaya,Corporate
CUST-22570,Jakarta,Individual
CUST-22571,Surabaya,Individual
CUST-22572,Yogyakarta,Individual
CUST-22573,Yogyakarta,Individual
CUST-22574,Medan,Corporate
CUST-22575,Yogyakarta,Corporate
CUST-22576,Semarang,nan
CUST-22577,Denpasar,Individual
CUST-22578,Yogyakarta,Individual
CUST-22579,Surabaya,Individual
CUST-22580,Makassar,Corporate
CUST-22581,Surabaya,Corporate
CUST-22582,Balikpapan,Individual
CUST-22583,Denpasar,Individual
CUST-22584,Jakarta,Individual
CUST-22585,Denpasar,Individual
CUST-22586,Yogyakarta,nan
CUST-22587,Semarang,Individual
CUST-22588,Balikpapan,Corporate
CUST-22589,Yogyakarta,Individual
CUST-22590,Bandung,Individual
CUST-22591,Surabaya,Individual
CUST-22592,Jakarta,Individual
CUST-22593,Semarang,Individual
CUST-22594,Jakarta,nan
CUST-22595,Medan,Corporate
CUST-22596,Semarang,Corporate
CUST-22597,Semarang,Individual
CUST-22598,Yogyakarta,Individual
CUST-22599,Semarang,Individual
CUST-22600,Bandung,Individual
CUST-22601,Semarang,nan
CUST-22602,Semarang,nan
CUST-22603,Makassar,Corporate
CUST-22604,Bandung,nan
CUST-22605,Denpasar,Individual
CUST-22606,Balikpapan,Individual
CUST-22607,Semarang,nan
CUST-22608,Palembang,Individual
CUST-22609,Medan,Individual
CUST-22610,Semarang,Corporate
CUST-22611,Surabaya,Individual
CUST-22612,Jakarta,Individual
CUST-22613,Makassar,Corporate
CUST-22614,Jakarta,Corporate
CUST-22615,Palembang,Individual
CUST-22616,Balikpapan,Corporate
CUST-22617,Medan,Individual
CUST-22618,Medan,Individual
CUST-22619,Yogyakarta,Individual
CUST-22620,Surabaya,Individual
CUST-22621,Makassar,nan
CUST-22622,Medan,nan
CUST-22623,Surabaya,Individual
CUST-22624,Balikpapan,nan
CUST-22625,Yogyakarta,Corporate
CUST-22626,Balikpapan,Corporate
CUST-22627,Balikpapan,Corporate
CUST-22628,Jakarta,Corporate
CUST-22629,Denpasar,Individual
CUST-22630,Makassar,Individual
CUST-22631,Palembang,nan
CUST-22632,Medan,Individual
CUST-22633,Jakarta,Corporate
CUST-22634,Yogyakarta,nan
CUST-22635,Balikpapan,nan
CUST-22636,Bandung,Individual
CUST-22637,Balikpapan,Individual
CUST-22638,Surabaya,Individual
CUST-22639,Yogyakarta,Individual
CUST-22640,Balikpapan,Individual
CUST-22641,Yogyakarta,Individual
CUST-22642,Surabaya,Corporate
CUST-22643,Medan,Corporate
CUST-22644,Makassar,nan
CUST-22645,Balikpapan,Corporate
CUST-22646,Jakarta,Corporate
CUST-22647,Denpasar,nan
CUST-22648,Jakarta,Corporate
CUST-22649,Medan,Corporate
CUST-22650,Jakarta,Individual
CUST-22651,Makassar,Individual
CUST-22652,Medan,Individual
CUST-22653,Balikpapan,Individual
CUST-22654,Surabaya,Corporate
CUST-22655,Bandung,Individual
CUST-22656,Semarang,Corporate
CUST-22657,Semarang,Corporate
CUST-22658,Denpasar,Corporate
CUST-22659,Yogyakarta,Individual
CUST-22660,Bandung,Individual
CUST-22661,Jakarta,nan
CUST-22662,Jakarta,Individual
CUST-22663,Bandung,nan
CUST-22664,Yogyakarta,Individual
CUST-22665,Medan,Corporate
CUST-22666,Palembang,Individual
CUST-22667,Balikpapan,Corporate
CUST-22668,Jakarta,Individual
CUST-22669,Yogyakarta,Individual
CUST-22670,Bandung,nan
CUST-22671,Medan,Individual
CUST-22672,Palembang,Individual
CUST-22673,Bandung,Individual
CUST-22674,Denpasar,Individual
CUST-22675,Yogyakarta,Individual
CUST-22676,Jakarta,Individual
CUST-22677,Makassar,Corporate
CUST-22678,Surabaya,Individual
CUST-22679,Yogyakarta,Corporate
CUST-22680,Denpasar,Corporate
CUST-22681,Balikpapan,Individual
CUST-22682,Yogyakarta,Individual
CUST-22683,Palembang,Corporate
CUST-22684,Balikpapan,Individual
CUST-22685,Yogyakarta,Corporate
CUST-22686,Surabaya,Corporate
CUST-22687,Palembang,Individual
CUST-22688,Makassar,Individual
CUST-22689,Medan,Corporate
CUST-22690,Surabaya,Individual
CUST-22691,Semarang,Individual
CUST-22692,Semarang,Individual
CUST-22693,Bandung,Individual
CUST-22694,Yogyakarta,Individual
CUST-22695,Medan,Individual
CUST-22696,Surabaya,Corporate
CUST-22697,Bandung,Individual
CUST-22698,Surabaya,Individual
CUST-22699,Makassar,Individual
CUST-22700,Palembang,Corporate
CUST-22701,Balikpapan,Corporate
CUST-22702,Balikpapan,Individual
CUST-22703,Palembang,Individual
CUST-22704,Semarang,nan
CUST-22705,Yogyakarta,Individual
CUST-22706,Surabaya,Individual
CUST-22707,Semarang,Individual
CUST-22708,Yogyakarta,nan
CUST-22709,Medan,Individual
CUST-22710,Denpasar,Individual
CUST-22711,Palembang,Individual
CUST-22712,Semarang,nan
CUST-22713,Jakarta,Individual
CUST-22714,Balikpapan,Individual
CUST-22715,Medan,nan
CUST-22716,Balikpapan,Individual
CUST-22717,Palembang,Corporate
CUST-22718,Surabaya,Individual
CUST-22719,Denpasar,nan
CUST-22720,Denpasar,Individual
CUST-22721,Palembang,nan
CUST-22722,Palembang,Individual
CUST-22723,Palembang,Corporate
CUST-22724,Balikpapan,Corporate
CUST-22725,Balikpapan,nan
CUST-22726,Bandung,Individual
CUST-22727,Bandung,Individual
CUST-22728,Makassar,Individual
CUST-22729,Balikpapan,Individual
CUST-22730,Jakarta,nan
CUST-22731,Jakarta,Individual
CUST-22732,Medan,Individual
CUST-22733,Surabaya,Individual
CUST-22734,Semarang,Individual
CUST-22735,Semarang,Individual
CUST-22736,Yogyakarta,nan
CUST-22737,Jakarta,Individual
CUST-22738,Balikpapan,Individual
CUST-22739,Palembang,Corporate
CUST-22740,Makassar,Individual
CUST-22741,Denpasar,Individual
CUST-22742,Makassar,Individual
CUST-22743,Makassar,Individual
CUST-22744,Yogyakarta,Individual
CUST-22745,Palembang,Corporate
CUST-22746,Bandung,Individual
CUST-22747,Bandung,Individual
CUST-22748,Palembang,Individual
CUST-22749,Jakarta,Individual
CUST-22750,Yogyakarta,Individual
CUST-22751,Balikpapan,Individual
CUST-22752,Surabaya,Corporate
CUST-22753,Yogyakarta,Individual
CUST-22754,Makassar,Individual
CUST-22755,Semarang,nan
CUST-22756,Balikpapan,Individual
CUST-22757,Yogyakarta,Individual
CUST-22758,Yogyakarta,Individual
CUST-22759,Medan,Corporate
CUST-22760,Denpasar,Individual
CUST-22761,Yogyakarta,Individual
CUST-22762,Denpasar,Individual
CUST-22763,Balikpapan,Individual
CUST-22764,Yogyakarta,Individual
CUST-22765,Bandung,Corporate
CUST-22766,Palembang,Individual
CUST-22767,Bandung,Individual
CUST-22768,Surabaya,Corporate
CUST-22769,Yogyakarta,Individual
CUST-22770,Yogyakarta,Individual
CUST-22771,Balikpapan,Corporate
CUST-22772,Denpasar,Individual
CUST-22773,Medan,Corporate
CUST-22774,Yogyakarta,Individual
CUST-22775,Medan,nan
CUST-22776,Surabaya,nan
CUST-22777,Semarang,Individual
CUST-22778,Palembang,Corporate
CUST-22779,Denpasar,Individual
CUST-22780,Surabaya,Individual
CUST-22781,Yogyakarta,Individual
CUST-22782,Makassar,Individual
CUST-22783,Yogyakarta,Individual
CUST-22784,Medan,Individual
CUST-22785,Bandung,Individual
CUST-22786,Balikpapan,Individual
CUST-22787,Makassar,Individual
CUST-22788,Palembang,Individual
CUST-22789,Jakarta,nan
CUST-22790,Jakarta,Corporate
CUST-22791,Jakarta,Corporate
CUST-22792,Yogyakarta,Corporate
CUST-22793,Bandung,Individual
CUST-22794,Yogyakarta,Individual
CUST-22795,Bandung,nan
CUST-22796,Makassar,Corporate
CUST-22797,Makassar,Corporate
CUST-22798,Surabaya,Individual
CUST-22799,Semarang,Corporate
CUST-22800,Medan,Corporate
CUST-22801,Palembang,Corporate
CUST-22802,Makassar,nan
CUST-22803,Bandung,Corporate
CUST-22804,Medan,Corporate
CUST-22805,Makassar,Corporate
CUST-22806,Palembang,Individual
CUST-22807,Jakarta,Individual
CUST-22808,Denpasar,Individual
CUST-22809,Surabaya,Individual
CUST-22810,Medan,Corporate
CUST-22811,Semarang,nan
CUST-22812,Surabaya,Individual
CUST-22813,Yogyakarta,Individual
CUST-22814,Yogyakarta,Individual
CUST-22815,Surabaya,Individual
CUST-22816,Bandung,Individual
CUST-22817,Surabaya,nan
CUST-22818,Yogyakarta,Individual
CUST-22819,Bandung,Corporate
CUST-22820,Makassar,Corporate
CUST-22821,Medan,Corporate
CUST-22822,Medan,Individual
CUST-22823,Balikpapan,Corporate
CUST-22824,Surabaya,Corporate
CUST-22825,Bandung,Individual
CUST-22826,Denpasar,nan
CUST-22827,Denpasar,Corporate
CUST-22828,Denpasar,Individual
CUST-22829,Denpasar,Individual
CUST-22830,Medan,Individual
CUST-22831,Medan,Individual
CUST-22832,Yogyakarta,Individual
CUST-22833,Surabaya,nan
CUST-22834,Bandung,Corporate
CUST-22835,Jakarta,Individual
CUST-22836,Bandung,nan
CUST-22837,Yogyakarta,Individual
CUST-22838,Makassar,Individual
CUST-22839,Balikpapan,Individual
CUST-22840,Surabaya,Corporate
CUST-22841,Palembang,Individual
CUST-22842,Medan,Individual
CUST-22843,Balikpapan,Individual
CUST-22844,Makassar,Individual
CUST-22845,Semarang,Corporate
CUST-22846,Semarang,nan
CUST-22847,Medan,Individual
CUST-22848,Medan,Individual
CUST-22849,Denpasar,Corporate
CUST-22850,Semarang,Individual
CUST-22851,Palembang,Corporate
CUST-22852,Makassar,Individual
CUST-22853,Balikpapan,Individual
CUST-22854,Balikpapan,Individual
CUST-22855,Makassar,Individual
CUST-22856,Yogyakarta,Individual
CUST-22857,Makassar,Individual
CUST-22858,Jakarta,Individual
CUST-22859,Medan,Individual
CUST-22860,Medan,Individual
CUST-22861,Semarang,Corporate
CUST-22862,Surabaya,Individual
CUST-22863,Jakarta,Individual
CUST-22864,Balikpapan,Individual
CUST-22865,Denpasar,nan
CUST-22866,Surabaya,Individual
CUST-22867,Jakarta,Individual
CUST-22868,Jakarta,Individual
CUST-22869,Bandung,nan
CUST-22870,Denpasar,Individual
CUST-22871,Denpasar,Individual
CUST-22872,Makassar,Individual
CUST-22873,Bandung,Corporate
CUST-22874,Palembang,Individual
CUST-22875,Denpasar,Corporate
CUST-22876,Balikpapan,Individual
CUST-22877,Medan,Corporate
CUST-22878,Palembang,Individual
CUST-22879,Yogyakarta,Corporate
CUST-22880,Denpasar,Corporate
CUST-22881,Surabaya,nan
CUST-22882,Makassar,Individual
CUST-22883,Semarang,Individual
CUST-22884,Medan,Individual
CUST-22885,Balikpapan,Individual
CUST-22886,Palembang,Individual
CUST-22887,Medan,Individual
CUST-22888,Denpasar,Individual
CUST-22889,Medan,Individual
CUST-22890,Semarang,Individual
CUST-22891,Bandung,Individual
CUST-22892,Jakarta,Individual
CUST-22893,Semarang,Corporate
CUST-22894,Bandung,Corporate
CUST-22895,Palembang,Corporate
CUST-22896,Yogyakarta,Individual
CUST-22897,Yogyakarta,nan
CUST-22898,Medan,Corporate
CUST-22899,Jakarta,Individual
CUST-22900,Balikpapan,Corporate
CUST-22901,Surabaya,Corporate
CUST-22902,Makassar,Individual
CUST-22903,Medan,Corporate
CUST-22904,Bandung,Individual
CUST-22905,Makassar,Corporate
CUST-22906,Jakarta,Corporate
CUST-22907,Yogyakarta,Corporate
CUST-22908,Semarang,Corporate
CUST-22909,Yogyakarta,Corporate
CUST-22910,Makassar,Individual
CUST-22911,Makassar,Individual
CUST-22912,Semarang,Individual
CUST-22913,Palembang,Individual
CUST-22914,Yogyakarta,Corporate
CUST-22915,Medan,Individual
CUST-22916,Medan,nan
CUST-22917,Yogyakarta,nan
CUST-22918,Denpasar,Corporate
CUST-22919,Balikpapan,Individual
CUST-22920,Denpasar,Corporate
CUST-22921,Jakarta,Corporate
CUST-22922,Medan,nan
CUST-22923,Medan,nan
CUST-22924,Surabaya,Corporate
CUST-22925,Semarang,Individual
CUST-22926,Surabaya,Individual
CUST-22927,Denpasar,Corporate
CUST-22928,Jakarta,Corporate
CUST-22929,Medan,Individual
CUST-22930,Bandung,Individual
CUST-22931,Surabaya,nan
CUST-22932,Medan,nan
CUST-22933,Medan,Individual
CUST-22934,Semarang,Individual
CUST-22935,Jakarta,Corporate
CUST-22936,Surabaya,Individual
CUST-22937,Bandung,Individual
CUST-22938,Jakarta,Corporate
CUST-22939,Yogyakarta,Individual
CUST-22940,Semarang,nan
CUST-22941,Yogyakarta,Corporate
CUST-22942,Makassar,Individual
CUST-22943,Palembang,Individual
CUST-22944,Makassar,Individual
CUST-22945,Makassar,Individual
CUST-22946,Palembang,Individual
CUST-22947,Jakarta,Individual
CUST-22948,Surabaya,Individual
CUST-22949,Denpasar,Individual
CUST-22950,Surabaya,nan
CUST-22951,Medan,Corporate
CUST-22952,Denpasar,Individual
CUST-22953,Jakarta,Individual
CUST-22954,Yogyakarta,Individual
CUST-22955,Yogyakarta,nan
CUST-22956,Yogyakarta,Individual
CUST-22957,Jakarta,Individual
CUST-22958,Surabaya,Individual
CUST-22959,Yogyakarta,nan
CUST-22960,Makassar,Corporate
CUST-22961,Yogyakarta,Individual
CUST-22962,Bandung,Corporate
CUST-22963,Denpasar,Individual
CUST-22964,Palembang,Individual
CUST-22965,Denpasar,Corporate
CUST-22966,Palembang,Corporate
CUST-22967,Makassar,Corporate
CUST-22968,Medan,Individual
CUST-22969,Semarang,Individual
CUST-22970,Yogyakarta,nan
CUST-22971,Jakarta,Individual
CUST-22972,Palembang,Corporate
CUST-22973,Yogyakarta,Corporate
CUST-22974,Yogyakarta,Corporate
CUST-22975,Balikpapan,nan
CUST-22976,Palembang,Corporate
CUST-22977,Surabaya,Corporate
CUST-22978,Denpasar,Individual
CUST-22979,Surabaya,Corporate
CUST-22980,Surabaya,nan
CUST-22981,Bandung,nan
CUST-22982,Makassar,Corporate
CUST-22983,Denpasar,nan
CUST-22984,Makassar,Individual
CUST-22985,Palembang,Individual
CUST-22986,Semarang,nan
CUST-22987,Denpasar,Individual
CUST-22988,Bandung,nan
CUST-22989,Yogyakarta,Individual
CUST-22990,Yogyakarta,Individual
CUST-22991,Semarang,Corporate
CUST-22992,Medan,Individual
CUST-22993,Balikpapan,Individual
CUST-22994,Denpasar,Corporate
CUST-22995,Bandung,Individual
CUST-22996,Denpasar,Individual
CUST-22997,Surabaya,Individual
CUST-22998,Yogyakarta,Individual
CUST-22999,Denpasar,Individual
CUST-23000,Jakarta,Individual
CUST-23001,Denpasar,Individual
CUST-23002,Bandung,Individual
CUST-23003,Yogyakarta,Corporate
CUST-23004,Makassar,nan
CUST-23005,Semarang,Corporate
CUST-23006,Makassar,Individual
CUST-23007,Makassar,Individual
CUST-23008,Makassar,nan
CUST-23009,Jakarta,Individual
CUST-23010,Semarang,Corporate
CUST-23011,Surabaya,Individual
CUST-23012,Surabaya,Individual
CUST-23013,Balikpapan,Individual
CUST-23014,Yogyakarta,Corporate
CUST-23015,Bandung,Corporate
CUST-23016,Surabaya,Corporate
CUST-23017,Semarang,Individual
CUST-23018,Denpasar,Individual
CUST-23019,Surabaya,Individual
CUST-23020,Semarang,Individual
CUST-23021,Medan,Individual
CUST-23022,Balikpapan,Corporate
CUST-23023,Semarang,Individual
CUST-23024,Yogyakarta,Individual
CUST-23025,Surabaya,Corporate
CUST-23026,Balikpapan,Corporate
CUST-23027,Jakarta,Corporate
CUST-23028,Bandung,Individual
CUST-23029,Denpasar,Individual
CUST-23030,Palembang,Individual
CUST-23031,Medan,Corporate
CUST-23032,Surabaya,Individual
CUST-23033,Bandung,Individual
CUST-23034,Denpasar,nan
CUST-23035,Bandung,Individual
CUST-23036,Palembang,Corporate
CUST-23037,Denpasar,Individual
CUST-23038,Surabaya,Corporate
CUST-23039,Balikpapan,Individual
CUST-23040,Makassar,Individual
CUST-23041,Surabaya,nan
CUST-23042,Bandung,Individual
CUST-23043,Jakarta,Corporate
CUST-23044,Yogyakarta,nan
CUST-23045,Makassar,Corporate
CUST-23046,Jakarta,Individual
CUST-23047,Semarang,Individual
CUST-23048,Surabaya,nan
CUST-23049,Bandung,Individual
CUST-23050,Balikpapan,Individual
CUST-23051,Denpasar,Individual
CUST-23052,Semarang,Individual
CUST-23053,Surabaya,Individual
CUST-23054,Medan,Corporate
CUST-23055,Semarang,Corporate
CUST-23056,Jakarta,Individual
CUST-23057,Jakarta,Corporate
CUST-23058,Denpasar,Individual
CUST-23059,Balikpapan,Corporate
CUST-23060,Makassar,Corporate
CUST-23061,Medan,nan
CUST-23062,Bandung,Individual
CUST-23063,Yogyakarta,Individual
CUST-23064,Medan,Individual
CUST-23065,Surabaya,Individual
CUST-23066,Surabaya,Individual
CUST-23067,Semarang,Individual
CUST-23068,Palembang,Corporate
CUST-23069,Balikpapan,Individual
CUST-23070,Medan,Corporate
CUST-23071,Denpasar,Individual
CUST-23072,Balikpapan,Individual
CUST-23073,Palembang,Corporate
CUST-23074,Jakarta,Corporate
CUST-23075,Balikpapan,Corporate
CUST-23076,Semarang,Individual
CUST-23077,Denpasar,Individual
CUST-23078,Yogyakarta,Corporate
CUST-23079,Medan,Individual
CUST-23080,Medan,Corporate
CUST-23081,Denpasar,Corporate
CUST-23082,Semarang,Individual
CUST-23083,Medan,Individual
CUST-23084,Denpasar,Individual
CUST-23085,Medan,Corporate
CUST-23086,Yogyakarta,nan
CUST-23087,Denpasar,Individual
CUST-23088,Jakarta,Individual
CUST-23089,Makassar,Individual
CUST-23090,Yogyakarta,Individual
CUST-23091,Denpasar,nan
CUST-23092,Jakarta,Individual
CUST-23093,Jakarta,Individual
CUST-23094,Palembang,Individual
CUST-23095,Medan,Individual
CUST-23096,Yogyakarta,Individual
CUST-23097,Palembang,Individual
CUST-23098,Yogyakarta,Individual
CUST-23099,Balikpapan,Individual
CUST-23100,Bandung,Corporate
CUST-23101,Jakarta,Individual
CUST-23102,Balikpapan,Corporate
CUST-23103,Semarang,Corporate
CUST-23104,Medan,Corporate
CUST-23105,Jakarta,nan
CUST-23106,Surabaya,nan
CUST-23107,Denpasar,Individual
CUST-23108,Medan,Individual
CUST-23109,Medan,Individual
CUST-23110,Denpasar,Individual
CUST-23111,Makassar,Individual
CUST-23112,Makassar,Corporate
CUST-23113,Balikpapan,Corporate
CUST-23114,Palembang,Corporate
CUST-23115,Balikpapan,Corporate
CUST-23116,Semarang,Individual
CUST-23117,Semarang,nan
CUST-23118,Palembang,Individual
CUST-23119,Makassar,Corporate
CUST-23120,Palembang,Corporate
CUST-23121,Bandung,Corporate
CUST-23122,Yogyakarta,Individual
CUST-23123,Denpasar,Individual
CUST-23124,Semarang,nan
CUST-23125,Semarang,Individual
CUST-23126,Jakarta,Individual
CUST-23127,Bandung,Corporate
CUST-23128,Medan,Individual
CUST-23129,Bandung,Individual
CUST-23130,Semarang,Individual
CUST-23131,Semarang,Corporate
CUST-23132,Balikpapan,Individual
CUST-23133,Jakarta,Corporate
CUST-23134,Yogyakarta,Corporate
CUST-23135,Bandung,Individual
CUST-23136,Balikpapan,nan
CUST-23137,Balikpapan,Individual
CUST-23138,Palembang,Individual
CUST-23139,Makassar,Corporate
CUST-23140,Yogyakarta,Individual
CUST-23141,Semarang,Individual
CUST-23142,Makassar,Individual
CUST-23143,Yogyakarta,Individual
CUST-23144,Palembang,Corporate
CUST-23145,Bandung,Individual
CUST-23146,Makassar,nan
CUST-23147,Palembang,Individual
CUST-23148,Yogyakarta,Individual
CUST-23149,Surabaya,Individual
CUST-23150,Medan,Individual
CUST-23151,Medan,Individual
CUST-23152,Balikpapan,Individual
CUST-23153,Denpasar,Corporate
CUST-23154,Palembang,Individual
CUST-23155,Bandung,Corporate
CUST-23156,Makassar,Individual
CUST-23157,Medan,Individual
CUST-23158,Semarang,Individual
CUST-23159,Medan,nan
CUST-23160,Palembang,Individual
CUST-23161,Bandung,Individual
CUST-23162,Balikpapan,Individual
CUST-23163,Balikpapan,Individual
CUST-23164,Palembang,Individual
CUST-23165,Jakarta,Corporate
CUST-23166,Bandung,Corporate
CUST-23167,Jakarta,nan
CUST-23168,Bandung,Corporate
CUST-23169,Jakarta,Individual
CUST-23170,Yogyakarta,Individual
CUST-23171,Surabaya,Corporate
CUST-23172,Denpasar,Corporate
CUST-23173,Palembang,nan
CUST-23174,Palembang,Corporate
CUST-23175,Balikpapan,Individual
CUST-23176,Semarang,nan
CUST-23177,Bandung,Individual
CUST-23178,Surabaya,Individual
CUST-23179,Makassar,Individual
CUST-23180,Denpasar,Individual
CUST-23181,Bandung,Individual
CUST-23182,Yogyakarta,Individual
CUST-23183,Jakarta,Corporate
CUST-23184,Makassar,nan
CUST-23185,Bandung,Individual
CUST-23186,Yogyakarta,Individual
CUST-23187,Yogyakarta,Individual
CUST-23188,Makassar,Individual
CUST-23189,Balikpapan,nan
CUST-23190,Balikpapan,Individual
CUST-23191,Palembang,Individual
CUST-23192,Surabaya,Individual
CUST-23193,Denpasar,Corporate
CUST-23194,Denpasar,Individual
CUST-23195,Balikpapan,Individual
CUST-23196,Medan,Individual
CUST-23197,Palembang,nan
CUST-23198,Bandung,Individual
CUST-23199,Denpasar,Corporate
CUST-23200,Palembang,Corporate
CUST-23201,Yogyakarta,Individual
CUST-23202,Medan,Individual
CUST-23203,Yogyakarta,Individual
CUST-23204,Denpasar,Individual
CUST-23205,Bandung,Individual
CUST-23206,Jakarta,Individual
CUST-23207,Bandung,Corporate
CUST-23208,Semarang,Individual
CUST-23209,Denpasar,Corporate
CUST-23210,Denpasar,Individual
CUST-23211,Semarang,nan
CUST-23212,Balikpapan,nan
CUST-23213,Bandung,Individual
CUST-23214,Balikpapan,Corporate
CUST-23215,Semarang,Individual
CUST-23216,Balikpapan,Corporate
CUST-23217,Medan,Individual
CUST-23218,Makassar,Individual
CUST-23219,Medan,Individual
CUST-23220,Semarang,Individual
CUST-23221,Semarang,Corporate
CUST-23222,Balikpapan,Individual
CUST-23223,Yogyakarta,nan
CUST-23224,Medan,Individual
CUST-23225,Medan,Individual
CUST-23226,Surabaya,nan
CUST-23227,Jakarta,Corporate
CUST-23228,Jakarta,Individual
CUST-23229,Makassar,Individual
CUST-23230,Denpasar,Individual
CUST-23231,Balikpapan,nan
CUST-23232,Denpasar,Individual
CUST-23233,Semarang,Individual
CUST-23234,Surabaya,Corporate
CUST-23235,Medan,Individual
CUST-23236,Denpasar,nan
CUST-23237,Medan,Individual
CUST-23238,Medan,Corporate
CUST-23239,Medan,Individual
CUST-23240,Palembang,Corporate
CUST-23241,Makassar,Corporate
CUST-23242,Jakarta,Individual
CUST-23243,Denpasar,nan
CUST-23244,Palembang,Corporate
CUST-23245,Bandung,Corporate
CUST-23246,Balikpapan,Corporate
CUST-23247,Denpasar,Corporate
CUST-23248,Semarang,Individual
CUST-23249,Medan,Individual
CUST-23250,Yogyakarta,Corporate
CUST-23251,Yogyakarta,Individual
CUST-23252,Denpasar,Individual
CUST-23253,Medan,Individual
CUST-23254,Bandung,Corporate
CUST-23255,Palembang,Corporate
CUST-23256,Palembang,Corporate
CUST-23257,Surabaya,Individual
CUST-23258,Bandung,Individual
CUST-23259,Jakarta,Individual
CUST-23260,Yogyakarta,Corporate
CUST-23261,Balikpapan,Individual
CUST-23262,Bandung,Corporate
CUST-23263,Palembang,Individual
CUST-23264,Medan,Individual
CUST-23265,Yogyakarta,Corporate
CUST-23266,Yogyakarta,Individual
CUST-23267,Semarang,Individual
CUST-23268,Yogyakarta,Corporate
CUST-23269,Denpasar,Individual
CUST-23270,Semarang,Individual
CUST-23271,Medan,Individual
CUST-23272,Balikpapan,Individual
CUST-23273,Balikpapan,Individual
CUST-23274,Palembang,nan
CUST-23275,Denpasar,Corporate
CUST-23276,Palembang,nan
CUST-23277,Medan,Individual
CUST-23278,Balikpapan,Individual
CUST-23279,Jakarta,nan
CUST-23280,Jakarta,nan
CUST-23281,Yogyakarta,Individual
CUST-23282,Palembang,Individual
CUST-23283,Makassar,nan
CUST-23284,Yogyakarta,Individual
CUST-23285,Balikpapan,Corporate
CUST-23286,Semarang,Individual
CUST-23287,Palembang,Individual
CUST-23288,Semarang,Individual
CUST-23289,Palembang,Individual
CUST-23290,Yogyakarta,Corporate
CUST-23291,Bandung,Corporate
CUST-23292,Bandung,Individual
CUST-23293,Surabaya,Individual
CUST-23294,Bandung,nan
CUST-23295,Bandung,Individual
CUST-23296,Surabaya,Individual
CUST-23297,Denpasar,Individual
CUST-23298,Bandung,Individual
CUST-23299,Palembang,Individual
CUST-23300,Yogyakarta,Corporate
CUST-23301,Surabaya,Corporate
CUST-23302,Palembang,nan
CUST-23303,Semarang,Corporate
CUST-23304,Jakarta,Individual
CUST-23305,Yogyakarta,Individual
CUST-23306,Medan,nan
CUST-23307,Jakarta,Individual
CUST-23308,Surabaya,nan
CUST-23309,Surabaya,Corporate
CUST-23310,Palembang,Individual
CUST-23311,Denpasar,Individual
CUST-23312,Yogyakarta,Individual
CUST-23313,Yogyakarta,nan
CUST-23314,Surabaya,Individual
CUST-23315,Jakarta,Individual
CUST-23316,Makassar,Individual
CUST-23317,Makassar,Corporate
CUST-23318,Balikpapan,nan
CUST-23319,Medan,nan
CUST-23320,Semarang,Individual
CUST-23321,Denpasar,Corporate
CUST-23322,Semarang,Individual
CUST-23323,Yogyakarta,Corporate
CUST-23324,Bandung,Corporate
CUST-23325,Yogyakarta,Individual
CUST-23326,Makassar,Individual
CUST-23327,Palembang,Individual
CUST-23328,Bandung,Individual
CUST-23329,Bandung,Individual
CUST-23330,Bandung,nan
CUST-23331,Medan,Individual
CUST-23332,Palembang,Corporate
CUST-23333,Surabaya,Individual
CUST-23334,Yogyakarta,Individual
CUST-23335,Semarang,nan
CUST-23336,Balikpapan,Corporate
CUST-23337,Bandung,Individual
CUST-23338,Yogyakarta,nan
CUST-23339,Surabaya,Corporate
CUST-23340,Medan,Individual
CUST-23341,Balikpapan,Individual
CUST-23342,Balikpapan,nan
CUST-23343,Medan,Individual
CUST-23344,Bandung,Corporate
CUST-23345,Denpasar,nan
CUST-23346,Medan,Individual
CUST-23347,Medan,nan
CUST-23348,Denpasar,nan
CUST-23349,Semarang,Individual
CUST-23350,Semarang,Individual
CUST-23351,Semarang,Individual
CUST-23352,Balikpapan,Individual
CUST-23353,Yogyakarta,nan
CUST-23354,Surabaya,Individual
CUST-23355,Bandung,Corporate
CUST-23356,Makassar,Corporate
CUST-23357,Palembang,Individual
CUST-23358,Jakarta,Individual
CUST-23359,Denpasar,nan
CUST-23360,Balikpapan,nan
CUST-23361,Semarang,Individual
CUST-23362,Bandung,Individual
CUST-23363,Semarang,Individual
CUST-23364,Jakarta,nan
CUST-23365,Bandung,Corporate
CUST-23366,Yogyakarta,nan
CUST-23367,Jakarta,Individual
CUST-23368,Yogyakarta,nan
CUST-23369,Medan,Individual
CUST-23370,Balikpapan,Individual
CUST-23371,Medan,Individual
CUST-23372,Makassar,Individual
CUST-23373,Yogyakarta,Individual
CUST-23374,Palembang,Individual
CUST-23375,Balikpapan,Corporate
CUST-23376,Denpasar,Individual
CUST-23377,Makassar,Corporate
CUST-23378,Palembang,nan
CUST-23379,Palembang,Corporate
CUST-23380,Semarang,nan
CUST-23381,Jakarta,Individual
CUST-23382,Makassar,Individual
CUST-23383,Balikpapan,Individual
CUST-23384,Bandung,Individual
CUST-23385,Balikpapan,Corporate
CUST-23386,Medan,Individual
CUST-23387,Medan,Corporate
CUST-23388,Denpasar,nan
CUST-23389,Semarang,Individual
CUST-23390,Medan,Individual
CUST-23391,Denpasar,Individual
CUST-23392,Denpasar,Corporate
CUST-23393,Bandung,Corporate
CUST-23394,Palembang,Individual
CUST-23395,Semarang,Corporate
CUST-23396,Denpasar,Individual
CUST-23397,Semarang,Corporate
CUST-23398,Bandung,Corporate
CUST-23399,Medan,Corporate
CUST-23400,Jakarta,Individual
CUST-23401,Bandung,Individual
CUST-23402,Makassar,Individual
CUST-23403,Semarang,Individual
CUST-23404,Bandung,Individual
CUST-23405,Palembang,Individual
CUST-23406,Denpasar,Individual
CUST-23407,Jakarta,Individual
CUST-23408,Palembang,Corporate
CUST-23409,Balikpapan,nan
CUST-23410,Denpasar,Corporate
CUST-23411,Surabaya,Individual
CUST-23412,Palembang,Individual
CUST-23413,Denpasar,Individual
CUST-23414,Semarang,nan
CUST-23415,Bandung,Corporate
CUST-23416,Semarang,Individual
CUST-23417,Denpasar,Individual
CUST-23418,Jakarta,Individual
CUST-23419,Surabaya,Individual
CUST-23420,Medan,nan
CUST-23421,Palembang,Individual
CUST-23422,Surabaya,nan
CUST-23423,Makassar,Individual
CUST-23424,Makassar,Individual
CUST-23425,Denpasar,Individual
CUST-23426,Yogyakarta,Corporate
CUST-23427,Balikpapan,Individual
CUST-23428,Denpasar,Individual
CUST-23429,Makassar,Corporate
CUST-23430,Surabaya,Individual
CUST-23431,Jakarta,Individual
CUST-23432,Jakarta,Individual
CUST-23433,Palembang,Individual
CUST-23434,Medan,Corporate
CUST-23435,Makassar,Individual
CUST-23436,Yogyakarta,Individual
CUST-23437,Bandung,Individual
CUST-23438,Balikpapan,Individual
CUST-23439,Medan,Individual
CUST-23440,Surabaya,Individual
CUST-23441,Balikpapan,Individual
CUST-23442,Jakarta,Individual
CUST-23443,Makassar,Individual
CUST-23444,Makassar,Individual
CUST-23445,Jakarta,Individual
CUST-23446,Denpasar,Corporate
CUST-23447,Denpasar,nan
CUST-23448,Makassar,Individual
CUST-23449,Denpasar,Individual
CUST-23450,Denpasar,Individual
CUST-23451,Semarang,Individual
CUST-23452,Balikpapan,Corporate
CUST-23453,Semarang,Individual
CUST-23454,Semarang,Individual
CUST-23455,Bandung,Individual
CUST-23456,Bandung,nan
CUST-23457,Surabaya,Individual
CUST-23458,Makassar,Individual
CUST-23459,Bandung,Individual
CUST-23460,Palembang,Individual
CUST-23461,Surabaya,Individual
CUST-23462,Bandung,Individual
CUST-23463,Surabaya,Individual
CUST-23464,Denpasar,Individual
CUST-23465,Jakarta,Individual
CUST-23466,Semarang,Individual
CUST-23467,Yogyakarta,Individual
CUST-23468,Balikpapan,Individual
CUST-23469,Surabaya,Individual
CUST-23470,Balikpapan,nan
CUST-23471,Yogyakarta,Individual
CUST-23472,Semarang,Corporate
CUST-23473,Makassar,Individual
CUST-23474,Semarang,Individual
CUST-23475,Semarang,nan
CUST-23476,Medan,nan
CUST-23477,Balikpapan,Individual
CUST-23478,Bandung,Individual
CUST-23479,Semarang,Individual
CUST-23480,Yogyakarta,Corporate
CUST-23481,Jakarta,nan
CUST-23482,Balikpapan,Individual
CUST-23483,Bandung,Individual
CUST-23484,Jakarta,Individual
CUST-23485,Makassar,Individual
CUST-23486,Bandung,Corporate
CUST-23487,Denpasar,Individual
CUST-23488,Palembang,Individual
CUST-23489,Bandung,Individual
CUST-23490,Denpasar,Individual
CUST-23491,Denpasar,nan
CUST-23492,Bandung,nan
CUST-23493,Yogyakarta,Individual
CUST-23494,Makassar,Individual
CUST-23495,Medan,Individual
CUST-23496,Medan,Corporate
CUST-23497,Medan,Corporate
CUST-23498,Jakarta,Individual
CUST-23499,Bandung,Corporate
CUST-23500,Bandung,nan
CUST-23501,Yogyakarta,nan
CUST-23502,Medan,Individual
CUST-23503,Bandung,Corporate
CUST-23504,Denpasar,nan
CUST-23505,Medan,Individual
CUST-23506,Yogyakarta,Corporate
CUST-23507,Semarang,Corporate
CUST-23508,Makassar,nan
CUST-23509,Bandung,Individual
CUST-23510,Denpasar,nan
CUST-23511,Surabaya,Individual
CUST-23512,Bandung,nan
CUST-23513,Denpasar,Corporate
CUST-23514,Surabaya,Corporate
CUST-23515,Bandung,Corporate
CUST-23516,Surabaya,Corporate
CUST-23517,Yogyakarta,Corporate
CUST-23518,Makassar,Individual
CUST-23519,Palembang,Corporate
CUST-23520,Balikpapan,Corporate
CUST-23521,Semarang,Individual
CUST-23522,Makassar,nan
CUST-23523,Bandung,Individual
CUST-23524,Surabaya,Individual
CUST-23525,Denpasar,Corporate
CUST-23526,Makassar,nan
CUST-23527,Makassar,Individual
CUST-23528,Medan,Corporate
CUST-23529,Makassar,Individual
CUST-23530,Yogyakarta,Corporate
CUST-23531,Surabaya,Individual
CUST-23532,Medan,Individual
CUST-23533,Semarang,Individual
CUST-23534,Jakarta,Individual
CUST-23535,Denpasar,nan
CUST-23536,Makassar,Corporate
CUST-23537,Surabaya,Individual
CUST-23538,Balikpapan,Individual
CUST-23539,Semarang,Corporate
CUST-23540,Denpasar,Individual
CUST-23541,Yogyakarta,Individual
CUST-23542,Palembang,Corporate
CUST-23543,Balikpapan,Individual
CUST-23544,Surabaya,nan
CUST-23545,Palembang,Individual
CUST-23546,Denpasar,Individual
CUST-23547,Surabaya,nan
CUST-23548,Palembang,Corporate
CUST-23549,Medan,Corporate
CUST-23550,Makassar,Individual
CUST-23551,Medan,Corporate
CUST-23552,Yogyakarta,Individual
CUST-23553,Surabaya,Individual
CUST-23554,Makassar,Individual
CUST-23555,Yogyakarta,Individual
CUST-23556,Palembang,Individual
CUST-23557,Jakarta,Individual
CUST-23558,Bandung,Individual
CUST-23559,Yogyakarta,Individual
CUST-23560,Semarang,Individual
CUST-23561,Semarang,nan
CUST-23562,Surabaya,Individual
CUST-23563,Jakarta,Individual
CUST-23564,Balikpapan,Individual
CUST-23565,Bandung,Individual
CUST-23566,Makassar,Individual
CUST-23567,Semarang,Individual
CUST-23568,Balikpapan,Individual
CUST-23569,Makassar,Individual
CUST-23570,Makassar,Individual
CUST-23571,Balikpapan,nan
CUST-23572,Balikpapan,Individual
CUST-23573,Makassar,Corporate
CUST-23574,Jakarta,nan
CUST-23575,Medan,Individual
CUST-23576,Balikpapan,nan
CUST-23577,Makassar,Corporate
CUST-23578,Bandung,Individual
CUST-23579,Denpasar,Individual
CUST-23580,Denpasar,Corporate
CUST-23581,Balikpapan,Individual
CUST-23582,Semarang,Individual
CUST-23583,Bandung,Individual
CUST-23584,Surabaya,Corporate
CUST-23585,Yogyakarta,Individual
CUST-23586,Jakarta,Individual
CUST-23587,Semarang,Corporate
CUST-23588,Palembang,Individual
CUST-23589,Denpasar,nan
CUST-23590,Jakarta,Individual
CUST-23591,Makassar,Individual
CUST-23592,Jakarta,Individual
CUST-23593,Surabaya,nan
CUST-23594,Bandung,Corporate
CUST-23595,Medan,nan
CUST-23596,Medan,Corporate
CUST-23597,Jakarta,Individual
CUST-23598,Balikpapan,nan
CUST-23599,Makassar,Individual
CUST-23600,Denpasar,Individual
CUST-23601,Jakarta,Corporate
CUST-23602,Semarang,Corporate
CUST-23603,Surabaya,Individual
CUST-23604,Denpasar,Individual
CUST-23605,Palembang,Individual
CUST-23606,Bandung,Individual
CUST-23607,Jakarta,Corporate
CUST-23608,Semarang,Individual
CUST-23609,Palembang,Individual
CUST-23610,Surabaya,Corporate
CUST-23611,Balikpapan,Individual
CUST-23612,Palembang,Individual
CUST-23613,Surabaya,Individual
CUST-23614,Semarang,Individual
CUST-23615,Denpasar,Individual
CUST-23616,Palembang,Corporate
CUST-23617,Makassar,Individual
CUST-23618,Yogyakarta,Individual
CUST-23619,Balikpapan,Individual
CUST-23620,Surabaya,Individual
CUST-23621,Medan,Individual
CUST-23622,Semarang,nan
CUST-23623,Makassar,Individual
CUST-23624,Balikpapan,Individual
CUST-23625,Yogyakarta,Individual
CUST-23626,Semarang,Corporate
CUST-23627,Palembang,nan
CUST-23628,Jakarta,Corporate
CUST-23629,Medan,Individual
CUST-23630,Medan,Individual
CUST-23631,Bandung,Individual
CUST-23632,Bandung,Individual
CUST-23633,Semarang,Individual
CUST-23634,Medan,Individual
CUST-23635,Semarang,Individual
CUST-23636,Denpasar,Individual
CUST-23637,Yogyakarta,Individual
CUST-23638,Makassar,Individual
CUST-23639,Semarang,Individual
CUST-23640,Makassar,Individual
CUST-23641,Palembang,Corporate
CUST-23642,Jakarta,Corporate
CUST-23643,Bandung,Individual
CUST-23644,Balikpapan,Individual
CUST-23645,Surabaya,Corporate
CUST-23646,Balikpapan,Individual
CUST-23647,Semarang,Individual
CUST-23648,Jakarta,nan
CUST-23649,Surabaya,Corporate
CUST-23650,Yogyakarta,Corporate
CUST-23651,Bandung,Individual
CUST-23652,Jakarta,Corporate
CUST-23653,Semarang,Corporate
CUST-23654,Palembang,Individual
CUST-23655,Denpasar,Individual
CUST-23656,Surabaya,nan
CUST-23657,Makassar,Individual
CUST-23658,Yogyakarta,Individual
CUST-23659,Medan,Corporate
CUST-23660,Bandung,Individual
CUST-23661,Bandung,Corporate
CUST-23662,Bandung,nan
CUST-23663,Yogyakarta,Corporate
CUST-23664,Balikpapan,Individual
CUST-23665,Denpasar,Individual
CUST-23666,Balikpapan,Corporate
CUST-23667,Balikpapan,Individual
CUST-23668,Medan,Corporate
CUST-23669,Jakarta,Individual
CUST-23670,Bandung,nan
CUST-23671,Yogyakarta,Corporate
CUST-23672,Semarang,Individual
CUST-23673,Medan,Individual
CUST-23674,Surabaya,Individual
CUST-23675,Yogyakarta,nan
CUST-23676,Makassar,Individual
CUST-23677,Surabaya,Individual
CUST-23678,Palembang,Individual
CUST-23679,Palembang,Individual
CUST-23680,Palembang,Corporate
CUST-23681,Yogyakarta,nan
CUST-23682,Surabaya,Corporate
CUST-23683,Surabaya,Corporate
CUST-23684,Makassar,Individual
CUST-23685,Denpasar,Individual
CUST-23686,Bandung,Individual
CUST-23687,Palembang,nan
CUST-23688,Medan,Individual
CUST-23689,Surabaya,nan
CUST-23690,Bandung,nan
CUST-23691,Medan,Corporate
CUST-23692,Jakarta,nan
CUST-23693,Denpasar,Corporate
CUST-23694,Semarang,Corporate
CUST-23695,Surabaya,nan
CUST-23696,Makassar,Individual
CUST-23697,Surabaya,Individual
CUST-23698,Palembang,Individual
CUST-23699,Jakarta,Individual
CUST-23700,Bandung,Corporate
CUST-23701,Denpasar,Individual
CUST-23702,Semarang,Individual
CUST-23703,Palembang,Individual
CUST-23704,Semarang,Individual
CUST-23705,Yogyakarta,Individual
CUST-23706,Bandung,Individual
CUST-23707,Jakarta,Individual
CUST-23708,Denpasar,nan
CUST-23709,Yogyakarta,Corporate
CUST-23710,Bandung,nan
CUST-23711,Surabaya,nan
CUST-23712,Denpasar,nan
CUST-23713,Medan,nan
CUST-23714,Surabaya,Individual
CUST-23715,Medan,nan
CUST-23716,Bandung,Individual
CUST-23717,Bandung,Corporate
CUST-23718,Yogyakarta,Individual
CUST-23719,Balikpapan,nan
CUST-23720,Semarang,Individual
CUST-23721,Semarang,Individual
CUST-23722,Semarang,Individual
CUST-23723,Medan,Corporate
CUST-23724,Palembang,Individual
CUST-23725,Makassar,Individual
CUST-23726,Jakarta,Corporate
CUST-23727,Surabaya,Individual
CUST-23728,Balikpapan,Individual
CUST-23729,Bandung,Individual
CUST-23730,Bandung,Individual
CUST-23731,Balikpapan,nan
CUST-23732,Palembang,Corporate
CUST-23733,Yogyakarta,Corporate
CUST-23734,Jakarta,Individual
CUST-23735,Balikpapan,Corporate
CUST-23736,Semarang,Corporate
CUST-23737,Bandung,Individual
CUST-23738,Surabaya,nan
CUST-23739,Surabaya,Individual
CUST-23740,Yogyakarta,nan
CUST-23741,Bandung,Individual
CUST-23742,Balikpapan,Individual
CUST-23743,Makassar,Individual
CUST-23744,Balikpapan,Individual
CUST-23745,Palembang,Individual
CUST-23746,Medan,nan
CUST-23747,Yogyakarta,Corporate
CUST-23748,Palembang,Individual
CUST-23749,Semarang,Corporate
CUST-23750,Denpasar,Individual
CUST-23751,Jakarta,nan
CUST-23752,Makassar,Individual
CUST-23753,Balikpapan,Individual
CUST-23754,Surabaya,Individual
CUST-23755,Jakarta,Individual
CUST-23756,Surabaya,Individual
CUST-23757,Makassar,Individual
CUST-23758,Denpasar,Individual
CUST-23759,Balikpapan,Corporate
CUST-23760,Yogyakarta,Corporate
CUST-23761,Palembang,Individual
CUST-23762,Medan,nan
CUST-23763,Semarang,Individual
CUST-23764,Makassar,nan
CUST-23765,Surabaya,Individual
CUST-23766,Denpasar,Corporate
CUST-23767,Bandung,Corporate
CUST-23768,Jakarta,Corporate
CUST-23769,Balikpapan,Individual
CUST-23770,Yogyakarta,Individual
CUST-23771,Palembang,Corporate
CUST-23772,Yogyakarta,Individual
CUST-23773,Yogyakarta,Individual
CUST-23774,Semarang,Corporate
CUST-23775,Medan,Individual
CUST-23776,Jakarta,Individual
CUST-23777,Bandung,Corporate
CUST-23778,Palembang,Corporate
CUST-23779,Yogyakarta,nan
CUST-23780,Medan,Individual
CUST-23781,Yogyakarta,Individual
CUST-23782,Makassar,Individual
CUST-23783,Surabaya,Individual
CUST-23784,Denpasar,Corporate
CUST-23785,Jakarta,Individual
CUST-23786,Semarang,Corporate
CUST-23787,Denpasar,Individual
CUST-23788,Denpasar,Corporate
CUST-23789,Yogyakarta,Individual
CUST-23790,Semarang,Individual
CUST-23791,Medan,Individual
CUST-23792,Semarang,nan
CUST-23793,Balikpapan,Individual
CUST-23794,Yogyakarta,Corporate
CUST-23795,Surabaya,Corporate
CUST-23796,Semarang,Corporate
CUST-23797,Medan,Corporate
CUST-23798,Makassar,Individual
CUST-23799,Bandung,nan
CUST-23800,Semarang,Individual
CUST-23801,Medan,Corporate
CUST-23802,Semarang,Corporate
CUST-23803,Makassar,Individual
CUST-23804,Jakarta,nan
CUST-23805,Surabaya,Corporate
CUST-23806,Jakarta,Individual
CUST-23807,Semarang,Corporate
CUST-23808,Surabaya,Corporate
CUST-23809,Makassar,Individual
CUST-23810,Balikpapan,Corporate
CUST-23811,Makassar,Corporate
CUST-23812,Semarang,Individual
CUST-23813,Medan,Individual
CUST-23814,Balikpapan,Individual
CUST-23815,Denpasar,Individual
CUST-23816,Semarang,Individual
CUST-23817,Medan,nan
CUST-23818,Bandung,Individual
CUST-23819,Surabaya,Individual
CUST-23820,Surabaya,Corporate
CUST-23821,Bandung,Individual
CUST-23822,Jakarta,Individual
CUST-23823,Balikpapan,Individual
CUST-23824,Balikpapan,nan
CUST-23825,Bandung,Individual
CUST-23826,Semarang,Corporate
CUST-23827,Palembang,Corporate
CUST-23828,Medan,Individual
CUST-23829,Bandung,Individual
CUST-23830,Jakarta,Corporate
CUST-23831,Palembang,nan
CUST-23832,Yogyakarta,Individual
CUST-23833,Jakarta,Individual
CUST-23834,Balikpapan,Individual
CUST-23835,Denpasar,Individual
CUST-23836,Jakarta,nan
CUST-23837,Denpasar,Corporate
CUST-23838,Bandung,Individual
CUST-23839,Bandung,Corporate
CUST-23840,Palembang,Individual
CUST-23841,Medan,Individual
CUST-23842,Semarang,Individual
CUST-23843,Palembang,nan
CUST-23844,Makassar,nan
CUST-23845,Yogyakarta,nan
CUST-23846,Jakarta,Corporate
CUST-23847,Palembang,Individual
CUST-23848,Bandung,Individual
CUST-23849,Semarang,Individual
CUST-23850,Yogyakarta,Individual
CUST-23851,Palembang,nan
CUST-23852,Yogyakarta,Individual
CUST-23853,Jakarta,nan
CUST-23854,Denpasar,Corporate
CUST-23855,Surabaya,Corporate
CUST-23856,Denpasar,Individual
CUST-23857,Balikpapan,Individual
CUST-23858,Bandung,Individual
CUST-23859,Balikpapan,nan
CUST-23860,Surabaya,Corporate
CUST-23861,Semarang,Individual
CUST-23862,Medan,Corporate
CUST-23863,Yogyakarta,nan
CUST-23864,Denpasar,Individual
CUST-23865,Yogyakarta,Individual
CUST-23866,Surabaya,nan
CUST-23867,Makassar,Individual
CUST-23868,Palembang,Individual
CUST-23869,Semarang,Individual
CUST-23870,Palembang,Individual
CUST-23871,Makassar,Individual
CUST-23872,Bandung,nan
CUST-23873,Medan,Individual
CUST-23874,Yogyakarta,nan
CUST-23875,Medan,Individual
CUST-23876,Balikpapan,Individual
CUST-23877,Palembang,Individual
CUST-23878,Jakarta,nan
CUST-23879,Jakarta,Individual
CUST-23880,Balikpapan,Individual
CUST-23881,Makassar,Individual
CUST-23882,Denpasar,nan
CUST-23883,Bandung,Corporate
CUST-23884,Denpasar,Corporate
CUST-23885,Surabaya,Individual
CUST-23886,Denpasar,Individual
CUST-23887,Surabaya,Corporate
CUST-23888,Balikpapan,Corporate
CUST-23889,Jakarta,Individual
CUST-23890,Jakarta,Individual
CUST-23891,Denpasar,Individual
CUST-23892,Bandung,Individual
CUST-23893,Makassar,Corporate
CUST-23894,Jakarta,Corporate
CUST-23895,Makassar,Individual
CUST-23896,Semarang,Individual
CUST-23897,Denpasar,nan
CUST-23898,Semarang,Individual
CUST-23899,Denpasar,Corporate
CUST-23900,Palembang,Individual
CUST-23901,Medan,nan
CUST-23902,Palembang,Individual
CUST-23903,Balikpapan,Individual
CUST-23904,Makassar,Individual
CUST-23905,Jakarta,Individual
CUST-23906,Jakarta,nan
CUST-23907,Bandung,Individual
CUST-23908,Semarang,nan
CUST-23909,Denpasar,nan
CUST-23910,Medan,Individual
CUST-23911,Bandung,Individual
CUST-23912,Bandung,Corporate
CUST-23913,Medan,Individual
CUST-23914,Denpasar,Corporate
CUST-23915,Denpasar,Individual
CUST-23916,Palembang,Individual
CUST-23917,Surabaya,Individual
CUST-23918,Surabaya,Individual
CUST-23919,Makassar,Corporate
CUST-23920,Balikpapan,Individual
CUST-23921,Yogyakarta,Corporate
CUST-23922,Surabaya,Corporate
CUST-23923,Semarang,Corporate
CUST-23924,Makassar,Individual
CUST-23925,Semarang,Individual
CUST-23926,Medan,Individual
CUST-23927,Denpasar,Corporate
CUST-23928,Medan,nan
CUST-23929,Semarang,Individual
CUST-23930,Medan,Individual
CUST-23931,Balikpapan,Corporate
CUST-23932,Bandung,Individual
CUST-23933,Palembang,Corporate
CUST-23934,Medan,Individual
CUST-23935,Balikpapan,Individual
CUST-23936,Semarang,Corporate
CUST-23937,Balikpapan,Individual
CUST-23938,Denpasar,Individual
CUST-23939,Surabaya,Individual
CUST-23940,Makassar,Individual
CUST-23941,Balikpapan,Individual
CUST-23942,Jakarta,Individual
CUST-23943,Palembang,Individual
CUST-23944,Yogyakarta,Corporate
CUST-23945,Jakarta,Individual
CUST-23946,Makassar,Individual
CUST-23947,Makassar,Individual
CUST-23948,Makassar,Individual
CUST-23949,Makassar,Individual
CUST-23950,Makassar,Individual
CUST-23951,Medan,Individual
CUST-23952,Surabaya,Corporate
CUST-23953,Balikpapan,Individual
CUST-23954,Yogyakarta,Individual
CUST-23955,Bandung,nan
CUST-23956,Semarang,Individual
CUST-23957,Bandung,Corporate
CUST-23958,Semarang,Individual
CUST-23959,Semarang,Individual
CUST-23960,Jakarta,nan
CUST-23961,Jakarta,Individual
CUST-23962,Palembang,Individual
CUST-23963,Makassar,Corporate
CUST-23964,Makassar,nan
CUST-23965,Makassar,nan
CUST-23966,Semarang,Individual
CUST-23967,Jakarta,nan
CUST-23968,Jakarta,Corporate
CUST-23969,Denpasar,Individual
CUST-23970,Semarang,Individual
CUST-23971,Balikpapan,Individual
CUST-23972,Jakarta,Individual
CUST-23973,Yogyakarta,Corporate
CUST-23974,Semarang,Corporate
CUST-23975,Semarang,Individual
CUST-23976,Surabaya,Corporate
CUST-23977,Jakarta,nan
CUST-23978,Balikpapan,Corporate
CUST-23979,Palembang,Corporate
CUST-23980,Denpasar,Individual
CUST-23981,Yogyakarta,Individual
CUST-23982,Surabaya,Individual
CUST-23983,Jakarta,nan
CUST-23984,Bandung,Individual
CUST-23985,Medan,Individual
CUST-23986,Balikpapan,Individual
CUST-23987,Semarang,Individual
CUST-23988,Denpasar,nan
CUST-23989,Jakarta,Individual
CUST-23990,Bandung,Individual
CUST-23991,Yogyakarta,Individual
CUST-23992,Denpasar,Individual
CUST-23993,Denpasar,Individual
CUST-23994,Yogyakarta,Corporate
CUST-23995,Jakarta,Individual
CUST-23996,Palembang,Corporate
CUST-23997,Bandung,Individual
CUST-23998,Bandung,nan
CUST-23999,Yogyakarta,nan
CUST-24000,Surabaya,Corporate
CUST-24001,Bandung,Corporate
CUST-24002,Bandung,Individual
CUST-24003,Denpasar,Individual
CUST-24004,Jakarta,Individual
CUST-24005,Makassar,Individual
CUST-24006,Jakarta,nan
CUST-24007,Makassar,Corporate
CUST-24008,Yogyakarta,Corporate
CUST-24009,Yogyakarta,Corporate
CUST-24010,Yogyakarta,nan
CUST-24011,Balikpapan,Corporate
CUST-24012,Surabaya,Individual
CUST-24013,Palembang,Individual
CUST-24014,Semarang,Individual
CUST-24015,Yogyakarta,Individual
CUST-24016,Denpasar,Individual
CUST-24017,Jakarta,Individual
CUST-24018,Makassar,Individual
CUST-24019,Palembang,Individual
CUST-24020,Jakarta,Individual
CUST-24021,Palembang,Individual
CUST-24022,Bandung,Individual
CUST-24023,Palembang,Individual
CUST-24024,Medan,Corporate
CUST-24025,Makassar,Individual
CUST-24026,Makassar,nan
CUST-24027,Surabaya,Individual
CUST-24028,Medan,Individual
CUST-24029,Surabaya,Individual
CUST-24030,Palembang,Corporate
CUST-24031,Semarang,Individual
CUST-24032,Yogyakarta,Individual
CUST-24033,Yogyakarta,Individual
CUST-24034,Denpasar,Corporate
CUST-24035,Makassar,Individual
CUST-24036,Medan,Individual
CUST-24037,Bandung,Individual
CUST-24038,Medan,Individual
CUST-24039,Surabaya,Individual
CUST-24040,Balikpapan,Corporate
CUST-24041,Yogyakarta,Corporate
CUST-24042,Makassar,Corporate
CUST-24043,Balikpapan,Individual
CUST-24044,Semarang,Corporate
CUST-24045,Medan,Corporate
CUST-24046,Medan,nan
CUST-24047,Makassar,Individual
CUST-24048,Jakarta,nan
CUST-24049,Bandung,Individual
CUST-24050,Semarang,Individual
CUST-24051,Semarang,Corporate
CUST-24052,Denpasar,Corporate
CUST-24053,Yogyakarta,nan
CUST-24054,Denpasar,Individual
CUST-24055,Semarang,nan
CUST-24056,Semarang,Individual
CUST-24057,Bandung,Corporate
CUST-24058,Palembang,Individual
CUST-24059,Surabaya,Corporate
CUST-24060,Surabaya,Corporate
CUST-24061,Yogyakarta,nan
CUST-24062,Denpasar,Individual
CUST-24063,Surabaya,Corporate
CUST-24064,Surabaya,Individual
CUST-24065,Balikpapan,Corporate
CUST-24066,Bandung,Individual
CUST-24067,Bandung,Individual
CUST-24068,Denpasar,Corporate
CUST-24069,Jakarta,Individual
CUST-24070,Denpasar,Individual
CUST-24071,Jakarta,Corporate
CUST-24072,Surabaya,Corporate
CUST-24073,Bandung,Individual
CUST-24074,Denpasar,Individual
CUST-24075,Medan,Corporate
CUST-24076,Surabaya,Corporate
CUST-24077,Balikpapan,Individual
CUST-24078,Palembang,Corporate
CUST-24079,Bandung,Individual
CUST-24080,Yogyakarta,Individual
CUST-24081,Makassar,nan
CUST-24082,Yogyakarta,Individual
CUST-24083,Bandung,Corporate
CUST-24084,Yogyakarta,Individual
CUST-24085,Medan,Individual
CUST-24086,Surabaya,Individual
CUST-24087,Medan,Individual
CUST-24088,Makassar,Individual
CUST-24089,Yogyakarta,Individual
CUST-24090,Medan,Corporate
CUST-24091,Semarang,Individual
CUST-24092,Palembang,Individual
CUST-24093,Palembang,Corporate
CUST-24094,Makassar,Individual
CUST-24095,Palembang,Individual
CUST-24096,Bandung,Individual
CUST-24097,Semarang,Individual
CUST-24098,Bandung,Individual
CUST-24099,Surabaya,Individual
CUST-24100,Makassar,Individual
CUST-24101,Jakarta,nan
CUST-24102,Balikpapan,Individual
CUST-24103,Semarang,Individual
CUST-24104,Bandung,Individual
CUST-24105,Bandung,Corporate
CUST-24106,Makassar,nan
CUST-24107,Balikpapan,Individual
CUST-24108,Bandung,Individual
CUST-24109,Balikpapan,nan
CUST-24110,Surabaya,nan
CUST-24111,Jakarta,Corporate
CUST-24112,Denpasar,nan
CUST-24113,Medan,Corporate
CUST-24114,Surabaya,Individual
CUST-24115,Surabaya,Individual
CUST-24116,Surabaya,Corporate
CUST-24117,Semarang,Individual
CUST-24118,Makassar,Individual
CUST-24119,Denpasar,Individual
CUST-24120,Semarang,Individual
CUST-24121,Surabaya,Corporate
CUST-24122,Yogyakarta,Individual
CUST-24123,Jakarta,Corporate
CUST-24124,Palembang,Individual
CUST-24125,Bandung,Individual
CUST-24126,Semarang,Corporate
CUST-24127,Palembang,Individual
CUST-24128,Bandung,nan
CUST-24129,Denpasar,Individual
CUST-24130,Denpasar,Individual
CUST-24131,Jakarta,Individual
CUST-24132,Denpasar,Corporate
CUST-24133,Balikpapan,Corporate
CUST-24134,Jakarta,Individual
CUST-24135,Balikpapan,Individual
CUST-24136,Semarang,Individual
CUST-24137,Semarang,nan
CUST-24138,Surabaya,Individual
CUST-24139,Yogyakarta,Corporate
CUST-24140,Makassar,Individual
CUST-24141,Denpasar,Corporate
CUST-24142,Palembang,Individual
CUST-24143,Surabaya,Individual
CUST-24144,Jakarta,Individual
CUST-24145,Palembang,Corporate
CUST-24146,Yogyakarta,Individual
CUST-24147,Palembang,Corporate
CUST-24148,Yogyakarta,Individual
CUST-24149,Makassar,nan
CUST-24150,Jakarta,Individual
CUST-24151,Bandung,nan
CUST-24152,Denpasar,Individual
CUST-24153,Semarang,Individual
CUST-24154,Makassar,Corporate
CUST-24155,Semarang,Individual
CUST-24156,Palembang,Individual
CUST-24157,Makassar,Individual
CUST-24158,Balikpapan,Individual
CUST-24159,Surabaya,Individual
CUST-24160,Yogyakarta,Corporate
CUST-24161,Jakarta,Individual
CUST-24162,Semarang,Individual
CUST-24163,Bandung,Individual
CUST-24164,Surabaya,Corporate
CUST-24165,Medan,Individual
CUST-24166,Surabaya,Corporate
CUST-24167,Makassar,nan
CUST-24168,Medan,Individual
CUST-24169,Balikpapan,Individual
CUST-24170,Palembang,Individual
CUST-24171,Balikpapan,Corporate
CUST-24172,Yogyakarta,Corporate
CUST-24173,Medan,nan
CUST-24174,Bandung,Individual
CUST-24175,Palembang,Individual
CUST-24176,Balikpapan,Individual
CUST-24177,Makassar,nan
CUST-24178,Palembang,nan
CUST-24179,Yogyakarta,Individual
CUST-24180,Surabaya,Individual
CUST-24181,Palembang,Individual
CUST-24182,Denpasar,Individual
CUST-24183,Makassar,Individual
CUST-24184,Surabaya,Individual
CUST-24185,Bandung,Corporate
CUST-24186,Yogyakarta,nan
CUST-24187,Makassar,Individual
CUST-24188,Yogyakarta,Individual
CUST-24189,Bandung,nan
CUST-24190,Semarang,Corporate
CUST-24191,Jakarta,Individual
CUST-24192,Yogyakarta,Individual
CUST-24193,Yogyakarta,Individual
CUST-24194,Bandung,nan
CUST-24195,Bandung,Individual
CUST-24196,Denpasar,Corporate
CUST-24197,Balikpapan,Corporate
CUST-24198,Surabaya,Individual
CUST-24199,Surabaya,Individual
CUST-24200,Jakarta,Individual
CUST-24201,Jakarta,Individual
CUST-24202,Balikpapan,Individual
CUST-24203,Medan,Individual
CUST-24204,Medan,Individual
CUST-24205,Jakarta,Corporate
CUST-24206,Medan,Individual
CUST-24207,Yogyakarta,Individual
CUST-24208,Makassar,Corporate
CUST-24209,Bandung,nan
CUST-24210,Palembang,Individual
CUST-24211,Makassar,Corporate
CUST-24212,Denpasar,Individual
CUST-24213,Makassar,Individual
CUST-24214,Makassar,nan
CUST-24215,Balikpapan,Individual
CUST-24216,Yogyakarta,Individual
CUST-24217,Denpasar,Individual
CUST-24218,Yogyakarta,Individual
CUST-24219,Makassar,Corporate
CUST-24220,Yogyakarta,Individual
CUST-24221,Bandung,Individual
CUST-24222,Medan,Corporate
CUST-24223,Denpasar,Individual
CUST-24224,Denpasar,Individual
CUST-24225,Semarang,Individual
CUST-24226,Makassar,nan
CUST-24227,Makassar,Individual
CUST-24228,Jakarta,Individual
CUST-24229,Denpasar,nan
CUST-24230,Surabaya,Individual
CUST-24231,Medan,Corporate
CUST-24232,Semarang,Individual
CUST-24233,Makassar,Individual
CUST-24234,Jakarta,Individual
CUST-24235,Denpasar,nan
CUST-24236,Surabaya,nan
CUST-24237,Jakarta,Individual
CUST-24238,Palembang,Individual
CUST-24239,Yogyakarta,Individual
CUST-24240,Medan,Individual
CUST-24241,Bandung,Corporate
CUST-24242,Surabaya,Individual
CUST-24243,Palembang,Individual
CUST-24244,Bandung,Individual
CUST-24245,Denpasar,Corporate
CUST-24246,Medan,Corporate
CUST-24247,Jakarta,Corporate
CUST-24248,Makassar,Individual
CUST-24249,Surabaya,Individual
CUST-24250,Semarang,Individual
CUST-24251,Makassar,Individual
CUST-24252,Balikpapan,Individual
CUST-24253,Bandung,Individual
CUST-24254,Yogyakarta,Individual
CUST-24255,Medan,Individual
CUST-24256,Jakarta,Individual
CUST-24257,Balikpapan,Individual
CUST-24258,Bandung,Individual
CUST-24259,Semarang,Corporate
CUST-24260,Jakarta,nan
CUST-24261,Denpasar,Corporate
CUST-24262,Semarang,Corporate
CUST-24263,Makassar,Individual
CUST-24264,Makassar,Corporate
CUST-24265,Makassar,Individual
CUST-24266,Yogyakarta,Individual
CUST-24267,Palembang,Individual
CUST-24268,Semarang,Individual
CUST-24269,Jakarta,Corporate
CUST-24270,Makassar,Individual
CUST-24271,Denpasar,Individual
CUST-24272,Bandung,Individual
CUST-24273,Makassar,Individual
CUST-24274,Balikpapan,Corporate
CUST-24275,Bandung,Corporate
CUST-24276,Medan,Individual
CUST-24277,Yogyakarta,Individual
CUST-24278,Makassar,Individual
CUST-24279,Balikpapan,Individual
CUST-24280,Medan,nan
CUST-24281,Medan,Corporate
CUST-24282,Yogyakarta,Individual
CUST-24283,Bandung,Individual
CUST-24284,Palembang,nan
CUST-24285,Semarang,nan
CUST-24286,Bandung,Individual
CUST-24287,Balikpapan,Corporate
CUST-24288,Medan,Individual
CUST-24289,Makassar,Individual
CUST-24290,Medan,Individual
CUST-24291,Balikpapan,Individual
CUST-24292,Balikpapan,Corporate
CUST-24293,Jakarta,Corporate
CUST-24294,Palembang,Individual
CUST-24295,Medan,nan
CUST-24296,Jakarta,Individual
CUST-24297,Yogyakarta,Corporate
CUST-24298,Makassar,Individual
CUST-24299,Jakarta,Individual
CUST-24300,Denpasar,Individual
CUST-24301,Jakarta,Individual
CUST-24302,Balikpapan,Individual
CUST-24303,Bandung,Corporate
CUST-24304,Makassar,Individual
CUST-24305,Palembang,Individual
CUST-24306,Yogyakarta,nan
CUST-24307,Jakarta,Corporate
CUST-24308,Jakarta,Corporate
CUST-24309,Jakarta,Individual
CUST-24310,Palembang,Individual
CUST-24311,Palembang,Individual
CUST-24312,Medan,nan
CUST-24313,Jakarta,Corporate
CUST-24314,Jakarta,Individual
CUST-24315,Makassar,Individual
CUST-24316,Denpasar,Individual
CUST-24317,Makassar,Individual
CUST-24318,Bandung,Individual
CUST-24319,Medan,Individual
CUST-24320,Surabaya,nan
CUST-24321,Denpasar,Individual
CUST-24322,Jakarta,nan
CUST-24323,Jakarta,Individual
CUST-24324,Semarang,Individual
CUST-24325,Semarang,Corporate
CUST-24326,Yogyakarta,Individual
CUST-24327,Palembang,Individual
CUST-24328,Palembang,nan
CUST-24329,Makassar,Corporate
CUST-24330,Balikpapan,Individual
CUST-24331,Yogyakarta,Individual
CUST-24332,Palembang,Corporate
CUST-24333,Balikpapan,nan
CUST-24334,Makassar,Individual
CUST-24335,Jakarta,Individual
CUST-24336,Palembang,nan
CUST-24337,Jakarta,Individual
CUST-24338,Jakarta,Individual
CUST-24339,Medan,Individual
CUST-24340,Bandung,Individual
CUST-24341,Medan,Individual
CUST-24342,Makassar,Corporate
CUST-24343,Yogyakarta,Individual
CUST-24344,Yogyakarta,Individual
CUST-24345,Surabaya,Individual
CUST-24346,Jakarta,Individual
CUST-24347,Semarang,Individual
CUST-24348,Palembang,Corporate
CUST-24349,Medan,Corporate
CUST-24350,Surabaya,Individual
CUST-24351,Medan,Corporate
CUST-24352,Semarang,Individual
CUST-24353,Palembang,Individual
CUST-24354,Yogyakarta,Individual
CUST-24355,Yogyakarta,Individual
CUST-24356,Jakarta,Individual
CUST-24357,Makassar,Corporate
CUST-24358,Yogyakarta,Individual
CUST-24359,Makassar,Corporate
CUST-24360,Denpasar,nan
CUST-24361,Jakarta,Individual
CUST-24362,Palembang,Individual
CUST-24363,Makassar,nan
CUST-24364,Balikpapan,Corporate
CUST-24365,Balikpapan,nan
CUST-24366,Makassar,Individual
CUST-24367,Makassar,Individual
CUST-24368,Denpasar,Individual
CUST-24369,Balikpapan,Corporate
CUST-24370,Jakarta,Individual
CUST-24371,Semarang,nan
CUST-24372,Denpasar,Individual
CUST-24373,Balikpapan,nan
CUST-24374,Denpasar,Individual
CUST-24375,Bandung,Corporate
CUST-24376,Jakarta,Individual
CUST-24377,Medan,Individual
CUST-24378,Surabaya,Corporate
CUST-24379,Makassar,Corporate
CUST-24380,Medan,Individual
CUST-24381,Surabaya,Individual
CUST-24382,Palembang,Individual
CUST-24383,Medan,Individual
CUST-24384,Bandung,Corporate
CUST-24385,Balikpapan,Corporate
CUST-24386,Balikpapan,nan
CUST-24387,Medan,Individual
CUST-24388,Semarang,Individual
CUST-24389,Balikpapan,Individual
CUST-24390,Balikpapan,Individual
CUST-24391,Denpasar,Individual
CUST-24392,Balikpapan,Corporate
CUST-24393,Makassar,Individual
CUST-24394,Palembang,Corporate
CUST-24395,Makassar,Corporate
CUST-24396,Medan,Individual
CUST-24397,Yogyakarta,Individual
CUST-24398,Medan,Individual
CUST-24399,Denpasar,Individual
CUST-24400,Surabaya,nan
CUST-24401,Bandung,Individual
CUST-24402,Palembang,Individual
CUST-24403,Yogyakarta,Individual
CUST-24404,Jakarta,Individual
CUST-24405,Yogyakarta,nan
CUST-24406,Palembang,Individual
CUST-24407,Balikpapan,Individual
CUST-24408,Semarang,Corporate
CUST-24409,Makassar,Corporate
CUST-24410,Jakarta,Corporate
CUST-24411,Medan,Individual
CUST-24412,Balikpapan,Corporate
CUST-24413,Jakarta,nan
CUST-24414,Balikpapan,Individual
CUST-24415,Yogyakarta,Corporate
CUST-24416,Makassar,Individual
CUST-24417,Bandung,Individual
CUST-24418,Denpasar,Corporate
CUST-24419,Jakarta,Individual
CUST-24420,Medan,Corporate
CUST-24421,Surabaya,Corporate
CUST-24422,Palembang,Individual
CUST-24423,Bandung,Individual
CUST-24424,Yogyakarta,nan
CUST-24425,Makassar,Individual
CUST-24426,Yogyakarta,Individual
CUST-24427,Balikpapan,Individual
CUST-24428,Palembang,Individual
CUST-24429,Bandung,Individual
CUST-24430,Denpasar,Individual
CUST-24431,Surabaya,Individual
CUST-24432,Palembang,Individual
CUST-24433,Palembang,Individual
CUST-24434,Denpasar,Individual
CUST-24435,Bandung,Individual
CUST-24436,Bandung,nan
CUST-24437,Balikpapan,nan
CUST-24438,Jakarta,nan
CUST-24439,Denpasar,Individual
CUST-24440,Semarang,Individual
CUST-24441,Balikpapan,Corporate
CUST-24442,Denpasar,Individual
CUST-24443,Palembang,Corporate
CUST-24444,Balikpapan,Individual
CUST-24445,Denpasar,Individual
CUST-24446,Bandung,Corporate
CUST-24447,Makassar,nan
CUST-24448,Denpasar,Individual
CUST-24449,Palembang,nan
CUST-24450,Surabaya,Individual
CUST-24451,Yogyakarta,Individual
CUST-24452,Bandung,Individual
CUST-24453,Denpasar,Individual
CUST-24454,Denpasar,Individual
CUST-24455,Balikpapan,Corporate
CUST-24456,Semarang,Individual
CUST-24457,Semarang,Individual
CUST-24458,Yogyakarta,Corporate
CUST-24459,Balikpapan,Individual
CUST-24460,Surabaya,Corporate
CUST-24461,Makassar,Individual
CUST-24462,Palembang,Corporate
CUST-24463,Medan,Individual
CUST-24464,Palembang,nan
CUST-24465,Makassar,Individual
CUST-24466,Balikpapan,Individual
CUST-24467,Denpasar,nan
CUST-24468,Bandung,nan
CUST-24469,Semarang,Corporate
CUST-24470,Semarang,Individual
CUST-24471,Jakarta,Individual
CUST-24472,Medan,Individual
CUST-24473,Bandung,Individual
CUST-24474,Yogyakarta,nan
CUST-24475,Bandung,Individual
CUST-24476,Yogyakarta,Corporate
CUST-24477,Medan,nan
CUST-24478,Jakarta,nan
CUST-24479,Yogyakarta,Corporate
CUST-24480,Medan,Individual
CUST-24481,Palembang,Individual
CUST-24482,Bandung,Individual
CUST-24483,Jakarta,Individual
CUST-24484,Yogyakarta,Corporate
CUST-24485,Jakarta,Corporate
CUST-24486,Balikpapan,Individual
CUST-24487,Denpasar,Individual
CUST-24488,Surabaya,Corporate
CUST-24489,Yogyakarta,Corporate
CUST-24490,Jakarta,Corporate
CUST-24491,Makassar,Individual
CUST-24492,Balikpapan,nan
CUST-24493,Palembang,Corporate
CUST-24494,Jakarta,nan
CUST-24495,Surabaya,Corporate
CUST-24496,Surabaya,Corporate
CUST-24497,Palembang,Corporate
CUST-24498,Makassar,Individual
CUST-24499,Semarang,Corporate
CUST-24500,Bandung,Individual
CUST-24501,Makassar,Corporate
CUST-24502,Denpasar,nan
CUST-24503,Denpasar,Individual
CUST-24504,Jakarta,Individual
CUST-24505,Balikpapan,Individual
CUST-24506,Semarang,Corporate
CUST-24507,Medan,Individual
CUST-24508,Medan,Individual
CUST-24509,Balikpapan,Individual
CUST-24510,Bandung,Individual
CUST-24511,Medan,nan
CUST-24512,Semarang,Individual
CUST-24513,Semarang,Individual
CUST-24514,Semarang,Individual
CUST-24515,Jakarta,Corporate
CUST-24516,Yogyakarta,Individual
CUST-24517,Yogyakarta,Individual
CUST-24518,Semarang,Individual
CUST-24519,Bandung,Individual
CUST-24520,Yogyakarta,Individual
CUST-24521,Balikpapan,nan
CUST-24522,Jakarta,Individual
CUST-24523,Palembang,Individual
CUST-24524,Bandung,Individual
CUST-24525,Jakarta,Individual
CUST-24526,Yogyakarta,Corporate
CUST-24527,Jakarta,Individual
CUST-24528,Surabaya,Individual
CUST-24529,Medan,Individual
CUST-24530,Balikpapan,Individual
CUST-24531,Makassar,Individual
CUST-24532,Palembang,Individual
CUST-24533,Bandung,Individual
CUST-24534,Bandung,nan
CUST-24535,Palembang,Individual
CUST-24536,Yogyakarta,Corporate
CUST-24537,Surabaya,Individual
CUST-24538,Bandung,Individual
CUST-24539,Semarang,Individual
CUST-24540,Balikpapan,Individual
CUST-24541,Semarang,Individual
CUST-24542,Jakarta,Corporate
CUST-24543,Makassar,Individual
CUST-24544,Makassar,nan
CUST-24545,Semarang,Individual
CUST-24546,Makassar,Individual
CUST-24547,Balikpapan,Individual
CUST-24548,Balikpapan,Individual
CUST-24549,Semarang,nan
CUST-24550,Balikpapan,Corporate
CUST-24551,Semarang,Individual
CUST-24552,Jakarta,nan
CUST-24553,Surabaya,Individual
CUST-24554,Semarang,Individual
CUST-24555,Medan,Individual
CUST-24556,Makassar,Corporate
CUST-24557,Yogyakarta,Individual
CUST-24558,Semarang,Individual
CUST-24559,Semarang,Corporate
CUST-24560,Jakarta,Corporate
CUST-24561,Bandung,Individual
CUST-24562,Balikpapan,Individual
CUST-24563,Jakarta,Individual
CUST-24564,Medan,Individual
CUST-24565,Jakarta,Corporate
CUST-24566,Semarang,Individual
CUST-24567,Makassar,Corporate
CUST-24568,Bandung,Individual
CUST-24569,Palembang,Individual
CUST-24570,Balikpapan,Individual
CUST-24571,Surabaya,Individual
CUST-24572,Denpasar,Individual
CUST-24573,Denpasar,Individual
CUST-24574,Balikpapan,Corporate
CUST-24575,Denpasar,nan
CUST-24576,Bandung,Individual
CUST-24577,Jakarta,Individual
CUST-24578,Balikpapan,Individual
CUST-24579,Semarang,Individual
CUST-24580,Yogyakarta,Individual
CUST-24581,Semarang,Individual
CUST-24582,Balikpapan,Individual
CUST-24583,Balikpapan,Corporate
CUST-24584,Yogyakarta,Corporate
CUST-24585,Surabaya,Individual
CUST-24586,Makassar,Individual
CUST-24587,Medan,Individual
CUST-24588,Balikpapan,nan
CUST-24589,Bandung,Individual
CUST-24590,Surabaya,Individual
CUST-24591,Surabaya,Individual
CUST-24592,Semarang,nan
CUST-24593,Yogyakarta,Individual
CUST-24594,Surabaya,Individual
CUST-24595,Balikpapan,Corporate
CUST-24596,Makassar,Individual
CUST-24597,Jakarta,Individual
CUST-24598,Balikpapan,Individual
CUST-24599,Bandung,Corporate
CUST-24600,Bandung,Individual
CUST-24601,Yogyakarta,Individual
CUST-24602,Denpasar,Corporate
CUST-24603,Denpasar,Individual
CUST-24604,Medan,Individual
CUST-24605,Surabaya,Individual
CUST-24606,Medan,Individual
CUST-24607,Semarang,Corporate
CUST-24608,Jakarta,Individual
CUST-24609,Bandung,Corporate
CUST-24610,Denpasar,Individual
CUST-24611,Balikpapan,nan
CUST-24612,Makassar,Corporate
CUST-24613,Jakarta,nan
CUST-24614,Palembang,Individual
CUST-24615,Balikpapan,Corporate
CUST-24616,Bandung,Individual
CUST-24617,Jakarta,Corporate
CUST-24618,Denpasar,Individual
CUST-24619,Denpasar,Individual
CUST-24620,Makassar,nan
CUST-24621,Medan,Individual
CUST-24622,Makassar,nan
CUST-24623,Semarang,Individual
CUST-24624,Palembang,Individual
CUST-24625,Denpasar,Corporate
CUST-24626,Palembang,Corporate
CUST-24627,Semarang,Individual
CUST-24628,Yogyakarta,nan
CUST-24629,Semarang,nan
CUST-24630,Yogyakarta,Individual
CUST-24631,Palembang,Individual
CUST-24632,Surabaya,Individual
CUST-24633,Jakarta,nan
CUST-24634,Makassar,Corporate
CUST-24635,Denpasar,Individual
CUST-24636,Medan,Individual
CUST-24637,Yogyakarta,Individual
CUST-24638,Semarang,Individual
CUST-24639,Yogyakarta,Individual
CUST-24640,Balikpapan,Corporate
CUST-24641,Surabaya,Corporate
CUST-24642,Medan,Individual
CUST-24643,Balikpapan,Corporate
CUST-24644,Medan,nan
CUST-24645,Denpasar,Individual
CUST-24646,Balikpapan,nan
CUST-24647,Balikpapan,Individual
CUST-24648,Yogyakarta,Individual
CUST-24649,Yogyakarta,Individual
CUST-24650,Jakarta,nan
CUST-24651,Makassar,Corporate
CUST-24652,Balikpapan,Corporate
CUST-24653,Bandung,Corporate
CUST-24654,Jakarta,Corporate
CUST-24655,Bandung,Corporate
CUST-24656,Makassar,Individual
CUST-24657,Bandung,Individual
CUST-24658,Surabaya,Individual
CUST-24659,Surabaya,Corporate
CUST-24660,Makassar,nan
CUST-24661,Balikpapan,Individual
CUST-24662,Denpasar,Individual
CUST-24663,Semarang,Corporate
CUST-24664,Bandung,nan
CUST-24665,Surabaya,Corporate
CUST-24666,Makassar,Individual
CUST-24667,Jakarta,nan
CUST-24668,Denpasar,Individual
CUST-24669,Denpasar,nan
CUST-24670,Balikpapan,Individual
CUST-24671,Semarang,nan
CUST-24672,Balikpapan,Corporate
CUST-24673,Denpasar,Individual
CUST-24674,Yogyakarta,Individual
CUST-24675,Bandung,Corporate
CUST-24676,Semarang,Individual
CUST-24677,Yogyakarta,Corporate
CUST-24678,Denpasar,Individual
CUST-24679,Surabaya,Individual
CUST-24680,Medan,Corporate
CUST-24681,Semarang,Individual
CUST-24682,Denpasar,Corporate
CUST-24683,Surabaya,Corporate
CUST-24684,Yogyakarta,Corporate
CUST-24685,Makassar,Individual
CUST-24686,Yogyakarta,Individual
CUST-24687,Makassar,Corporate
CUST-24688,Semarang,Individual
CUST-24689,Medan,Individual
CUST-24690,Bandung,Individual
CUST-24691,Semarang,Corporate
CUST-24692,Denpasar,Individual
CUST-24693,Medan,Corporate
CUST-24694,Palembang,Corporate
CUST-24695,Palembang,nan
CUST-24696,Denpasar,Corporate
CUST-24697,Balikpapan,Individual
CUST-24698,Palembang,Corporate
CUST-24699,Palembang,Corporate
CUST-24700,Jakarta,Corporate
CUST-24701,Jakarta,Individual
CUST-24702,Yogyakarta,nan
CUST-24703,Palembang,Individual
CUST-24704,Semarang,Individual
CUST-24705,Surabaya,Individual
CUST-24706,Denpasar,Individual
CUST-24707,Palembang,Individual
CUST-24708,Yogyakarta,nan
CUST-24709,Makassar,Corporate
CUST-24710,Yogyakarta,Individual
CUST-24711,Medan,nan
CUST-24712,Denpasar,nan
CUST-24713,Jakarta,Individual
CUST-24714,Denpasar,Corporate
CUST-24715,Jakarta,Individual
CUST-24716,Surabaya,Corporate
CUST-24717,Palembang,Individual
CUST-24718,Semarang,Individual
CUST-24719,Denpasar,Individual
CUST-24720,Makassar,Individual
CUST-24721,Palembang,Individual
CUST-24722,Yogyakarta,Individual
CUST-24723,Balikpapan,Individual
CUST-24724,Medan,Corporate
CUST-24725,Balikpapan,Corporate
CUST-24726,Makassar,Individual
CUST-24727,Denpasar,Individual
CUST-24728,Denpasar,nan
CUST-24729,Semarang,Individual
CUST-24730,Makassar,nan
CUST-24731,Balikpapan,Individual
CUST-24732,Medan,nan
CUST-24733,Semarang,Individual
CUST-24734,Makassar,Corporate
CUST-24735,Bandung,Individual
CUST-24736,Semarang,Individual
CUST-24737,Balikpapan,Individual
CUST-24738,Medan,Individual
CUST-24739,Jakarta,nan
CUST-24740,Semarang,Corporate
CUST-24741,Denpasar,Corporate
CUST-24742,Balikpapan,Individual
CUST-24743,Balikpapan,Individual
CUST-24744,Balikpapan,Individual
CUST-24745,Bandung,Individual
CUST-24746,Semarang,nan
CUST-24747,Bandung,Corporate
CUST-24748,Denpasar,Individual
CUST-24749,Semarang,Corporate
CUST-24750,Medan,Corporate
CUST-24751,Semarang,Individual
CUST-24752,Yogyakarta,Corporate
CUST-24753,Surabaya,Individual
CUST-24754,Makassar,Corporate
CUST-24755,Denpasar,nan
CUST-24756,Jakarta,Individual
CUST-24757,Yogyakarta,Corporate
CUST-24758,Jakarta,Individual
CUST-24759,Balikpapan,Individual
CUST-24760,Palembang,Individual
CUST-24761,Makassar,nan
CUST-24762,Bandung,Individual
CUST-24763,Balikpapan,Individual
CUST-24764,Bandung,Corporate
CUST-24765,Semarang,nan
CUST-24766,Bandung,Corporate
CUST-24767,Makassar,Individual
CUST-24768,Surabaya,Individual
CUST-24769,Jakarta,Individual
CUST-24770,Yogyakarta,Individual
CUST-24771,Makassar,Individual
CUST-24772,Semarang,Corporate
CUST-24773,Palembang,Individual
CUST-24774,Yogyakarta,Individual
CUST-24775,Surabaya,Corporate
CUST-24776,Semarang,Corporate
CUST-24777,Palembang,Individual
CUST-24778,Yogyakarta,Individual
CUST-24779,Bandung,nan
CUST-24780,Makassar,Individual
CUST-24781,Makassar,nan
CUST-24782,Yogyakarta,Individual
CUST-24783,Jakarta,Individual
CUST-24784,Yogyakarta,Corporate
CUST-24785,Yogyakarta,nan
CUST-24786,Jakarta,Individual
CUST-24787,Makassar,Individual
CUST-24788,Semarang,Individual
CUST-24789,Semarang,Individual
CUST-24790,Bandung,Corporate
CUST-24791,Denpasar,Individual
CUST-24792,Medan,Individual
CUST-24793,Yogyakarta,Individual
CUST-24794,Balikpapan,Corporate
CUST-24795,Yogyakarta,Individual
CUST-24796,Surabaya,Corporate
CUST-24797,Balikpapan,Individual
CUST-24798,Yogyakarta,Individual
CUST-24799,Jakarta,Individual
CUST-24800,Balikpapan,Individual
CUST-24801,Jakarta,Individual
CUST-24802,Bandung,Individual
CUST-24803,Makassar,Individual
CUST-24804,Yogyakarta,Individual
CUST-24805,Denpasar,Corporate
CUST-24806,Semarang,Individual
CUST-24807,Balikpapan,Corporate
CUST-24808,Medan,Corporate
CUST-24809,Jakarta,Individual
CUST-24810,Balikpapan,Individual
CUST-24811,Palembang,Individual
CUST-24812,Bandung,Corporate
CUST-24813,Semarang,Individual
CUST-24814,Semarang,Individual
CUST-24815,Jakarta,Corporate
CUST-24816,Denpasar,Individual
CUST-24817,Semarang,nan
CUST-24818,Surabaya,Individual
CUST-24819,Jakarta,nan
CUST-24820,Surabaya,nan
CUST-24821,Denpasar,nan
CUST-24822,Jakarta,Individual
CUST-24823,Medan,nan
CUST-24824,Balikpapan,Individual
CUST-24825,Bandung,Individual
CUST-24826,Palembang,Individual
CUST-24827,Palembang,nan
CUST-24828,Medan,Individual
CUST-24829,Palembang,Individual
CUST-24830,Medan,Corporate
CUST-24831,Denpasar,nan
CUST-24832,Palembang,Individual
CUST-24833,Surabaya,Corporate
CUST-24834,Jakarta,Individual
CUST-24835,Makassar,Individual
CUST-24836,Jakarta,Individual
CUST-24837,Denpasar,Corporate
CUST-24838,Jakarta,Corporate
CUST-24839,Denpasar,Individual
CUST-24840,Palembang,Individual
CUST-24841,Medan,Individual
CUST-24842,Surabaya,Individual
CUST-24843,Denpasar,Individual
CUST-24844,Yogyakarta,Individual
CUST-24845,Denpasar,nan
CUST-24846,Jakarta,Individual
CUST-24847,Bandung,Individual
CUST-24848,Palembang,Individual
CUST-24849,Semarang,Individual
CUST-24850,Denpasar,nan
CUST-24851,Jakarta,Corporate
CUST-24852,Jakarta,Corporate
CUST-24853,Palembang,Corporate
CUST-24854,Medan,nan
CUST-24855,Denpasar,Corporate
CUST-24856,Jakarta,Individual
CUST-24857,Balikpapan,Individual
CUST-24858,Jakarta,Individual
CUST-24859,Palembang,Corporate
CUST-24860,Palembang,Individual
CUST-24861,Medan,Individual
CUST-24862,Yogyakarta,Individual
CUST-24863,Bandung,Individual
CUST-24864,Jakarta,Individual
CUST-24865,Makassar,Individual
CUST-24866,Surabaya,nan
CUST-24867,Denpasar,Individual
CUST-24868,Medan,nan
CUST-24869,Makassar,Corporate
CUST-24870,Surabaya,Corporate
CUST-24871,Palembang,Individual
CUST-24872,Makassar,Individual
CUST-24873,Semarang,Individual
CUST-24874,Yogyakarta,Individual
CUST-24875,Jakarta,Individual
CUST-24876,Balikpapan,Individual
CUST-24877,Semarang,nan
CUST-24878,Palembang,Individual
CUST-24879,Denpasar,Corporate
CUST-24880,Medan,Corporate
CUST-24881,Surabaya,Individual
CUST-24882,Denpasar,Individual
CUST-24883,Makassar,Individual
CUST-24884,Yogyakarta,Individual
CUST-24885,Yogyakarta,Corporate
CUST-24886,Denpasar,Individual
CUST-24887,Bandung,Corporate
CUST-24888,Surabaya,Individual
CUST-24889,Yogyakarta,Corporate
CUST-24890,Medan,nan
CUST-24891,Bandung,nan
CUST-24892,Medan,Corporate
CUST-24893,Makassar,Individual
CUST-24894,Medan,Individual
CUST-24895,Denpasar,Individual
CUST-24896,Yogyakarta,Corporate
CUST-24897,Makassar,Corporate
CUST-24898,Medan,Individual
CUST-24899,Medan,Individual
CUST-24900,Medan,Individual
CUST-24901,Palembang,Individual
CUST-24902,Surabaya,Individual
CUST-24903,Semarang,nan
CUST-24904,Bandung,Corporate
CUST-24905,Medan,Individual
CUST-24906,Yogyakarta,Individual
CUST-24907,Bandung,Individual
CUST-24908,Denpasar,Individual
CUST-24909,Balikpapan,Corporate
CUST-24910,Denpasar,Individual
CUST-24911,Yogyakarta,Individual
CUST-24912,Jakarta,nan
CUST-24913,Yogyakarta,Corporate
CUST-24914,Yogyakarta,Individual
CUST-24915,Balikpapan,Corporate
CUST-24916,Balikpapan,Individual
CUST-24917,Medan,Corporate
CUST-24918,Yogyakarta,Individual
CUST-24919,Surabaya,Corporate
CUST-24920,Surabaya,Corporate
CUST-24921,Palembang,Individual
CUST-24922,Semarang,nan
CUST-24923,Palembang,Individual
CUST-24924,Yogyakarta,Individual
CUST-24925,Semarang,Corporate
CUST-24926,Medan,Individual
CUST-24927,Bandung,Individual
CUST-24928,Surabaya,Individual
CUST-24929,Palembang,nan
CUST-24930,Bandung,Individual
CUST-24931,Jakarta,Individual
CUST-24932,Medan,Corporate
CUST-24933,Palembang,Individual
CUST-24934,Yogyakarta,Corporate
CUST-24935,Semarang,Corporate
CUST-24936,Surabaya,Individual
CUST-24937,Yogyakarta,Corporate
CUST-24938,Semarang,nan
CUST-24939,Denpasar,Corporate
CUST-24940,Medan,nan
CUST-24941,Bandung,Corporate
CUST-24942,Makassar,Corporate
CUST-24943,Bandung,Individual
CUST-24944,Bandung,Corporate
CUST-24945,Yogyakarta,Corporate
CUST-24946,Medan,Individual
CUST-24947,Denpasar,Corporate
CUST-24948,Medan,Corporate
CUST-24949,Medan,Corporate
CUST-24950,Makassar,nan
CUST-24951,Makassar,Corporate
CUST-24952,Makassar,Individual
CUST-24953,Surabaya,nan
CUST-24954,Jakarta,Corporate
CUST-24955,Denpasar,Individual
CUST-24956,Bandung,Individual
CUST-24957,Denpasar,nan
CUST-24958,Yogyakarta,nan
CUST-24959,Balikpapan,Individual
CUST-24960,Bandung,Individual
CUST-24961,Semarang,Individual
CUST-24962,Makassar,Corporate
CUST-24963,Denpasar,Individual
CUST-24964,Bandung,Individual
CUST-24965,Balikpapan,Individual
CUST-24966,Makassar,nan
CUST-24967,Yogyakarta,nan
CUST-24968,Balikpapan,Individual
CUST-24969,Medan,Corporate
CUST-24970,Makassar,Individual
CUST-24971,Makassar,Individual
CUST-24972,Makassar,Corporate
CUST-24973,Palembang,Individual
CUST-24974,Yogyakarta,Individual
CUST-24975,Palembang,Individual
CUST-24976,Semarang,Corporate
CUST-24977,Semarang,nan
CUST-24978,Palembang,Individual
CUST-24979,Palembang,Individual
CUST-24980,Medan,Corporate
CUST-24981,Yogyakarta,Individual
CUST-24982,Bandung,Corporate
CUST-24983,Yogyakarta,Individual
CUST-24984,Denpasar,nan
CUST-24985,Medan,Corporate
CUST-24986,Medan,nan
CUST-24987,Medan,Corporate
CUST-24988,Denpasar,Individual
CUST-24989,Palembang,nan
CUST-24990,Yogyakarta,Corporate
CUST-24991,Jakarta,nan
CUST-24992,Jakarta,nan
CUST-24993,Surabaya,Individual
CUST-24994,Makassar,Individual
CUST-24995,Palembang,Individual
CUST-24996,Denpasar,Individual
CUST-24997,Medan,nan
CUST-24998,Surabaya,nan
CUST-24999,Yogyakarta,Corporate
CUST-25000,Medan,Individual
CUST-25001,Semarang,Corporate
CUST-25002,Balikpapan,Individual
CUST-25003,Makassar,Individual
CUST-25004,Surabaya,Individual
CUST-25005,Semarang,Individual
CUST-25006,Denpasar,Individual
CUST-25007,Palembang,Corporate
CUST-25008,Yogyakarta,Individual
CUST-25009,Surabaya,Individual
CUST-25010,Bandung,Individual
CUST-25011,Jakarta,Individual
CUST-25012,Denpasar,Individual
CUST-25013,Surabaya,Corporate
CUST-25014,Denpasar,nan
CUST-25015,Semarang,Individual
CUST-25016,Palembang,Corporate
CUST-25017,Balikpapan,nan
CUST-25018,Palembang,nan
CUST-25019,Yogyakarta,nan
CUST-25020,Jakarta,Individual
CUST-25021,Jakarta,Corporate
CUST-25022,Medan,Individual
CUST-25023,Denpasar,Corporate
CUST-25024,Surabaya,Individual
CUST-25025,Medan,Corporate
CUST-25026,Bandung,Individual
CUST-25027,Semarang,Individual
CUST-25028,Palembang,nan
CUST-25029,Semarang,Individual
CUST-25030,Medan,Individual
CUST-25031,Makassar,Individual
CUST-25032,Bandung,Corporate
CUST-25033,Yogyakarta,Individual
CUST-25034,Semarang,Individual
CUST-25035,Medan,Individual
CUST-25036,Surabaya,Corporate
CUST-25037,Bandung,nan
CUST-25038,Jakarta,Corporate
CUST-25039,Bandung,Individual
CUST-25040,Surabaya,Individual
CUST-25041,Balikpapan,Individual
CUST-25042,Balikpapan,nan
CUST-25043,Bandung,Corporate
CUST-25044,Denpasar,Individual
CUST-25045,Semarang,nan
CUST-25046,Surabaya,Individual
CUST-25047,Medan,Individual
CUST-25048,Denpasar,Individual
CUST-25049,Bandung,Individual
CUST-25050,Semarang,Individual
CUST-25051,Bandung,Individual
CUST-25052,Makassar,Corporate
CUST-25053,Semarang,Individual
CUST-25054,Yogyakarta,Corporate
CUST-25055,Bandung,Corporate
CUST-25056,Makassar,Individual
CUST-25057,Makassar,Corporate
CUST-25058,Medan,Individual
CUST-25059,Semarang,Individual
CUST-25060,Denpasar,Corporate
CUST-25061,Denpasar,Individual
CUST-25062,Yogyakarta,Individual
CUST-25063,Semarang,Individual
CUST-25064,Balikpapan,Individual
CUST-25065,Denpasar,Individual
CUST-25066,Surabaya,nan
CUST-25067,Semarang,Individual
CUST-25068,Medan,Individual
CUST-25069,Palembang,Individual
CUST-25070,Balikpapan,Corporate
CUST-25071,Palembang,Individual
CUST-25072,Surabaya,Individual
CUST-25073,Jakarta,Individual
CUST-25074,Palembang,Individual
CUST-25075,Balikpapan,Individual
CUST-25076,Surabaya,Corporate
CUST-25077,Makassar,Individual
CUST-25078,Denpasar,Individual
CUST-25079,Medan,Individual
CUST-25080,Bandung,Individual
CUST-25081,Medan,Individual
CUST-25082,Surabaya,Individual
CUST-25083,Balikpapan,Individual
CUST-25084,Surabaya,Individual
CUST-25085,Balikpapan,Individual
CUST-25086,Denpasar,Individual
CUST-25087,Balikpapan,Individual
CUST-25088,Surabaya,Corporate
CUST-25089,Jakarta,Individual
CUST-25090,Surabaya,Corporate
CUST-25091,Medan,nan
CUST-25092,Makassar,Individual
CUST-25093,Medan,Individual
CUST-25094,Balikpapan,Individual
CUST-25095,Denpasar,nan
CUST-25096,Medan,Individual
CUST-25097,Makassar,Individual
CUST-25098,Yogyakarta,nan
CUST-25099,Balikpapan,Corporate
CUST-25100,Balikpapan,Individual
CUST-25101,Surabaya,Corporate
CUST-25102,Makassar,Corporate
CUST-25103,Balikpapan,Individual
CUST-25104,Medan,Individual
CUST-25105,Medan,Corporate
CUST-25106,Denpasar,nan
CUST-25107,Denpasar,Individual
CUST-25108,Denpasar,Corporate
CUST-25109,Yogyakarta,Individual
CUST-25110,Palembang,Corporate
CUST-25111,Medan,Individual
CUST-25112,Denpasar,Individual
CUST-25113,Semarang,Individual
CUST-25114,Balikpapan,Corporate
CUST-25115,Balikpapan,Corporate
CUST-25116,Jakarta,Corporate
CUST-25117,Palembang,Corporate
CUST-25118,Makassar,Corporate
CUST-25119,Medan,Individual
CUST-25120,Bandung,nan
CUST-25121,Yogyakarta,Individual
CUST-25122,Bandung,Corporate
CUST-25123,Semarang,Individual
CUST-25124,Denpasar,Individual
CUST-25125,Balikpapan,Individual
CUST-25126,Jakarta,Individual
CUST-25127,Balikpapan,Individual
CUST-25128,Denpasar,Individual
CUST-25129,Denpasar,Individual
CUST-25130,Semarang,Individual
CUST-25131,Surabaya,nan
CUST-25132,Denpasar,Individual
CUST-25133,Denpasar,Corporate
CUST-25134,Denpasar,Individual
CUST-25135,Surabaya,Individual
CUST-25136,Denpasar,Individual
CUST-25137,Denpasar,Individual
CUST-25138,Surabaya,Individual
CUST-25139,Yogyakarta,Corporate
CUST-25140,Bandung,Corporate
CUST-25141,Bandung,Corporate
CUST-25142,Balikpapan,Individual
CUST-25143,Palembang,nan
CUST-25144,Balikpapan,Individual
CUST-25145,Balikpapan,Corporate
CUST-25146,Makassar,Individual
CUST-25147,Yogyakarta,Individual
CUST-25148,Jakarta,nan
CUST-25149,Semarang,Individual
CUST-25150,Balikpapan,Individual
CUST-25151,Palembang,Individual
CUST-25152,Medan,Individual
CUST-25153,Bandung,nan
CUST-25154,Balikpapan,Individual
CUST-25155,Balikpapan,Individual
CUST-25156,Semarang,Individual
CUST-25157,Makassar,Individual
CUST-25158,Medan,Corporate
CUST-25159,Makassar,Corporate
CUST-25160,Semarang,Corporate
CUST-25161,Makassar,Corporate
CUST-25162,Yogyakarta,Individual
CUST-25163,Medan,Individual
CUST-25164,Balikpapan,Individual
CUST-25165,Semarang,Individual
CUST-25166,Surabaya,Individual
CUST-25167,Bandung,nan
CUST-25168,Yogyakarta,nan
CUST-25169,Denpasar,Corporate
CUST-25170,Palembang,Individual
CUST-25171,Semarang,nan
CUST-25172,Palembang,Individual
CUST-25173,Medan,Corporate
CUST-25174,Medan,Corporate
CUST-25175,Yogyakarta,Corporate
CUST-25176,Balikpapan,Individual
CUST-25177,Makassar,Individual
CUST-25178,Bandung,nan
CUST-25179,Yogyakarta,Corporate
CUST-25180,Makassar,Individual
CUST-25181,Surabaya,Individual
CUST-25182,Palembang,Individual
CUST-25183,Balikpapan,nan
CUST-25184,Palembang,Corporate
CUST-25185,Semarang,nan
CUST-25186,Yogyakarta,Individual
CUST-25187,Jakarta,Individual
CUST-25188,Semarang,nan
CUST-25189,Palembang,Individual
CUST-25190,Denpasar,Corporate
CUST-25191,Palembang,Individual
CUST-25192,Surabaya,Individual
CUST-25193,Jakarta,nan
CUST-25194,Medan,Individual
CUST-25195,Semarang,Corporate
CUST-25196,Bandung,nan
CUST-25197,Palembang,Corporate
CUST-25198,Makassar,Individual
CUST-25199,Semarang,Individual
CUST-25200,Denpasar,Corporate
CUST-25201,Bandung,Corporate
CUST-25202,Surabaya,Individual
CUST-25203,Yogyakarta,nan
CUST-25204,Makassar,nan
CUST-25205,Denpasar,Individual
CUST-25206,Surabaya,Corporate
CUST-25207,Yogyakarta,nan
CUST-25208,Bandung,Corporate
CUST-25209,Bandung,Individual
CUST-25210,Balikpapan,Individual
CUST-25211,Surabaya,Individual
CUST-25212,Makassar,Individual
CUST-25213,Palembang,Individual
CUST-25214,Yogyakarta,Individual
CUST-25215,Medan,Individual
CUST-25216,Makassar,Individual
CUST-25217,Semarang,Corporate
CUST-25218,Surabaya,Individual
CUST-25219,Palembang,Individual
CUST-25220,Jakarta,Individual
CUST-25221,Yogyakarta,Corporate
CUST-25222,Medan,Individual
CUST-25223,Balikpapan,Corporate
CUST-25224,Jakarta,Individual
CUST-25225,Makassar,Individual
CUST-25226,Balikpapan,Individual
CUST-25227,Medan,Individual
CUST-25228,Balikpapan,Individual
CUST-25229,Jakarta,Corporate
CUST-25230,Medan,Individual
CUST-25231,Bandung,Individual
CUST-25232,Denpasar,Individual
CUST-25233,Bandung,Individual
CUST-25234,Jakarta,Individual
CUST-25235,Semarang,nan
CUST-25236,Jakarta,Individual
CUST-25237,Bandung,Corporate
CUST-25238,Bandung,Corporate
CUST-25239,Surabaya,Individual
CUST-25240,Bandung,Individual
CUST-25241,Medan,Corporate
CUST-25242,Makassar,Corporate
CUST-25243,Medan,Individual
CUST-25244,Yogyakarta,Individual
CUST-25245,Denpasar,Individual
CUST-25246,Yogyakarta,Corporate
CUST-25247,Bandung,Corporate
CUST-25248,Jakarta,Individual
CUST-25249,Medan,Corporate
CUST-25250,Surabaya,Corporate
CUST-25251,Denpasar,nan
CUST-25252,Denpasar,Corporate
CUST-25253,Semarang,Individual
CUST-25254,Balikpapan,Individual
CUST-25255,Balikpapan,Individual
CUST-25256,Surabaya,Individual
CUST-25257,Denpasar,Corporate
CUST-25258,Surabaya,nan
CUST-25259,Palembang,Corporate
CUST-25260,Bandung,nan
CUST-25261,Semarang,Individual
CUST-25262,Semarang,Individual
CUST-25263,Surabaya,Individual
CUST-25264,Surabaya,Individual
CUST-25265,Palembang,Corporate
CUST-25266,Makassar,nan
CUST-25267,Surabaya,Individual
CUST-25268,Denpasar,Corporate
CUST-25269,Balikpapan,Individual
CUST-25270,Semarang,Individual
CUST-25271,Medan,Individual
CUST-25272,Yogyakarta,Individual
CUST-25273,Yogyakarta,nan
CUST-25274,Yogyakarta,Individual
CUST-25275,Surabaya,Corporate
CUST-25276,Palembang,Corporate
CUST-25277,Makassar,Individual
CUST-25278,Medan,Individual
CUST-25279,Jakarta,Individual
CUST-25280,Yogyakarta,Corporate
CUST-25281,Medan,Individual
CUST-25282,Bandung,Individual
CUST-25283,Balikpapan,Corporate
CUST-25284,Yogyakarta,Individual
CUST-25285,Jakarta,nan
CUST-25286,Balikpapan,nan
CUST-25287,Surabaya,Individual
CUST-25288,Jakarta,Individual
CUST-25289,Semarang,Individual
CUST-25290,Medan,Individual
CUST-25291,Medan,Individual
CUST-25292,Yogyakarta,Corporate
CUST-25293,Semarang,nan
CUST-25294,Surabaya,Individual
CUST-25295,Makassar,nan
CUST-25296,Bandung,Individual
CUST-25297,Medan,Corporate
CUST-25298,Yogyakarta,Individual
CUST-25299,Palembang,Individual
CUST-25300,Medan,Individual
CUST-25301,Medan,Individual
CUST-25302,Semarang,Corporate
CUST-25303,Medan,Individual
CUST-25304,Makassar,Individual
CUST-25305,Makassar,Individual
CUST-25306,Jakarta,Corporate
CUST-25307,Palembang,Corporate
CUST-25308,Medan,Corporate
CUST-25309,Makassar,Individual
CUST-25310,Bandung,nan
CUST-25311,Yogyakarta,Individual
CUST-25312,Balikpapan,nan
CUST-25313,Bandung,Individual
CUST-25314,Medan,nan
CUST-25315,Denpasar,Individual
CUST-25316,Yogyakarta,Individual
CUST-25317,Surabaya,nan
CUST-25318,Medan,Corporate
CUST-25319,Makassar,Individual
CUST-25320,Palembang,Individual
CUST-25321,Makassar,Individual
CUST-25322,Denpasar,Individual
CUST-25323,Semarang,Individual
CUST-25324,Medan,nan
CUST-25325,Palembang,Individual
CUST-25326,Jakarta,Individual
CUST-25327,Denpasar,Corporate
CUST-25328,Yogyakarta,Corporate
CUST-25329,Medan,Individual
CUST-25330,Yogyakarta,Corporate
CUST-25331,Makassar,Corporate
CUST-25332,Surabaya,Individual
CUST-25333,Medan,nan
CUST-25334,Medan,Individual
CUST-25335,Makassar,Individual
CUST-25336,Surabaya,Individual
CUST-25337,Bandung,nan
CUST-25338,Balikpapan,Individual
CUST-25339,Makassar,nan
CUST-25340,Balikpapan,Individual
CUST-25341,Yogyakarta,Individual
CUST-25342,Yogyakarta,nan
CUST-25343,Surabaya,Corporate
CUST-25344,Makassar,Individual
CUST-25345,Palembang,Individual
CUST-25346,Semarang,Corporate
CUST-25347,Yogyakarta,Individual
CUST-25348,Bandung,Individual
CUST-25349,Makassar,Corporate
CUST-25350,Balikpapan,Corporate
CUST-25351,Surabaya,Corporate
CUST-25352,Surabaya,Individual
CUST-25353,Yogyakarta,Individual
CUST-25354,Jakarta,Individual
CUST-25355,Palembang,Individual
CUST-25356,Balikpapan,nan
CUST-25357,Makassar,Individual
CUST-25358,Semarang,Individual
CUST-25359,Denpasar,nan
CUST-25360,Jakarta,nan
CUST-25361,Surabaya,nan
CUST-25362,Denpasar,Individual
CUST-25363,Palembang,Corporate
CUST-25364,Balikpapan,nan
CUST-25365,Yogyakarta,Corporate
CUST-25366,Makassar,Individual
CUST-25367,Surabaya,Corporate
CUST-25368,Jakarta,Individual
CUST-25369,Jakarta,nan
CUST-25370,Makassar,Individual
CUST-25371,Surabaya,nan
CUST-25372,Yogyakarta,Individual
CUST-25373,Balikpapan,nan
CUST-25374,Bandung,Individual
CUST-25375,Bandung,Individual
CUST-25376,Medan,Individual
CUST-25377,Palembang,Individual
CUST-25378,Palembang,Corporate
CUST-25379,Denpasar,nan
CUST-25380,Denpasar,nan
CUST-25381,Palembang,Corporate
CUST-25382,Makassar,Individual
CUST-25383,Makassar,Individual
CUST-25384,Bandung,nan
CUST-25385,Semarang,Corporate
CUST-25386,Denpasar,Corporate
CUST-25387,Surabaya,Individual
CUST-25388,Jakarta,Individual
CUST-25389,Medan,Corporate
CUST-25390,Makassar,nan
CUST-25391,Bandung,Corporate
CUST-25392,Bandung,Corporate
CUST-25393,Balikpapan,nan
CUST-25394,Makassar,nan
CUST-25395,Yogyakarta,nan
CUST-25396,Semarang,Corporate
CUST-25397,Surabaya,Corporate
CUST-25398,Denpasar,Individual
CUST-25399,Denpasar,Individual
CUST-25400,Balikpapan,Corporate
CUST-25401,Palembang,Individual
CUST-25402,Palembang,Corporate
CUST-25403,Makassar,Individual
CUST-25404,Denpasar,Individual
CUST-25405,Balikpapan,Corporate
CUST-25406,Denpasar,Corporate
CUST-25407,Makassar,Corporate
CUST-25408,Yogyakarta,Corporate
CUST-25409,Yogyakarta,Corporate
CUST-25410,Medan,Corporate
CUST-25411,Denpasar,Individual
CUST-25412,Semarang,Corporate
CUST-25413,Jakarta,Individual
CUST-25414,Palembang,Individual
CUST-25415,Yogyakarta,nan
CUST-25416,Medan,Individual
CUST-25417,Yogyakarta,Corporate
CUST-25418,Balikpapan,Individual
CUST-25419,Palembang,Corporate
CUST-25420,Balikpapan,Corporate
CUST-25421,Palembang,Individual
CUST-25422,Palembang,nan
CUST-25423,Surabaya,Corporate
CUST-25424,Balikpapan,Individual
CUST-25425,Denpasar,Individual
CUST-25426,Bandung,Individual
CUST-25427,Bandung,nan
CUST-25428,Semarang,Individual
CUST-25429,Yogyakarta,Individual
CUST-25430,Bandung,nan
CUST-25431,Yogyakarta,nan
CUST-25432,Balikpapan,Individual
CUST-25433,Denpasar,Individual
CUST-25434,Surabaya,Individual
CUST-25435,Makassar,Individual
CUST-25436,Denpasar,Individual
CUST-25437,Surabaya,Corporate
CUST-25438,Semarang,Individual
CUST-25439,Bandung,nan
CUST-25440,Palembang,Individual
CUST-25441,Balikpapan,Corporate
CUST-25442,Palembang,Individual
CUST-25443,Denpasar,Individual
CUST-25444,Surabaya,Corporate
CUST-25445,Jakarta,Individual
CUST-25446,Yogyakarta,Individual
CUST-25447,Medan,Corporate
CUST-25448,Surabaya,Corporate
CUST-25449,Semarang,Corporate
CUST-25450,Jakarta,Individual
CUST-25451,Yogyakarta,Corporate
CUST-25452,Surabaya,Individual
CUST-25453,Medan,Corporate
CUST-25454,Bandung,Individual
CUST-25455,Balikpapan,Corporate
CUST-25456,Palembang,Corporate
CUST-25457,Yogyakarta,Corporate
CUST-25458,Palembang,Individual
CUST-25459,Semarang,Individual
CUST-25460,Makassar,Individual
CUST-25461,Palembang,Individual
CUST-25462,Palembang,Individual
CUST-25463,Makassar,nan
CUST-25464,Semarang,Individual
CUST-25465,Jakarta,Individual
CUST-25466,Yogyakarta,nan
CUST-25467,Balikpapan,nan
CUST-25468,Palembang,nan
CUST-25469,Surabaya,Individual
CUST-25470,Balikpapan,Individual
CUST-25471,Balikpapan,Individual
CUST-25472,Jakarta,nan
CUST-25473,Medan,Individual
CUST-25474,Yogyakarta,Corporate
CUST-25475,Yogyakarta,Corporate
CUST-25476,Bandung,nan
CUST-25477,Surabaya,Corporate
CUST-25478,Makassar,Corporate
CUST-25479,Jakarta,Individual
CUST-25480,Bandung,Corporate
CUST-25481,Semarang,nan
CUST-25482,Semarang,Individual
CUST-25483,Denpasar,Individual
CUST-25484,Denpasar,Individual
CUST-25485,Yogyakarta,Individual
CUST-25486,Balikpapan,nan
CUST-25487,Bandung,Corporate
CUST-25488,Bandung,Corporate
CUST-25489,Semarang,Individual
CUST-25490,Jakarta,Corporate
CUST-25491,Jakarta,Individual
CUST-25492,Makassar,Individual
CUST-25493,Jakarta,Individual
CUST-25494,Yogyakarta,Individual
CUST-25495,Palembang,Corporate
CUST-25496,Semarang,Individual
CUST-25497,Makassar,Individual
CUST-25498,Bandung,Corporate
CUST-25499,Balikpapan,Individual
CUST-25500,Palembang,nan
CUST-25501,Medan,Individual
CUST-25502,Bandung,nan
CUST-25503,Yogyakarta,Individual
CUST-25504,Bandung,Individual
CUST-25505,Makassar,nan
CUST-25506,Medan,Individual
CUST-25507,Bandung,Individual
CUST-25508,Medan,Individual
CUST-25509,Yogyakarta,Individual
CUST-25510,Yogyakarta,Individual
CUST-25511,Semarang,Corporate
CUST-25512,Medan,nan
CUST-25513,Semarang,Corporate
CUST-25514,Denpasar,Corporate
CUST-25515,Denpasar,nan
CUST-25516,Palembang,nan
CUST-25517,Bandung,Individual
CUST-25518,Makassar,Individual
CUST-25519,Makassar,Corporate
CUST-25520,Bandung,Individual
CUST-25521,Bandung,Individual
CUST-25522,Jakarta,Individual
CUST-25523,Jakarta,Individual
CUST-25524,Balikpapan,nan
CUST-25525,Palembang,Individual
CUST-25526,Denpasar,Individual
CUST-25527,Denpasar,Individual
CUST-25528,Jakarta,Corporate
CUST-25529,Surabaya,Individual
CUST-25530,Bandung,Individual
CUST-25531,Denpasar,Individual
CUST-25532,Semarang,nan
CUST-25533,Makassar,Individual
CUST-25534,Balikpapan,Individual
CUST-25535,Yogyakarta,Corporate
CUST-25536,Palembang,Individual
CUST-25537,Surabaya,Individual
CUST-25538,Bandung,Individual
CUST-25539,Makassar,Individual
CUST-25540,Yogyakarta,Individual
CUST-25541,Palembang,Individual
CUST-25542,Denpasar,nan
CUST-25543,Palembang,Corporate
CUST-25544,Denpasar,Corporate
CUST-25545,Surabaya,Individual
CUST-25546,Surabaya,Individual
CUST-25547,Semarang,Corporate
CUST-25548,Yogyakarta,Individual
CUST-25549,Medan,Individual
CUST-25550,Surabaya,Corporate
CUST-25551,Jakarta,Individual
CUST-25552,Denpasar,Individual
CUST-25553,Denpasar,nan
CUST-25554,Surabaya,Corporate
CUST-25555,Bandung,Individual
CUST-25556,Bandung,nan
CUST-25557,Jakarta,Individual
CUST-25558,Yogyakarta,Corporate
CUST-25559,Medan,Individual
CUST-25560,Makassar,nan
CUST-25561,Surabaya,Individual
CUST-25562,Semarang,Individual
CUST-25563,Bandung,nan
CUST-25564,Jakarta,Corporate
CUST-25565,Bandung,Individual
CUST-25566,Balikpapan,Individual
CUST-25567,Denpasar,Individual
CUST-25568,Palembang,Individual
CUST-25569,Medan,Corporate
CUST-25570,Denpasar,Individual
CUST-25571,Semarang,Individual
CUST-25572,Medan,Corporate
CUST-25573,Denpasar,Corporate
CUST-25574,Semarang,Individual
CUST-25575,Yogyakarta,Individual
CUST-25576,Semarang,Individual
CUST-25577,Denpasar,Corporate
CUST-25578,Bandung,Individual
CUST-25579,Jakarta,Individual
CUST-25580,Balikpapan,Individual
CUST-25581,Palembang,nan
CUST-25582,Medan,Individual
CUST-25583,Medan,Individual
CUST-25584,Jakarta,Individual
CUST-25585,Palembang,Corporate
CUST-25586,Bandung,Corporate
CUST-25587,Makassar,Individual
CUST-25588,Balikpapan,Individual
CUST-25589,Semarang,Corporate
CUST-25590,Palembang,Individual
CUST-25591,Palembang,Individual
CUST-25592,Palembang,nan
CUST-25593,Yogyakarta,Individual
CUST-25594,Medan,Corporate
CUST-25595,Jakarta,Individual
CUST-25596,Palembang,Individual
CUST-25597,Balikpapan,Individual
CUST-25598,Denpasar,Individual
CUST-25599,Semarang,Individual
CUST-25600,Semarang,Individual
CUST-25601,Makassar,Individual
CUST-25602,Denpasar,Corporate
CUST-25603,Semarang,Individual
CUST-25604,Palembang,Individual
CUST-25605,Balikpapan,Corporate
CUST-25606,Palembang,Corporate
CUST-25607,Medan,Individual
CUST-25608,Surabaya,Individual
CUST-25609,Jakarta,Corporate
CUST-25610,Makassar,Individual
CUST-25611,Yogyakarta,Individual
CUST-25612,Bandung,nan
CUST-25613,Medan,Individual
CUST-25614,Palembang,Individual
CUST-25615,Yogyakarta,nan
CUST-25616,Denpasar,Individual
CUST-25617,Makassar,Individual
CUST-25618,Yogyakarta,Corporate
CUST-25619,Yogyakarta,nan
CUST-25620,Jakarta,Individual
CUST-25621,Palembang,Individual
CUST-25622,Medan,Individual
CUST-25623,Surabaya,Individual
CUST-25624,Surabaya,nan
CUST-25625,Medan,Individual
CUST-25626,Bandung,Corporate
CUST-25627,Balikpapan,Individual
CUST-25628,Makassar,Individual
CUST-25629,Makassar,Corporate
CUST-25630,Medan,Individual
CUST-25631,Yogyakarta,Individual
CUST-25632,Surabaya,nan
CUST-25633,Surabaya,Individual
CUST-25634,Semarang,Individual
CUST-25635,Medan,Corporate
CUST-25636,Semarang,Corporate
CUST-25637,Balikpapan,Individual
CUST-25638,Balikpapan,Individual
CUST-25639,Medan,Individual
CUST-25640,Makassar,Individual
CUST-25641,Palembang,Corporate
CUST-25642,Makassar,nan
CUST-25643,Semarang,Individual
CUST-25644,Denpasar,Individual
CUST-25645,Semarang,Individual
CUST-25646,Denpasar,Individual
CUST-25647,Yogyakarta,Individual
CUST-25648,Semarang,Individual
CUST-25649,Medan,Individual
CUST-25650,Makassar,Individual
CUST-25651,Surabaya,Corporate
CUST-25652,Balikpapan,Individual
CUST-25653,Bandung,Individual
CUST-25654,Surabaya,Individual
CUST-25655,Makassar,Corporate
CUST-25656,Jakarta,Individual
CUST-25657,Bandung,Individual
CUST-25658,Palembang,Individual
CUST-25659,Balikpapan,nan
CUST-25660,Surabaya,Individual
CUST-25661,Makassar,Corporate
CUST-25662,Palembang,Individual
CUST-25663,Palembang,nan
CUST-25664,Palembang,Individual
CUST-25665,Bandung,Individual
CUST-25666,Bandung,Individual
CUST-25667,Palembang,Corporate
CUST-25668,Yogyakarta,Individual
CUST-25669,Surabaya,Corporate
CUST-25670,Yogyakarta,Individual
CUST-25671,Surabaya,Individual
CUST-25672,Yogyakarta,nan
CUST-25673,Surabaya,nan
CUST-25674,Jakarta,nan
CUST-25675,Balikpapan,Individual
CUST-25676,Denpasar,Corporate
CUST-25677,Semarang,Individual
CUST-25678,Balikpapan,Individual
CUST-25679,Palembang,Individual
CUST-25680,Denpasar,Corporate
CUST-25681,Balikpapan,nan
CUST-25682,Medan,Corporate
CUST-25683,Jakarta,nan
CUST-25684,Surabaya,Corporate
CUST-25685,Makassar,Individual
CUST-25686,Medan,Individual
CUST-25687,Semarang,Individual
CUST-25688,Medan,Corporate
CUST-25689,Surabaya,Individual
CUST-25690,Jakarta,Individual
CUST-25691,Surabaya,Corporate
CUST-25692,Denpasar,Individual
CUST-25693,Yogyakarta,nan
CUST-25694,Denpasar,Corporate
CUST-25695,Palembang,nan
CUST-25696,Balikpapan,nan
CUST-25697,Jakarta,nan
CUST-25698,Jakarta,nan
CUST-25699,Semarang,Individual
CUST-25700,Medan,Individual
CUST-25701,Makassar,Individual
CUST-25702,Balikpapan,nan
CUST-25703,Semarang,Corporate
CUST-25704,Surabaya,Individual
CUST-25705,Makassar,Individual
CUST-25706,Yogyakarta,Individual
CUST-25707,Semarang,Individual
CUST-25708,Bandung,Individual
CUST-25709,Semarang,Individual
CUST-25710,Jakarta,Individual
CUST-25711,Palembang,Individual
CUST-25712,Jakarta,Corporate
CUST-25713,Surabaya,Corporate
CUST-25714,Balikpapan,Individual
CUST-25715,Medan,Corporate
CUST-25716,Palembang,Individual
CUST-25717,Yogyakarta,Corporate
CUST-25718,Palembang,nan
CUST-25719,Bandung,Individual
CUST-25720,Yogyakarta,Individual
CUST-25721,Palembang,Corporate
CUST-25722,Denpasar,Individual
CUST-25723,Denpasar,Corporate
CUST-25724,Bandung,nan
CUST-25725,Yogyakarta,nan
CUST-25726,Balikpapan,Individual
CUST-25727,Bandung,nan
CUST-25728,Surabaya,Individual
CUST-25729,Palembang,Individual
CUST-25730,Makassar,nan
CUST-25731,Palembang,Corporate
CUST-25732,Semarang,nan
CUST-25733,Palembang,Individual
CUST-25734,Semarang,Corporate
CUST-25735,Palembang,Individual
CUST-25736,Medan,Individual
CUST-25737,Surabaya,nan
CUST-25738,Denpasar,Individual
CUST-25739,Medan,nan
CUST-25740,Makassar,Individual
CUST-25741,Balikpapan,Individual
CUST-25742,Jakarta,Individual
CUST-25743,Semarang,nan
CUST-25744,Medan,nan
CUST-25745,Palembang,Individual
CUST-25746,Surabaya,Individual
CUST-25747,Palembang,Corporate
CUST-25748,Semarang,Individual
CUST-25749,Jakarta,Individual
CUST-25750,Balikpapan,nan
CUST-25751,Bandung,Individual
CUST-25752,Yogyakarta,Individual
CUST-25753,Denpasar,nan
CUST-25754,Makassar,Corporate
CUST-25755,Surabaya,Individual
CUST-25756,Surabaya,Individual
CUST-25757,Palembang,Corporate
CUST-25758,Denpasar,Individual
CUST-25759,Jakarta,Individual
CUST-25760,Jakarta,Individual
CUST-25761,Yogyakarta,Corporate
CUST-25762,Balikpapan,Corporate
CUST-25763,Jakarta,Corporate
CUST-25764,Surabaya,Individual
CUST-25765,Bandung,Individual
CUST-25766,Bandung,Individual
CUST-25767,Denpasar,Individual
CUST-25768,Balikpapan,Individual
CUST-25769,Balikpapan,Individual
CUST-25770,Balikpapan,Individual
CUST-25771,Balikpapan,Individual
CUST-25772,Surabaya,nan
CUST-25773,Semarang,Corporate
CUST-25774,Surabaya,Corporate
CUST-25775,Jakarta,Individual
CUST-25776,Surabaya,Individual
CUST-25777,Yogyakarta,nan
CUST-25778,Jakarta,Individual
CUST-25779,Balikpapan,Corporate
CUST-25780,Makassar,Individual
CUST-25781,Medan,Individual
CUST-25782,Palembang,Corporate
CUST-25783,Bandung,Individual
CUST-25784,Balikpapan,Individual
CUST-25785,Bandung,Individual
CUST-25786,Yogyakarta,Individual
CUST-25787,Makassar,Individual
CUST-25788,Yogyakarta,Individual
CUST-25789,Jakarta,Individual
CUST-25790,Palembang,Individual
CUST-25791,Balikpapan,Individual
CUST-25792,Yogyakarta,Individual
CUST-25793,Denpasar,nan
CUST-25794,Medan,nan
CUST-25795,Palembang,Corporate
CUST-25796,Makassar,Individual
CUST-25797,Jakarta,Corporate
CUST-25798,Medan,Corporate
CUST-25799,Semarang,Individual
CUST-25800,Jakarta,Individual
CUST-25801,Bandung,Individual
CUST-25802,Yogyakarta,Individual
CUST-25803,Semarang,Corporate
CUST-25804,Medan,Individual
CUST-25805,Makassar,Individual
CUST-25806,Semarang,Corporate
CUST-25807,Medan,Corporate
CUST-25808,Jakarta,Corporate
CUST-25809,Balikpapan,Corporate
CUST-25810,Denpasar,Individual
CUST-25811,Bandung,Corporate
CUST-25812,Bandung,Individual
CUST-25813,Makassar,Individual
CUST-25814,Surabaya,Individual
CUST-25815,Jakarta,Corporate
CUST-25816,Semarang,Individual
CUST-25817,Medan,Individual
CUST-25818,Denpasar,Individual
CUST-25819,Medan,Individual
CUST-25820,Makassar,Corporate
CUST-25821,Makassar,Individual
CUST-25822,Yogyakarta,nan
CUST-25823,Makassar,Corporate
CUST-25824,Denpasar,Individual
CUST-25825,Semarang,Individual
CUST-25826,Palembang,Individual
CUST-25827,Makassar,nan
CUST-25828,Medan,Individual
CUST-25829,Medan,nan
CUST-25830,Medan,Individual
CUST-25831,Denpasar,Individual
CUST-25832,Jakarta,Corporate
CUST-25833,Semarang,Individual
CUST-25834,Bandung,Individual
CUST-25835,Denpasar,Individual
CUST-25836,Palembang,Individual
CUST-25837,Medan,nan
CUST-25838,Balikpapan,nan
CUST-25839,Denpasar,Individual
CUST-25840,Balikpapan,nan
CUST-25841,Balikpapan,nan
CUST-25842,Surabaya,Individual
CUST-25843,Jakarta,Individual
CUST-25844,Surabaya,Corporate
CUST-25845,Makassar,Individual
CUST-25846,Surabaya,Individual
CUST-25847,Surabaya,Individual
CUST-25848,Palembang,Individual
CUST-25849,Denpasar,Individual
CUST-25850,Medan,nan
CUST-25851,Yogyakarta,Corporate
CUST-25852,Semarang,Corporate
CUST-25853,Yogyakarta,Corporate
CUST-25854,Makassar,Corporate
CUST-25855,Bandung,Individual
CUST-25856,Palembang,Individual
CUST-25857,Surabaya,nan
CUST-25858,Palembang,Corporate
CUST-25859,Denpasar,nan
CUST-25860,Semarang,Individual
CUST-25861,Denpasar,Individual
CUST-25862,Semarang,nan
CUST-25863,Bandung,Individual
CUST-25864,Surabaya,Corporate
CUST-25865,Medan,Individual
CUST-25866,Bandung,Individual
CUST-25867,Jakarta,Corporate
CUST-25868,Denpasar,nan
CUST-25869,Semarang,Individual
CUST-25870,Palembang,Corporate
CUST-25871,Surabaya,Individual
CUST-25872,Balikpapan,Corporate
CUST-25873,Jakarta,Individual
CUST-25874,Semarang,Corporate
CUST-25875,Medan,Individual
CUST-25876,Palembang,Individual
CUST-25877,Denpasar,Individual
CUST-25878,Yogyakarta,Individual
CUST-25879,Balikpapan,Individual
CUST-25880,Palembang,Individual
CUST-25881,Semarang,Corporate
CUST-25882,Bandung,Individual
CUST-25883,Surabaya,Corporate
CUST-25884,Medan,Individual
CUST-25885,Balikpapan,nan
CUST-25886,Yogyakarta,nan
CUST-25887,Bandung,Corporate
CUST-25888,Makassar,nan
CUST-25889,Bandung,Individual
CUST-25890,Balikpapan,Corporate
CUST-25891,Bandung,Individual
CUST-25892,Jakarta,nan
CUST-25893,Bandung,Corporate
CUST-25894,Medan,nan
CUST-25895,Medan,Individual
CUST-25896,Medan,Corporate
CUST-25897,Bandung,Individual
CUST-25898,Bandung,Corporate
CUST-25899,Denpasar,Individual
CUST-25900,Medan,Individual
CUST-25901,Yogyakarta,Individual
CUST-25902,Semarang,Individual
CUST-25903,Bandung,Corporate
CUST-25904,Denpasar,Individual
CUST-25905,Makassar,nan
CUST-25906,Palembang,Corporate
CUST-25907,Medan,Corporate
CUST-25908,Bandung,Individual
CUST-25909,Palembang,nan
CUST-25910,Balikpapan,Corporate
CUST-25911,Semarang,Individual
CUST-25912,Balikpapan,Corporate
CUST-25913,Surabaya,Corporate
CUST-25914,Jakarta,Individual
CUST-25915,Jakarta,Corporate
CUST-25916,Semarang,Corporate
CUST-25917,Makassar,Individual
CUST-25918,Surabaya,nan
CUST-25919,Balikpapan,Corporate
CUST-25920,Jakarta,Individual
CUST-25921,Semarang,nan
CUST-25922,Denpasar,Individual
CUST-25923,Surabaya,Individual
CUST-25924,Balikpapan,Corporate
CUST-25925,Semarang,Individual
CUST-25926,Denpasar,Individual
CUST-25927,Medan,Individual
CUST-25928,Jakarta,Individual
CUST-25929,Semarang,nan
CUST-25930,Yogyakarta,Corporate
CUST-25931,Denpasar,Individual
CUST-25932,Yogyakarta,Individual
CUST-25933,Makassar,Corporate
CUST-25934,Balikpapan,Corporate
CUST-25935,Yogyakarta,Corporate
CUST-25936,Bandung,Individual
CUST-25937,Medan,Individual
CUST-25938,Jakarta,Individual
CUST-25939,Denpasar,Individual
CUST-25940,Palembang,Corporate
CUST-25941,Makassar,Corporate
CUST-25942,Jakarta,Individual
CUST-25943,Balikpapan,Individual
CUST-25944,Palembang,Individual
CUST-25945,Makassar,Individual
CUST-25946,Medan,Individual
CUST-25947,Palembang,nan
CUST-25948,Denpasar,Corporate
CUST-25949,Medan,Individual
CUST-25950,Bandung,Corporate
CUST-25951,Denpasar,Individual
CUST-25952,Medan,Individual
CUST-25953,Bandung,Individual
CUST-25954,Medan,Individual
CUST-25955,Bandung,Corporate
CUST-25956,Palembang,Corporate
CUST-25957,Semarang,Individual
CUST-25958,Balikpapan,Corporate
CUST-25959,Medan,Individual
CUST-25960,Makassar,Corporate
CUST-25961,Yogyakarta,Individual
CUST-25962,Palembang,Individual
CUST-25963,Medan,Individual
CUST-25964,Palembang,Individual
CUST-25965,Medan,nan
CUST-25966,Yogyakarta,Individual
CUST-25967,Denpasar,Individual
CUST-25968,Semarang,Individual
CUST-25969,Yogyakarta,Individual
CUST-25970,Surabaya,nan
CUST-25971,Semarang,nan
CUST-25972,Yogyakarta,Individual
CUST-25973,Makassar,Individual
CUST-25974,Balikpapan,Individual
CUST-25975,Jakarta,Individual
CUST-25976,Yogyakarta,Individual
CUST-25977,Denpasar,Individual
CUST-25978,Palembang,Individual
CUST-25979,Surabaya,Individual
CUST-25980,Yogyakarta,Individual
CUST-25981,Semarang,Corporate
CUST-25982,Yogyakarta,Corporate
CUST-25983,Palembang,Corporate
CUST-25984,Palembang,Corporate
CUST-25985,Medan,Individual
CUST-25986,Bandung,Individual
CUST-25987,Jakarta,Corporate
CUST-25988,Semarang,Individual
CUST-25989,Medan,Individual
CUST-25990,Bandung,Corporate
CUST-25991,Surabaya,Individual
CUST-25992,Palembang,Corporate
CUST-25993,Yogyakarta,Individual
CUST-25994,Medan,Corporate
CUST-25995,Surabaya,Individual
CUST-25996,Bandung,nan
CUST-25997,Semarang,Corporate
CUST-25998,Makassar,Individual
CUST-25999,Jakarta,Individual
CUST-26000,Surabaya,Corporate
CUST-26001,Bandung,nan
CUST-26002,Semarang,nan
CUST-26003,Yogyakarta,Individual
CUST-26004,Jakarta,Individual
CUST-26005,Yogyakarta,Individual
CUST-26006,Denpasar,Individual
CUST-26007,Makassar,Corporate
CUST-26008,Semarang,Individual
CUST-26009,Denpasar,Individual
CUST-26010,Balikpapan,Individual
CUST-26011,Balikpapan,Individual
CUST-26012,Surabaya,Individual
CUST-26013,Makassar,Corporate
CUST-26014,Palembang,Individual
CUST-26015,Medan,Individual
CUST-26016,Semarang,nan
CUST-26017,Semarang,Individual
CUST-26018,Semarang,Individual
CUST-26019,Yogyakarta,Individual
CUST-26020,Denpasar,Individual
CUST-26021,Medan,Individual
CUST-26022,Medan,Individual
CUST-26023,Semarang,Individual
CUST-26024,Denpasar,Individual
CUST-26025,Bandung,Individual
CUST-26026,Makassar,Individual
CUST-26027,Denpasar,Individual
CUST-26028,Balikpapan,Corporate
CUST-26029,Yogyakarta,Corporate
CUST-26030,Surabaya,Individual
CUST-26031,Makassar,nan
CUST-26032,Bandung,nan
CUST-26033,Semarang,Corporate
CUST-26034,Makassar,Individual
CUST-26035,Jakarta,Individual
CUST-26036,Yogyakarta,Individual
CUST-26037,Balikpapan,Corporate
CUST-26038,Balikpapan,nan
CUST-26039,Medan,Individual
CUST-26040,Semarang,nan
CUST-26041,Bandung,Individual
CUST-26042,Makassar,Individual
CUST-26043,Denpasar,Individual
CUST-26044,Balikpapan,Corporate
CUST-26045,Palembang,Individual
CUST-26046,Medan,Individual
CUST-26047,Palembang,Individual
CUST-26048,Bandung,Individual
CUST-26049,Bandung,nan
CUST-26050,Surabaya,Individual
CUST-26051,Medan,Individual
CUST-26052,Balikpapan,Corporate
CUST-26053,Balikpapan,Individual
CUST-26054,Medan,Individual
CUST-26055,Denpasar,Individual
CUST-26056,Balikpapan,Corporate
CUST-26057,Medan,Corporate
CUST-26058,Denpasar,Individual
CUST-26059,Bandung,Individual
CUST-26060,Yogyakarta,Individual
CUST-26061,Surabaya,Individual
CUST-26062,Jakarta,Individual
CUST-26063,Palembang,nan
CUST-26064,Jakarta,Individual
CUST-26065,Balikpapan,Individual
CUST-26066,Balikpapan,Individual
CUST-26067,Yogyakarta,Individual
CUST-26068,Palembang,Individual
CUST-26069,Bandung,Corporate
CUST-26070,Medan,Individual
CUST-26071,Palembang,Individual
CUST-26072,Surabaya,Individual
CUST-26073,Bandung,Corporate
CUST-26074,Jakarta,Corporate
CUST-26075,Semarang,Individual
CUST-26076,Medan,Individual
CUST-26077,Semarang,Individual
CUST-26078,Balikpapan,Individual
CUST-26079,Surabaya,Individual
CUST-26080,Bandung,Individual
CUST-26081,Balikpapan,Corporate
CUST-26082,Yogyakarta,Individual
CUST-26083,Surabaya,Individual
CUST-26084,Yogyakarta,Corporate
CUST-26085,Bandung,Individual
CUST-26086,Jakarta,Individual
CUST-26087,Medan,Corporate
CUST-26088,Yogyakarta,Individual
CUST-26089,Jakarta,Individual
CUST-26090,Denpasar,Individual
CUST-26091,Balikpapan,nan
CUST-26092,Palembang,Individual
CUST-26093,Bandung,Individual
CUST-26094,Balikpapan,Individual
CUST-26095,Makassar,Individual
CUST-26096,Surabaya,Individual
CUST-26097,Surabaya,Corporate
CUST-26098,Denpasar,Individual
CUST-26099,Yogyakarta,Individual
CUST-26100,Yogyakarta,Individual
CUST-26101,Makassar,Corporate
CUST-26102,Jakarta,nan
CUST-26103,Semarang,Individual
CUST-26104,Jakarta,Corporate
CUST-26105,Bandung,Corporate
CUST-26106,Palembang,Individual
CUST-26107,Medan,Individual
CUST-26108,Makassar,Individual
CUST-26109,Jakarta,nan
CUST-26110,Yogyakarta,Individual
CUST-26111,Surabaya,Individual
CUST-26112,Balikpapan,Individual
CUST-26113,Medan,Individual
CUST-26114,Jakarta,Individual
CUST-26115,Bandung,Individual
CUST-26116,Bandung,Individual
CUST-26117,Bandung,Individual
CUST-26118,Denpasar,nan
CUST-26119,Semarang,nan
CUST-26120,Semarang,Individual
CUST-26121,Makassar,Individual
CUST-26122,Semarang,Individual
CUST-26123,Surabaya,Individual
CUST-26124,Jakarta,Individual
CUST-26125,Makassar,Corporate
CUST-26126,Yogyakarta,Corporate
CUST-26127,Palembang,Individual
CUST-26128,Jakarta,nan
CUST-26129,Makassar,nan
CUST-26130,Balikpapan,Individual
CUST-26131,Medan,Individual
CUST-26132,Makassar,Individual
CUST-26133,Bandung,Individual
CUST-26134,Balikpapan,Individual
CUST-26135,Surabaya,Individual
CUST-26136,Balikpapan,Individual
CUST-26137,Bandung,Individual
CUST-26138,Makassar,Corporate
CUST-26139,Yogyakarta,Individual
CUST-26140,Jakarta,nan
CUST-26141,Yogyakarta,nan
CUST-26142,Jakarta,Individual
CUST-26143,Surabaya,Individual
CUST-26144,Semarang,Individual
CUST-26145,Yogyakarta,Corporate
CUST-26146,Palembang,Individual
CUST-26147,Balikpapan,Corporate
CUST-26148,Surabaya,Corporate
CUST-26149,Jakarta,Corporate
CUST-26150,Denpasar,Individual
CUST-26151,Palembang,Individual
CUST-26152,Balikpapan,Individual
CUST-26153,Medan,Individual
CUST-26154,Bandung,Corporate
CUST-26155,Jakarta,Corporate
CUST-26156,Palembang,nan
CUST-26157,Makassar,Individual
CUST-26158,Denpasar,Individual
CUST-26159,Denpasar,Individual
CUST-26160,Makassar,Individual
CUST-26161,Surabaya,Corporate
CUST-26162,Semarang,Individual
CUST-26163,Bandung,Individual
CUST-26164,Palembang,nan
CUST-26165,Bandung,Individual
CUST-26166,Balikpapan,Individual
CUST-26167,Yogyakarta,Individual
CUST-26168,Bandung,Individual
CUST-26169,Balikpapan,Individual
CUST-26170,Yogyakarta,Individual
CUST-26171,Yogyakarta,Individual
CUST-26172,Surabaya,Individual
CUST-26173,Balikpapan,Individual
CUST-26174,Bandung,nan
CUST-26175,Bandung,Individual
CUST-26176,Palembang,Individual
CUST-26177,Makassar,Individual
CUST-26178,Surabaya,Corporate
CUST-26179,Jakarta,Corporate
CUST-26180,Makassar,nan
CUST-26181,Yogyakarta,Individual
CUST-26182,Bandung,Individual
CUST-26183,Palembang,Corporate
CUST-26184,Surabaya,Individual
CUST-26185,Denpasar,Corporate
CUST-26186,Surabaya,Individual
CUST-26187,Semarang,Corporate
CUST-26188,Palembang,Corporate
CUST-26189,Palembang,Corporate
CUST-26190,Makassar,nan
CUST-26191,Makassar,Individual
CUST-26192,Surabaya,nan
CUST-26193,Jakarta,Individual
CUST-26194,Balikpapan,Corporate
CUST-26195,Medan,Individual
CUST-26196,Medan,nan
CUST-26197,Bandung,Individual
CUST-26198,Surabaya,Individual
CUST-26199,Yogyakarta,Individual
CUST-26200,Bandung,Corporate
CUST-26201,Yogyakarta,Individual
CUST-26202,Balikpapan,Individual
CUST-26203,Balikpapan,Individual
CUST-26204,Surabaya,Individual
CUST-26205,Semarang,Individual
CUST-26206,Semarang,Individual
CUST-26207,Yogyakarta,Individual
CUST-26208,Makassar,Individual
CUST-26209,Yogyakarta,Individual
CUST-26210,Bandung,Individual
CUST-26211,Makassar,Individual
CUST-26212,Balikpapan,Individual
CUST-26213,Jakarta,Individual
CUST-26214,Denpasar,Individual
CUST-26215,Surabaya,nan
CUST-26216,Bandung,Individual
CUST-26217,Denpasar,Corporate
CUST-26218,Bandung,Individual
CUST-26219,Balikpapan,Individual
CUST-26220,Medan,Individual
CUST-26221,Balikpapan,Corporate
CUST-26222,Semarang,nan
CUST-26223,Surabaya,Individual
CUST-26224,Surabaya,nan
CUST-26225,Surabaya,Individual
CUST-26226,Medan,Corporate
CUST-26227,Balikpapan,Individual
CUST-26228,Bandung,Corporate
CUST-26229,Denpasar,Individual
CUST-26230,Bandung,Individual
CUST-26231,Semarang,Corporate
CUST-26232,Bandung,Individual
CUST-26233,Palembang,Individual
CUST-26234,Makassar,nan
CUST-26235,Makassar,nan
CUST-26236,Yogyakarta,nan
CUST-26237,Semarang,nan
CUST-26238,Makassar,Individual
CUST-26239,Semarang,Individual
CUST-26240,Palembang,Individual
CUST-26241,Bandung,Corporate
CUST-26242,Denpasar,Corporate
CUST-26243,Semarang,nan
CUST-26244,Surabaya,nan
CUST-26245,Palembang,Individual
CUST-26246,Balikpapan,Individual
CUST-26247,Palembang,nan
CUST-26248,Yogyakarta,Individual
CUST-26249,Denpasar,nan
CUST-26250,Yogyakarta,Corporate
CUST-26251,Makassar,Corporate
CUST-26252,Medan,Corporate
CUST-26253,Surabaya,Corporate
CUST-26254,Medan,Individual
CUST-26255,Surabaya,Individual
CUST-26256,Semarang,Individual
CUST-26257,Balikpapan,Individual
CUST-26258,Surabaya,Individual
CUST-26259,Yogyakarta,nan
CUST-26260,Bandung,Individual
CUST-26261,Bandung,Individual
CUST-26262,Jakarta,Corporate
CUST-26263,Surabaya,Individual
CUST-26264,Semarang,Individual
CUST-26265,Jakarta,Individual
CUST-26266,Bandung,Individual
CUST-26267,Yogyakarta,Individual
CUST-26268,Makassar,Individual
CUST-26269,Yogyakarta,nan
CUST-26270,Jakarta,Individual
CUST-26271,Bandung,Individual
CUST-26272,Yogyakarta,Individual
CUST-26273,Denpasar,Individual
CUST-26274,Palembang,Corporate
CUST-26275,Bandung,Individual
CUST-26276,Palembang,Individual
CUST-26277,Semarang,nan
CUST-26278,Medan,Individual
CUST-26279,Palembang,nan
CUST-26280,Denpasar,Individual
CUST-26281,Palembang,Individual
CUST-26282,Palembang,nan
CUST-26283,Denpasar,nan
CUST-26284,Denpasar,Individual
CUST-26285,Palembang,Corporate
CUST-26286,Balikpapan,Individual
CUST-26287,Yogyakarta,Corporate
CUST-26288,Semarang,Individual
CUST-26289,Medan,Corporate
CUST-26290,Surabaya,Individual
CUST-26291,Yogyakarta,Individual
CUST-26292,Medan,Individual
CUST-26293,Makassar,Individual
CUST-26294,Medan,Individual
CUST-26295,Balikpapan,Individual
CUST-26296,Denpasar,nan
CUST-26297,Medan,Individual
CUST-26298,Bandung,Individual
CUST-26299,Palembang,Individual
CUST-26300,Denpasar,Corporate
CUST-26301,Bandung,Corporate
CUST-26302,Surabaya,Individual
CUST-26303,Palembang,Individual
CUST-26304,Makassar,Corporate
CUST-26305,Medan,Corporate
CUST-26306,Balikpapan,Individual
CUST-26307,Medan,Individual
CUST-26308,Bandung,Individual
CUST-26309,Medan,Corporate
CUST-26310,Jakarta,Individual
CUST-26311,Denpasar,Individual
CUST-26312,Makassar,Corporate
CUST-26313,Bandung,nan
CUST-26314,Palembang,Individual
CUST-26315,Denpasar,Corporate
CUST-26316,Medan,Individual
CUST-26317,Balikpapan,Individual
CUST-26318,Jakarta,Individual
CUST-26319,Palembang,Corporate
CUST-26320,Makassar,Individual
CUST-26321,Medan,Individual
CUST-26322,Bandung,Individual
CUST-26323,Bandung,Corporate
CUST-26324,Surabaya,Individual
CUST-26325,Bandung,Corporate
CUST-26326,Semarang,Corporate
CUST-26327,Medan,Corporate
CUST-26328,Denpasar,Individual
CUST-26329,Yogyakarta,nan
CUST-26330,Jakarta,Individual
CUST-26331,Yogyakarta,Corporate
CUST-26332,Bandung,Individual
CUST-26333,Medan,Individual
CUST-26334,Bandung,Individual
CUST-26335,Surabaya,Individual
CUST-26336,Balikpapan,Individual
CUST-26337,Makassar,Corporate
CUST-26338,Balikpapan,Corporate
CUST-26339,Jakarta,Corporate
CUST-26340,Medan,Corporate
CUST-26341,Jakarta,Individual
CUST-26342,Jakarta,nan
CUST-26343,Yogyakarta,Corporate
CUST-26344,Medan,Individual
CUST-26345,Bandung,Individual
CUST-26346,Palembang,Individual
CUST-26347,Palembang,Corporate
CUST-26348,Bandung,Corporate
CUST-26349,Makassar,Individual
CUST-26350,Medan,Corporate
CUST-26351,Surabaya,Corporate
CUST-26352,Semarang,Corporate
CUST-26353,Palembang,Individual
CUST-26354,Medan,Corporate
CUST-26355,Surabaya,Corporate
CUST-26356,Jakarta,Corporate
CUST-26357,Makassar,Individual
CUST-26358,Surabaya,Corporate
CUST-26359,Balikpapan,Individual
CUST-26360,Jakarta,nan
CUST-26361,Medan,Individual
CUST-26362,Bandung,Corporate
CUST-26363,Semarang,Individual
CUST-26364,Yogyakarta,Corporate
CUST-26365,Surabaya,Individual
CUST-26366,Palembang,Individual
CUST-26367,Surabaya,Individual
CUST-26368,Bandung,Individual
CUST-26369,Palembang,Individual
CUST-26370,Yogyakarta,Individual
CUST-26371,Palembang,Individual
CUST-26372,Semarang,Individual
CUST-26373,Bandung,Individual
CUST-26374,Makassar,Individual
CUST-26375,Palembang,Individual
CUST-26376,Denpasar,Individual
CUST-26377,Medan,Individual
CUST-26378,Makassar,nan
CUST-26379,Bandung,Individual
CUST-26380,Yogyakarta,nan
CUST-26381,Surabaya,Individual
CUST-26382,Jakarta,Corporate
CUST-26383,Makassar,nan
CUST-26384,Jakarta,Individual
CUST-26385,Yogyakarta,nan
CUST-26386,Bandung,Individual
CUST-26387,Yogyakarta,Individual
CUST-26388,Medan,Corporate
CUST-26389,Bandung,Individual
CUST-26390,Balikpapan,Corporate
CUST-26391,Semarang,Individual
CUST-26392,Medan,Individual
CUST-26393,Jakarta,Individual
CUST-26394,Medan,Individual
CUST-26395,Bandung,Corporate
CUST-26396,Bandung,Corporate
CUST-26397,Yogyakarta,Individual
CUST-26398,Bandung,Individual
CUST-26399,Semarang,Corporate
CUST-26400,Makassar,Individual
CUST-26401,Denpasar,Individual
CUST-26402,Palembang,nan
CUST-26403,Yogyakarta,Corporate
CUST-26404,Jakarta,Corporate
CUST-26405,Denpasar,Corporate
CUST-26406,Bandung,Individual
CUST-26407,Jakarta,Individual
CUST-26408,Yogyakarta,Individual
CUST-26409,Medan,Individual
CUST-26410,Balikpapan,Individual
CUST-26411,Jakarta,Individual
CUST-26412,Surabaya,Individual
CUST-26413,Bandung,Individual
CUST-26414,Medan,nan
CUST-26415,Palembang,Individual
CUST-26416,Yogyakarta,Individual
CUST-26417,Jakarta,Individual
CUST-26418,Balikpapan,Individual
CUST-26419,Makassar,Corporate
CUST-26420,Semarang,nan
CUST-26421,Yogyakarta,Individual
CUST-26422,Yogyakarta,Individual
CUST-26423,Palembang,Corporate
CUST-26424,Denpasar,Individual
CUST-26425,Surabaya,Individual
CUST-26426,Yogyakarta,nan
CUST-26427,Balikpapan,Corporate
CUST-26428,Palembang,Individual
CUST-26429,Yogyakarta,nan
CUST-26430,Yogyakarta,Individual
CUST-26431,Bandung,nan
CUST-26432,Bandung,Individual
CUST-26433,Yogyakarta,Individual
CUST-26434,Bandung,Individual
CUST-26435,Surabaya,Corporate
CUST-26436,Surabaya,Corporate
CUST-26437,Yogyakarta,Corporate
CUST-26438,Bandung,Individual
CUST-26439,Denpasar,Individual
CUST-26440,Jakarta,Individual
CUST-26441,Yogyakarta,Individual
CUST-26442,Jakarta,Individual
CUST-26443,Palembang,Individual
CUST-26444,Medan,Corporate
CUST-26445,Palembang,Individual
CUST-26446,Yogyakarta,Individual
CUST-26447,Yogyakarta,Individual
CUST-26448,Makassar,Corporate
CUST-26449,Semarang,Corporate
CUST-26450,Yogyakarta,Corporate
CUST-26451,Yogyakarta,Individual
CUST-26452,Yogyakarta,Individual
CUST-26453,Surabaya,Individual
CUST-26454,Surabaya,Individual
CUST-26455,Yogyakarta,Corporate
CUST-26456,Denpasar,Individual
CUST-26457,Medan,Individual
CUST-26458,Jakarta,Individual
CUST-26459,Medan,Individual
CUST-26460,Denpasar,Corporate
CUST-26461,Balikpapan,Individual
CUST-26462,Balikpapan,Individual
CUST-26463,Semarang,Corporate
CUST-26464,Makassar,Corporate
CUST-26465,Jakarta,Corporate
CUST-26466,Balikpapan,Individual
CUST-26467,Semarang,Individual
CUST-26468,Jakarta,Individual
CUST-26469,Medan,Individual
CUST-26470,Bandung,Individual
CUST-26471,Yogyakarta,Individual
CUST-26472,Makassar,Individual
CUST-26473,Palembang,Individual
CUST-26474,Palembang,Individual
CUST-26475,Palembang,Corporate
CUST-26476,Makassar,Corporate
CUST-26477,Palembang,Individual
CUST-26478,Medan,Corporate
CUST-26479,Makassar,nan
CUST-26480,Balikpapan,Individual
CUST-26481,Makassar,Individual
CUST-26482,Yogyakarta,Individual
CUST-26483,Bandung,Individual
CUST-26484,Makassar,Individual
CUST-26485,Palembang,Corporate
CUST-26486,Palembang,Individual
CUST-26487,Yogyakarta,Corporate
CUST-26488,Surabaya,Individual
CUST-26489,Medan,Corporate
CUST-26490,Makassar,Individual
CUST-26491,Balikpapan,Corporate
CUST-26492,Denpasar,Corporate
CUST-26493,Surabaya,Individual
CUST-26494,Bandung,Individual
CUST-26495,Yogyakarta,Individual
CUST-26496,Balikpapan,Individual
CUST-26497,Palembang,Individual
CUST-26498,Bandung,Individual
CUST-26499,Yogyakarta,nan
CUST-26500,Medan,Corporate
CUST-26501,Denpasar,nan
CUST-26502,Surabaya,Individual
CUST-26503,Semarang,Individual
CUST-26504,Makassar,Individual
CUST-26505,Surabaya,Individual
CUST-26506,Surabaya,Individual
CUST-26507,Semarang,Individual
CUST-26508,Jakarta,Corporate
CUST-26509,Semarang,Corporate
CUST-26510,Yogyakarta,nan
CUST-26511,Medan,Corporate
CUST-26512,Denpasar,Corporate
CUST-26513,Medan,Individual
CUST-26514,Medan,Corporate
CUST-26515,Jakarta,Individual
CUST-26516,Bandung,nan
CUST-26517,Yogyakarta,Individual
CUST-26518,Jakarta,Individual
CUST-26519,Medan,nan
CUST-26520,Jakarta,Corporate
CUST-26521,Balikpapan,Individual
CUST-26522,Palembang,Individual
CUST-26523,Balikpapan,Corporate
CUST-26524,Denpasar,Individual
CUST-26525,Jakarta,Corporate
CUST-26526,Denpasar,Corporate
CUST-26527,Surabaya,Individual
CUST-26528,Denpasar,Individual
CUST-26529,Medan,Individual
CUST-26530,Yogyakarta,Corporate
CUST-26531,Semarang,Individual
CUST-26532,Jakarta,Individual
CUST-26533,Makassar,Corporate
CUST-26534,Bandung,Individual
CUST-26535,Yogyakarta,Corporate
CUST-26536,Surabaya,Individual
CUST-26537,Makassar,Individual
CUST-26538,Yogyakarta,Individual
CUST-26539,Jakarta,Corporate
CUST-26540,Palembang,Corporate
CUST-26541,Medan,Corporate
CUST-26542,Makassar,Individual
CUST-26543,Palembang,Corporate
CUST-26544,Denpasar,Corporate
CUST-26545,Semarang,nan
CUST-26546,Bandung,Corporate
CUST-26547,Denpasar,Individual
CUST-26548,Yogyakarta,nan
CUST-26549,Balikpapan,Corporate
CUST-26550,Medan,nan
CUST-26551,Bandung,Corporate
CUST-26552,Balikpapan,nan
CUST-26553,Yogyakarta,Individual
CUST-26554,Palembang,Individual
CUST-26555,Palembang,Individual
CUST-26556,Denpasar,Corporate
CUST-26557,Makassar,nan
CUST-26558,Surabaya,Individual
CUST-26559,Medan,Individual
CUST-26560,Medan,Individual
CUST-26561,Balikpapan,Individual
CUST-26562,Medan,Individual
CUST-26563,Balikpapan,Individual
CUST-26564,Jakarta,Individual
CUST-26565,Bandung,nan
CUST-26566,Yogyakarta,Corporate
CUST-26567,Bandung,Individual
CUST-26568,Palembang,nan
CUST-26569,Medan,Individual
CUST-26570,Medan,Individual
CUST-26571,Surabaya,Individual
CUST-26572,Makassar,Individual
CUST-26573,Semarang,Individual
CUST-26574,Jakarta,Corporate
CUST-26575,Jakarta,Individual
CUST-26576,Balikpapan,Individual
CUST-26577,Denpasar,Corporate
CUST-26578,Denpasar,Individual
CUST-26579,Surabaya,nan
CUST-26580,Bandung,Individual
CUST-26581,Yogyakarta,Individual
CUST-26582,Balikpapan,Individual
CUST-26583,Balikpapan,Corporate
CUST-26584,Medan,Individual
CUST-26585,Palembang,Individual
CUST-26586,Balikpapan,Individual
CUST-26587,Denpasar,Individual
CUST-26588,Surabaya,Corporate
CUST-26589,Makassar,Individual
CUST-26590,Semarang,Corporate
CUST-26591,Surabaya,Individual
CUST-26592,Jakarta,Corporate
CUST-26593,Medan,Individual
CUST-26594,Jakarta,Individual
CUST-26595,Bandung,Individual
CUST-26596,Denpasar,nan
CUST-26597,Surabaya,Individual
CUST-26598,Yogyakarta,nan
CUST-26599,Denpasar,Individual
CUST-26600,Medan,Corporate
CUST-26601,Jakarta,Individual
CUST-26602,Yogyakarta,Individual
CUST-26603,Makassar,Corporate
CUST-26604,Balikpapan,Individual
CUST-26605,Denpasar,Individual
CUST-26606,Surabaya,Individual
CUST-26607,Balikpapan,Corporate
CUST-26608,Yogyakarta,Individual
CUST-26609,Makassar,nan
CUST-26610,Jakarta,Corporate
CUST-26611,Yogyakarta,Individual
CUST-26612,Jakarta,Individual
CUST-26613,Jakarta,Individual
CUST-26614,Medan,Individual
CUST-26615,Balikpapan,Individual
CUST-26616,Bandung,Individual
CUST-26617,Jakarta,Individual
CUST-26618,Denpasar,Individual
CUST-26619,Makassar,Individual
CUST-26620,Makassar,Individual
CUST-26621,Denpasar,Corporate
CUST-26622,Semarang,nan
CUST-26623,Palembang,Corporate
CUST-26624,Semarang,Individual
CUST-26625,Medan,Corporate
CUST-26626,Semarang,Individual
CUST-26627,Palembang,Corporate
CUST-26628,Surabaya,Individual
CUST-26629,Makassar,Corporate
CUST-26630,Yogyakarta,Corporate
CUST-26631,Makassar,Corporate
CUST-26632,Yogyakarta,nan
CUST-26633,Medan,Individual
CUST-26634,Balikpapan,Individual
CUST-26635,Bandung,Individual
CUST-26636,Makassar,Individual
CUST-26637,Medan,Individual
CUST-26638,Denpasar,Individual
CUST-26639,Jakarta,nan
CUST-26640,Surabaya,Individual
CUST-26641,Surabaya,nan
CUST-26642,Yogyakarta,Corporate
CUST-26643,Semarang,nan
CUST-26644,Balikpapan,Individual
CUST-26645,Surabaya,Corporate
CUST-26646,Makassar,nan
CUST-26647,Palembang,Individual
CUST-26648,Semarang,Individual
CUST-26649,Surabaya,Corporate
CUST-26650,Denpasar,Individual
CUST-26651,Jakarta,Individual
CUST-26652,Semarang,Individual
CUST-26653,Palembang,Individual
CUST-26654,Palembang,Individual
CUST-26655,Palembang,Corporate
CUST-26656,Jakarta,Individual
CUST-26657,Yogyakarta,nan
CUST-26658,Balikpapan,Corporate
CUST-26659,Makassar,Individual
CUST-26660,Makassar,Corporate
CUST-26661,Medan,Individual
CUST-26662,Palembang,Individual
CUST-26663,Bandung,Individual
CUST-26664,Makassar,nan
CUST-26665,Semarang,nan
CUST-26666,Medan,nan
CUST-26667,Bandung,nan
CUST-26668,Semarang,Individual
CUST-26669,Balikpapan,Individual
CUST-26670,Surabaya,Individual
CUST-26671,Balikpapan,Individual
CUST-26672,Semarang,Corporate
CUST-26673,Makassar,Corporate
CUST-26674,Makassar,Corporate
CUST-26675,Palembang,Corporate
CUST-26676,Surabaya,Individual
CUST-26677,Semarang,Corporate
CUST-26678,Balikpapan,Individual
CUST-26679,Surabaya,nan
CUST-26680,Bandung,Individual
CUST-26681,Surabaya,Corporate
CUST-26682,Bandung,Individual
CUST-26683,Makassar,Individual
CUST-26684,Palembang,Individual
CUST-26685,Yogyakarta,Corporate
CUST-26686,Semarang,Individual
CUST-26687,Jakarta,Corporate
CUST-26688,Denpasar,Individual
CUST-26689,Semarang,Individual
CUST-26690,Makassar,Corporate
CUST-26691,Bandung,Individual
CUST-26692,Yogyakarta,nan
CUST-26693,Surabaya,Corporate
CUST-26694,Makassar,Individual
CUST-26695,Balikpapan,Individual
CUST-26696,Semarang,Individual
CUST-26697,Yogyakarta,Individual
CUST-26698,Bandung,Corporate
CUST-26699,Jakarta,Individual
CUST-26700,Makassar,Corporate
CUST-26701,Medan,Corporate
CUST-26702,Medan,Individual
CUST-26703,Medan,Corporate
CUST-26704,Bandung,Individual
CUST-26705,Bandung,Individual
CUST-26706,Jakarta,Individual
CUST-26707,Denpasar,Individual
CUST-26708,Surabaya,Individual
CUST-26709,Denpasar,Corporate
CUST-26710,Makassar,Individual
CUST-26711,Semarang,Corporate
CUST-26712,Balikpapan,Individual
CUST-26713,Balikpapan,Individual
CUST-26714,Palembang,Individual
CUST-26715,Medan,Individual
CUST-26716,Medan,nan
CUST-26717,Yogyakarta,Corporate
CUST-26718,Yogyakarta,Corporate
CUST-26719,Jakarta,Corporate
CUST-26720,Bandung,Individual
CUST-26721,Medan,Individual
CUST-26722,Palembang,nan
CUST-26723,Balikpapan,nan
CUST-26724,Yogyakarta,Individual
CUST-26725,Denpasar,Individual
CUST-26726,Surabaya,Individual
CUST-26727,Makassar,nan
CUST-26728,Palembang,nan
CUST-26729,Balikpapan,Individual
CUST-26730,Yogyakarta,Corporate
CUST-26731,Balikpapan,nan
CUST-26732,Bandung,Individual
CUST-26733,Bandung,Corporate
CUST-26734,Bandung,Corporate
CUST-26735,Yogyakarta,Individual
CUST-26736,Yogyakarta,Corporate
CUST-26737,Medan,Individual
CUST-26738,Denpasar,nan
CUST-26739,Denpasar,Individual
CUST-26740,Balikpapan,Corporate
CUST-26741,Surabaya,nan
CUST-26742,Balikpapan,Individual
CUST-26743,Denpasar,Individual
CUST-26744,Denpasar,Individual
CUST-26745,Balikpapan,Individual
CUST-26746,Medan,Individual
CUST-26747,Semarang,Individual
CUST-26748,Bandung,Corporate
CUST-26749,Semarang,Individual
CUST-26750,Medan,Individual
CUST-26751,Palembang,Individual
CUST-26752,Balikpapan,Corporate
CUST-26753,Balikpapan,nan
CUST-26754,Yogyakarta,Individual
CUST-26755,Semarang,Individual
CUST-26756,Yogyakarta,Corporate
CUST-26757,Jakarta,Individual
CUST-26758,Medan,Individual
CUST-26759,Palembang,nan
CUST-26760,Balikpapan,Individual
CUST-26761,Jakarta,Corporate
CUST-26762,Denpasar,Individual
CUST-26763,Bandung,Individual
CUST-26764,Palembang,Individual
CUST-26765,Palembang,Individual
CUST-26766,Makassar,Individual
CUST-26767,Medan,Corporate
CUST-26768,Medan,Individual
CUST-26769,Palembang,Corporate
CUST-26770,Denpasar,Individual
CUST-26771,Palembang,Individual
CUST-26772,Palembang,Individual
CUST-26773,Balikpapan,Individual
CUST-26774,Bandung,Individual
CUST-26775,Makassar,Corporate
CUST-26776,Bandung,Individual
CUST-26777,Yogyakarta,Individual
CUST-26778,Bandung,Individual
CUST-26779,Jakarta,nan
CUST-26780,Palembang,nan
CUST-26781,Bandung,Individual
CUST-26782,Semarang,Corporate
CUST-26783,Medan,Individual
CUST-26784,Semarang,nan
CUST-26785,Balikpapan,Individual
CUST-26786,Surabaya,Individual
CUST-26787,Surabaya,Individual
CUST-26788,Balikpapan,Individual
CUST-26789,Semarang,nan
CUST-26790,Makassar,Individual
CUST-26791,Makassar,Corporate
CUST-26792,Denpasar,Corporate
CUST-26793,Medan,Individual
CUST-26794,Semarang,Corporate
CUST-26795,Yogyakarta,nan
CUST-26796,Surabaya,nan
CUST-26797,Denpasar,Individual
CUST-26798,Palembang,Corporate
CUST-26799,Makassar,Individual
CUST-26800,Makassar,Corporate
CUST-26801,Jakarta,Individual
CUST-26802,Palembang,Individual
CUST-26803,Surabaya,nan
CUST-26804,Denpasar,nan
CUST-26805,Medan,Individual
CUST-26806,Denpasar,Individual
CUST-26807,Medan,Individual
CUST-26808,Yogyakarta,Individual
CUST-26809,Jakarta,Individual
CUST-26810,Surabaya,Individual
CUST-26811,Denpasar,Individual
CUST-26812,Yogyakarta,Individual
CUST-26813,Medan,Individual
CUST-26814,Medan,nan
CUST-26815,Semarang,Individual
CUST-26816,Medan,nan
CUST-26817,Denpasar,Individual
CUST-26818,Yogyakarta,Individual
CUST-26819,Denpasar,Individual
CUST-26820,Denpasar,Individual
CUST-26821,Bandung,nan
CUST-26822,Makassar,Corporate
CUST-26823,Surabaya,Individual
CUST-26824,Surabaya,Corporate
CUST-26825,Yogyakarta,Individual
CUST-26826,Semarang,Individual
CUST-26827,Makassar,Individual
CUST-26828,Medan,Individual
CUST-26829,Semarang,Individual
CUST-26830,Makassar,Individual
CUST-26831,Palembang,nan
CUST-26832,Medan,Corporate
CUST-26833,Semarang,nan
CUST-26834,Surabaya,Individual
CUST-26835,Yogyakarta,nan
CUST-26836,Yogyakarta,Individual
CUST-26837,Medan,Individual
CUST-26838,Makassar,nan
CUST-26839,Makassar,nan
CUST-26840,Yogyakarta,Individual
CUST-26841,Palembang,Individual
CUST-26842,Palembang,Individual
CUST-26843,Palembang,Individual
CUST-26844,Bandung,Individual
CUST-26845,Semarang,Corporate
CUST-26846,Medan,Individual
CUST-26847,Bandung,Corporate
CUST-26848,Balikpapan,Corporate
CUST-26849,Denpasar,Corporate
CUST-26850,Yogyakarta,Corporate
CUST-26851,Jakarta,nan
CUST-26852,Yogyakarta,Corporate
CUST-26853,Makassar,Individual
CUST-26854,Jakarta,Individual
CUST-26855,Palembang,Individual
CUST-26856,Yogyakarta,nan
CUST-26857,Medan,nan
CUST-26858,Bandung,Individual
CUST-26859,Bandung,Corporate
CUST-26860,Balikpapan,Individual
CUST-26861,Semarang,nan
CUST-26862,Palembang,Individual
CUST-26863,Makassar,nan
CUST-26864,Surabaya,Corporate
CUST-26865,Bandung,Individual
CUST-26866,Surabaya,Corporate
CUST-26867,Surabaya,Individual
CUST-26868,Denpasar,Individual
CUST-26869,Bandung,nan
CUST-26870,Jakarta,Individual
CUST-26871,Jakarta,Corporate
CUST-26872,Makassar,Individual
CUST-26873,Medan,Individual
CUST-26874,Denpasar,Individual
CUST-26875,Medan,nan
CUST-26876,Bandung,nan
CUST-26877,Surabaya,Individual
CUST-26878,Yogyakarta,Individual
CUST-26879,Jakarta,Individual
CUST-26880,Makassar,Individual
CUST-26881,Balikpapan,Individual
CUST-26882,Surabaya,Corporate
CUST-26883,Makassar,Individual
CUST-26884,Balikpapan,nan
CUST-26885,Palembang,Individual
CUST-26886,Medan,Individual
CUST-26887,Denpasar,Corporate
CUST-26888,Bandung,Individual
CUST-26889,Balikpapan,Individual
CUST-26890,Jakarta,Individual
CUST-26891,Yogyakarta,Individual
CUST-26892,Medan,Individual
CUST-26893,Medan,Corporate
CUST-26894,Yogyakarta,Individual
CUST-26895,Denpasar,Corporate
CUST-26896,Surabaya,Corporate
CUST-26897,Jakarta,Corporate
CUST-26898,Palembang,nan
CUST-26899,Jakarta,nan
CUST-26900,Palembang,Individual
CUST-26901,Makassar,Individual
CUST-26902,Palembang,Corporate
CUST-26903,Denpasar,Individual
CUST-26904,Semarang,Individual
CUST-26905,Denpasar,Individual
CUST-26906,Surabaya,Individual
CUST-26907,Balikpapan,Corporate
CUST-26908,Balikpapan,Individual
CUST-26909,Denpasar,Individual
CUST-26910,Surabaya,Corporate
CUST-26911,Semarang,Individual
CUST-26912,Surabaya,nan
CUST-26913,Denpasar,Corporate
CUST-26914,Semarang,Individual
CUST-26915,Denpasar,Individual
CUST-26916,Medan,nan
CUST-26917,Jakarta,Individual
CUST-26918,Bandung,Individual
CUST-26919,Semarang,Individual
CUST-26920,Makassar,nan
CUST-26921,Denpasar,nan
CUST-26922,Denpasar,Individual
CUST-26923,Semarang,Corporate
CUST-26924,Makassar,Corporate
CUST-26925,Makassar,Corporate
CUST-26926,Medan,Individual
CUST-26927,Palembang,Individual
CUST-26928,Surabaya,Individual
CUST-26929,Jakarta,Corporate
CUST-26930,Surabaya,nan
CUST-26931,Palembang,Individual
CUST-26932,Palembang,Corporate
CUST-26933,Yogyakarta,Corporate
CUST-26934,Bandung,Individual
CUST-26935,Medan,Individual
CUST-26936,Yogyakarta,Individual
CUST-26937,Balikpapan,Corporate
CUST-26938,Bandung,Corporate
CUST-26939,Makassar,Individual
CUST-26940,Denpasar,Individual
CUST-26941,Semarang,Individual
CUST-26942,Balikpapan,Individual
CUST-26943,Palembang,Individual
CUST-26944,Jakarta,Individual
CUST-26945,Jakarta,nan
CUST-26946,Yogyakarta,Corporate
CUST-26947,Makassar,Individual
CUST-26948,Palembang,Individual
CUST-26949,Jakarta,Individual
CUST-26950,Jakarta,Individual
CUST-26951,Jakarta,Corporate
CUST-26952,Makassar,nan
CUST-26953,Bandung,Individual
CUST-26954,Makassar,Individual
CUST-26955,Semarang,Corporate
CUST-26956,Makassar,nan
CUST-26957,Denpasar,Individual
CUST-26958,Balikpapan,Corporate
CUST-26959,Jakarta,Individual
CUST-26960,Medan,Individual
CUST-26961,Makassar,nan
CUST-26962,Bandung,Corporate
CUST-26963,Medan,Corporate
CUST-26964,Yogyakarta,Individual
CUST-26965,Palembang,Individual
CUST-26966,Denpasar,Corporate
CUST-26967,Jakarta,Corporate
CUST-26968,Medan,Corporate
CUST-26969,Bandung,Corporate
CUST-26970,Semarang,nan
CUST-26971,Jakarta,Corporate
CUST-26972,Makassar,Corporate
CUST-26973,Palembang,Individual
CUST-26974,Yogyakarta,Individual
CUST-26975,Bandung,nan
CUST-26976,Yogyakarta,Individual
CUST-26977,Palembang,Corporate
CUST-26978,Jakarta,Individual
CUST-26979,Surabaya,Individual
CUST-26980,Bandung,Individual
CUST-26981,Medan,Individual
CUST-26982,Jakarta,Individual
CUST-26983,Medan,Individual
CUST-26984,Medan,Corporate
CUST-26985,Denpasar,Individual
CUST-26986,Makassar,nan
CUST-26987,Semarang,Individual
CUST-26988,Bandung,nan
CUST-26989,Palembang,nan
CUST-26990,Yogyakarta,Individual
CUST-26991,Balikpapan,Individual
CUST-26992,Semarang,Individual
CUST-26993,Denpasar,Individual
CUST-26994,Yogyakarta,Corporate
CUST-26995,Yogyakarta,Individual
CUST-26996,Palembang,Individual
CUST-26997,Surabaya,Individual
CUST-26998,Bandung,Individual
CUST-26999,Makassar,Individual
CUST-27000,Surabaya,Individual
CUST-27001,Makassar,Individual
CUST-27002,Bandung,Individual
CUST-27003,Surabaya,Individual
CUST-27004,Medan,Corporate
CUST-27005,Medan,Individual
CUST-27006,Balikpapan,Individual
CUST-27007,Balikpapan,Individual
CUST-27008,Balikpapan,Individual
CUST-27009,Balikpapan,Corporate
CUST-27010,Jakarta,Individual
CUST-27011,Bandung,Individual
CUST-27012,Jakarta,nan
CUST-27013,Medan,Individual
CUST-27014,Surabaya,Individual
CUST-27015,Semarang,Individual
CUST-27016,Denpasar,nan
CUST-27017,Jakarta,Individual
CUST-27018,Makassar,Individual
CUST-27019,Denpasar,Individual
CUST-27020,Yogyakarta,Corporate
CUST-27021,Medan,Individual
CUST-27022,Denpasar,nan
CUST-27023,Makassar,nan
CUST-27024,Yogyakarta,Corporate
CUST-27025,Medan,Individual
CUST-27026,Makassar,Individual
CUST-27027,Balikpapan,Individual
CUST-27028,Balikpapan,Individual
CUST-27029,Bandung,Corporate
CUST-27030,Jakarta,nan
CUST-27031,Denpasar,Individual
CUST-27032,Balikpapan,Individual
CUST-27033,Bandung,Individual
CUST-27034,Makassar,Individual
CUST-27035,Yogyakarta,Individual
CUST-27036,Makassar,Individual
CUST-27037,Makassar,Individual
CUST-27038,Palembang,Individual
CUST-27039,Jakarta,Individual
CUST-27040,Denpasar,Individual
CUST-27041,Surabaya,Individual
CUST-27042,Jakarta,Individual
CUST-27043,Bandung,nan
CUST-27044,Medan,nan
CUST-27045,Makassar,Individual
CUST-27046,Palembang,Individual
CUST-27047,Bandung,Individual
CUST-27048,Medan,Corporate
CUST-27049,Medan,Corporate
CUST-27050,Jakarta,Individual
CUST-27051,Bandung,nan
CUST-27052,Semarang,Corporate
CUST-27053,Balikpapan,Individual
CUST-27054,Bandung,Individual
CUST-27055,Surabaya,nan
CUST-27056,Semarang,Individual
CUST-27057,Balikpapan,Corporate
CUST-27058,Makassar,Individual
CUST-27059,Denpasar,Individual
CUST-27060,Bandung,Individual
CUST-27061,Surabaya,Individual
CUST-27062,Palembang,Individual
CUST-27063,Makassar,Individual
CUST-27064,Bandung,nan
CUST-27065,Yogyakarta,Individual
CUST-27066,Semarang,Individual
CUST-27067,Yogyakarta,Individual
CUST-27068,Yogyakarta,Individual
CUST-27069,Semarang,nan
CUST-27070,Denpasar,Corporate
CUST-27071,Semarang,Corporate
CUST-27072,Yogyakarta,Individual
CUST-27073,Bandung,Individual
CUST-27074,Makassar,Individual
CUST-27075,Jakarta,Individual
CUST-27076,Makassar,Corporate
CUST-27077,Surabaya,Corporate
CUST-27078,Semarang,Individual
CUST-27079,Palembang,Individual
CUST-27080,Bandung,nan
CUST-27081,Medan,Individual
CUST-27082,Semarang,nan
CUST-27083,Surabaya,Individual
CUST-27084,Yogyakarta,Individual
CUST-27085,Palembang,Corporate
CUST-27086,Medan,nan
CUST-27087,Bandung,Individual
CUST-27088,Balikpapan,Individual
CUST-27089,Medan,Individual
CUST-27090,Surabaya,Corporate
CUST-27091,Surabaya,Individual
CUST-27092,Surabaya,Individual
CUST-27093,Makassar,Individual
CUST-27094,Makassar,Individual
CUST-27095,Bandung,Individual
CUST-27096,Bandung,Individual
CUST-27097,Surabaya,Corporate
CUST-27098,Makassar,Corporate
CUST-27099,Denpasar,nan
CUST-27100,Surabaya,Corporate
CUST-27101,Makassar,Corporate
CUST-27102,Medan,nan
CUST-27103,Denpasar,nan
CUST-27104,Bandung,Individual
CUST-27105,Medan,nan
CUST-27106,Yogyakarta,Corporate
CUST-27107,Medan,Individual
CUST-27108,Jakarta,Corporate
CUST-27109,Bandung,Individual
CUST-27110,Medan,Individual
CUST-27111,Balikpapan,Individual
CUST-27112,Makassar,Individual
CUST-27113,Makassar,Individual
CUST-27114,Makassar,Individual
CUST-27115,Denpasar,Individual
CUST-27116,Yogyakarta,Individual
CUST-27117,Balikpapan,nan
CUST-27118,Semarang,Individual
CUST-27119,Semarang,Corporate
CUST-27120,Balikpapan,Individual
CUST-27121,Jakarta,Individual
CUST-27122,Denpasar,Individual
CUST-27123,Bandung,Individual
CUST-27124,Jakarta,Individual
CUST-27125,Balikpapan,Individual
CUST-27126,Jakarta,Individual
CUST-27127,Surabaya,Corporate
CUST-27128,Bandung,Individual
CUST-27129,Makassar,Corporate
CUST-27130,Palembang,Individual
CUST-27131,Medan,Individual
CUST-27132,Jakarta,Individual
CUST-27133,Yogyakarta,Individual
CUST-27134,Bandung,Individual
CUST-27135,Jakarta,Corporate
CUST-27136,Surabaya,Individual
CUST-27137,Medan,Individual
CUST-27138,Palembang,Individual
CUST-27139,Palembang,Individual
CUST-27140,Yogyakarta,Individual
CUST-27141,Medan,Corporate
CUST-27142,Surabaya,Individual
CUST-27143,Bandung,Corporate
CUST-27144,Surabaya,Corporate
CUST-27145,Semarang,Individual
CUST-27146,Balikpapan,Individual
CUST-27147,Bandung,Individual
CUST-27148,Semarang,Individual
CUST-27149,Semarang,nan
CUST-27150,Medan,nan
CUST-27151,Makassar,Corporate
CUST-27152,Semarang,Individual
CUST-27153,Semarang,Corporate
CUST-27154,Semarang,nan
CUST-27155,Semarang,Individual
CUST-27156,Palembang,Individual
CUST-27157,Bandung,Corporate
CUST-27158,Surabaya,Individual
CUST-27159,Surabaya,Individual
CUST-27160,Balikpapan,Individual
CUST-27161,Balikpapan,Individual
CUST-27162,Makassar,Individual
CUST-27163,Denpasar,nan
CUST-27164,Denpasar,Individual
CUST-27165,Denpasar,Individual
CUST-27166,Balikpapan,Individual
CUST-27167,Makassar,nan
CUST-27168,Balikpapan,Corporate
CUST-27169,Makassar,Individual
CUST-27170,Yogyakarta,Individual
CUST-27171,Denpasar,nan
CUST-27172,Palembang,Corporate
CUST-27173,Balikpapan,nan
CUST-27174,Balikpapan,Individual
CUST-27175,Medan,nan
CUST-27176,Bandung,Individual
CUST-27177,Jakarta,nan
CUST-27178,Bandung,Individual
CUST-27179,Semarang,Individual
CUST-27180,Balikpapan,Individual
CUST-27181,Balikpapan,Individual
CUST-27182,Palembang,Individual
CUST-27183,Palembang,nan
CUST-27184,Jakarta,Corporate
CUST-27185,Makassar,Corporate
CUST-27186,Yogyakarta,Corporate
CUST-27187,Bandung,Individual
CUST-27188,Makassar,Individual
CUST-27189,Bandung,Individual
CUST-27190,Balikpapan,nan
CUST-27191,Semarang,Corporate
CUST-27192,Medan,Individual
CUST-27193,Palembang,nan
CUST-27194,Makassar,Corporate
CUST-27195,Semarang,Corporate
CUST-27196,Denpasar,Individual
CUST-27197,Yogyakarta,Individual
CUST-27198,Makassar,nan
CUST-27199,Medan,nan
CUST-27200,Yogyakarta,nan
CUST-27201,Makassar,Corporate
CUST-27202,Denpasar,Individual
CUST-27203,Surabaya,Corporate
CUST-27204,Palembang,Corporate
CUST-27205,Balikpapan,Corporate
CUST-27206,Palembang,Individual
CUST-27207,Bandung,Individual
CUST-27208,Bandung,Individual
CUST-27209,Yogyakarta,Individual
CUST-27210,Palembang,Corporate
CUST-27211,Jakarta,Individual
CUST-27212,Palembang,Individual
CUST-27213,Medan,Corporate
CUST-27214,Medan,Individual
CUST-27215,Semarang,Individual
CUST-27216,Surabaya,Corporate
CUST-27217,Balikpapan,Individual
CUST-27218,Semarang,Corporate
CUST-27219,Surabaya,Corporate
CUST-27220,Yogyakarta,Individual
CUST-27221,Medan,Individual
CUST-27222,Palembang,Corporate
CUST-27223,Makassar,Corporate
CUST-27224,Jakarta,Individual
CUST-27225,Medan,Corporate
CUST-27226,Bandung,nan
CUST-27227,Yogyakarta,Individual
CUST-27228,Bandung,Corporate
CUST-27229,Yogyakarta,Corporate
CUST-27230,Denpasar,Corporate
CUST-27231,Semarang,Individual
CUST-27232,Makassar,Individual
CUST-27233,Balikpapan,nan
CUST-27234,Surabaya,Individual
CUST-27235,Bandung,Individual
CUST-27236,Makassar,Individual
CUST-27237,Denpasar,nan
CUST-27238,Yogyakarta,Individual
CUST-27239,Surabaya,Individual
CUST-27240,Denpasar,Individual
CUST-27241,Balikpapan,nan
CUST-27242,Bandung,Corporate
CUST-27243,Surabaya,Individual
CUST-27244,Semarang,Corporate
CUST-27245,Jakarta,Individual
CUST-27246,Makassar,Corporate
CUST-27247,Medan,Corporate
CUST-27248,Medan,Corporate
CUST-27249,Jakarta,nan
CUST-27250,Bandung,Individual
CUST-27251,Bandung,Individual
CUST-27252,Jakarta,nan
CUST-27253,Makassar,Individual
CUST-27254,Medan,Individual
CUST-27255,Yogyakarta,Individual
CUST-27256,Jakarta,Individual
CUST-27257,Semarang,Individual
CUST-27258,Medan,Corporate
CUST-27259,Yogyakarta,Individual
CUST-27260,Denpasar,nan
CUST-27261,Bandung,Individual
CUST-27262,Palembang,Individual
CUST-27263,Yogyakarta,Individual
CUST-27264,Palembang,Individual
CUST-27265,Yogyakarta,nan
CUST-27266,Bandung,nan
CUST-27267,Denpasar,Corporate
CUST-27268,Jakarta,Corporate
CUST-27269,Medan,Corporate
CUST-27270,Palembang,Corporate
CUST-27271,Denpasar,Corporate
CUST-27272,Semarang,Corporate
CUST-27273,Semarang,Individual
CUST-27274,Balikpapan,nan
CUST-27275,Denpasar,Individual
CUST-27276,Jakarta,Individual
CUST-27277,Palembang,Individual
CUST-27278,Makassar,nan
CUST-27279,Makassar,Individual
CUST-27280,Palembang,Individual
CUST-27281,Denpasar,Corporate
CUST-27282,Bandung,Corporate
CUST-27283,Denpasar,Corporate
CUST-27284,Semarang,nan
CUST-27285,Makassar,Individual
CUST-27286,Palembang,Individual
CUST-27287,Balikpapan,Individual
CUST-27288,Surabaya,Corporate
CUST-27289,Yogyakarta,Individual
CUST-27290,Makassar,Corporate
CUST-27291,Bandung,Individual
CUST-27292,Makassar,Individual
CUST-27293,Makassar,Individual
CUST-27294,Balikpapan,Individual
CUST-27295,Bandung,Individual
CUST-27296,Surabaya,nan
CUST-27297,Bandung,nan
CUST-27298,Makassar,Individual
CUST-27299,Makassar,Individual
CUST-27300,Makassar,Individual
CUST-27301,Balikpapan,Individual
CUST-27302,Surabaya,Individual
CUST-27303,Semarang,Individual
CUST-27304,Palembang,Corporate
CUST-27305,Palembang,Individual
CUST-27306,Makassar,Corporate
CUST-27307,Jakarta,Individual
CUST-27308,Yogyakarta,Individual
CUST-27309,Balikpapan,Corporate
CUST-27310,Medan,Corporate
CUST-27311,Bandung,nan
CUST-27312,Jakarta,Individual
CUST-27313,Jakarta,Individual
CUST-27314,Bandung,nan
CUST-27315,Bandung,Individual
CUST-27316,Medan,Individual
CUST-27317,Bandung,Individual
CUST-27318,Jakarta,nan
CUST-27319,Jakarta,nan
CUST-27320,Denpasar,Individual
CUST-27321,Bandung,Individual
CUST-27322,Bandung,Individual
CUST-27323,Jakarta,Individual
CUST-27324,Surabaya,Individual
CUST-27325,Balikpapan,Corporate
CUST-27326,Balikpapan,Individual
CUST-27327,Medan,Individual
CUST-27328,Semarang,Individual
CUST-27329,Denpasar,Individual
CUST-27330,Palembang,Individual
CUST-27331,Semarang,nan
CUST-27332,Medan,Individual
CUST-27333,Denpasar,Individual
CUST-27334,Jakarta,Individual
CUST-27335,Yogyakarta,Individual
CUST-27336,Balikpapan,Individual
CUST-27337,Surabaya,Individual
CUST-27338,Surabaya,Individual
CUST-27339,Medan,Individual
CUST-27340,Balikpapan,Corporate
CUST-27341,Yogyakarta,Individual
CUST-27342,Yogyakarta,Individual
CUST-27343,Balikpapan,nan
CUST-27344,Balikpapan,Corporate
CUST-27345,Palembang,Corporate
CUST-27346,Yogyakarta,Individual
CUST-27347,Jakarta,nan
CUST-27348,Makassar,Individual
CUST-27349,Medan,Individual
CUST-27350,Medan,Individual
CUST-27351,Denpasar,Corporate
CUST-27352,Balikpapan,Individual
CUST-27353,Semarang,Individual
CUST-27354,Medan,Individual
CUST-27355,Jakarta,nan
CUST-27356,Semarang,Corporate
CUST-27357,Jakarta,Individual
CUST-27358,Balikpapan,Individual
CUST-27359,Denpasar,Individual
CUST-27360,Jakarta,nan
CUST-27361,Jakarta,Individual
CUST-27362,Balikpapan,nan
CUST-27363,Palembang,Individual
CUST-27364,Palembang,Individual
CUST-27365,Bandung,Individual
CUST-27366,Palembang,Individual
CUST-27367,Denpasar,Individual
CUST-27368,Makassar,Individual
CUST-27369,Jakarta,Individual
CUST-27370,Medan,Individual
CUST-27371,Yogyakarta,Individual
CUST-27372,Jakarta,Corporate
CUST-27373,Palembang,Corporate
CUST-27374,Denpasar,Corporate
CUST-27375,Surabaya,Corporate
CUST-27376,Palembang,nan
CUST-27377,Yogyakarta,Individual
CUST-27378,Medan,Corporate
CUST-27379,Yogyakarta,Individual
CUST-27380,Denpasar,Individual
CUST-27381,Surabaya,nan
CUST-27382,Balikpapan,Corporate
CUST-27383,Makassar,Individual
CUST-27384,Denpasar,Corporate
CUST-27385,Denpasar,nan
CUST-27386,Palembang,Individual
CUST-27387,Yogyakarta,Individual
CUST-27388,Bandung,Corporate
CUST-27389,Denpasar,Individual
CUST-27390,Bandung,Individual
CUST-27391,Surabaya,Individual
CUST-27392,Palembang,Individual
CUST-27393,Yogyakarta,Individual
CUST-27394,Jakarta,Individual
CUST-27395,Jakarta,Individual
CUST-27396,Bandung,Individual
CUST-27397,Balikpapan,Corporate
CUST-27398,Bandung,nan
CUST-27399,Bandung,Individual
CUST-27400,Bandung,nan
CUST-27401,Denpasar,Individual
CUST-27402,Jakarta,nan
CUST-27403,Makassar,Individual
CUST-27404,Bandung,nan
CUST-27405,Jakarta,nan
CUST-27406,Medan,Individual
CUST-27407,Surabaya,Individual
CUST-27408,Palembang,nan
CUST-27409,Bandung,Individual
CUST-27410,Bandung,Individual
CUST-27411,Yogyakarta,Individual
CUST-27412,Semarang,Individual
CUST-27413,Balikpapan,Individual
CUST-27414,Palembang,Corporate
CUST-27415,Jakarta,nan
CUST-27416,Makassar,Individual
CUST-27417,Medan,Individual
CUST-27418,Yogyakarta,Corporate
CUST-27419,Medan,Individual
CUST-27420,Balikpapan,Corporate
CUST-27421,Balikpapan,Individual
CUST-27422,Yogyakarta,nan
CUST-27423,Makassar,Individual
CUST-27424,Denpasar,Corporate
CUST-27425,Yogyakarta,Corporate
CUST-27426,Jakarta,Individual
CUST-27427,Semarang,Individual
CUST-27428,Palembang,Individual
CUST-27429,Balikpapan,nan
CUST-27430,Medan,Individual
CUST-27431,Medan,Corporate
CUST-27432,Palembang,nan
CUST-27433,Bandung,Corporate
CUST-27434,Surabaya,nan
CUST-27435,Denpasar,Individual
CUST-27436,Denpasar,Individual
CUST-27437,Denpasar,Corporate
CUST-27438,Denpasar,Corporate
CUST-27439,Jakarta,Individual
CUST-27440,Jakarta,Individual
CUST-27441,Yogyakarta,Corporate
CUST-27442,Palembang,Individual
CUST-27443,Semarang,Individual
CUST-27444,Palembang,Individual
CUST-27445,Bandung,Individual
CUST-27446,Yogyakarta,Corporate
CUST-27447,Yogyakarta,Corporate
CUST-27448,Denpasar,Individual
CUST-27449,Palembang,Individual
CUST-27450,Surabaya,Individual
CUST-27451,Makassar,nan
CUST-27452,Semarang,nan
CUST-27453,Yogyakarta,Individual
CUST-27454,Palembang,Individual
CUST-27455,Yogyakarta,nan
CUST-27456,Jakarta,Individual
CUST-27457,Palembang,Individual
CUST-27458,Medan,Corporate
CUST-27459,Medan,Corporate
CUST-27460,Balikpapan,Individual
CUST-27461,Semarang,nan
CUST-27462,Balikpapan,nan
CUST-27463,Balikpapan,Corporate
CUST-27464,Balikpapan,Individual
CUST-27465,Jakarta,Individual
CUST-27466,Medan,Individual
CUST-27467,Balikpapan,nan
CUST-27468,Medan,Corporate
CUST-27469,Semarang,nan
CUST-27470,Palembang,Individual
CUST-27471,Medan,Individual
CUST-27472,Denpasar,Individual
CUST-27473,Semarang,Corporate
CUST-27474,Semarang,Corporate
CUST-27475,Balikpapan,nan
CUST-27476,Jakarta,Corporate
CUST-27477,Makassar,Corporate
CUST-27478,Balikpapan,nan
CUST-27479,Semarang,Individual
CUST-27480,Jakarta,Corporate
CUST-27481,Palembang,nan
CUST-27482,Jakarta,Corporate
CUST-27483,Bandung,Individual
CUST-27484,Surabaya,nan
CUST-27485,Yogyakarta,Corporate
CUST-27486,Medan,Individual
CUST-27487,Medan,Individual
CUST-27488,Surabaya,nan
CUST-27489,Yogyakarta,Individual
CUST-27490,Palembang,Individual
CUST-27491,Palembang,Individual
CUST-27492,Denpasar,Corporate
CUST-27493,Yogyakarta,Individual
CUST-27494,Medan,Individual
CUST-27495,Jakarta,Individual
CUST-27496,Surabaya,nan
CUST-27497,Denpasar,Individual
CUST-27498,Bandung,Individual
CUST-27499,Makassar,Individual
CUST-27500,Bandung,Individual
CUST-27501,Jakarta,Individual
CUST-27502,Yogyakarta,Individual
CUST-27503,Palembang,Individual
CUST-27504,Bandung,Corporate
CUST-27505,Semarang,Individual
CUST-27506,Surabaya,Individual
CUST-27507,Makassar,Corporate
CUST-27508,Denpasar,Individual
CUST-27509,Semarang,Corporate
CUST-27510,Surabaya,Individual
CUST-27511,Denpasar,nan
CUST-27512,Palembang,Individual
CUST-27513,Balikpapan,Corporate
CUST-27514,Surabaya,Corporate
CUST-27515,Surabaya,Corporate
CUST-27516,Semarang,Corporate
CUST-27517,Semarang,nan
CUST-27518,Bandung,Corporate
CUST-27519,Makassar,Individual
CUST-27520,Makassar,Individual
CUST-27521,Palembang,Individual
CUST-27522,Balikpapan,nan
CUST-27523,Yogyakarta,Corporate
CUST-27524,Bandung,nan
CUST-27525,Denpasar,Individual
CUST-27526,Semarang,Individual
CUST-27527,Yogyakarta,Individual
CUST-27528,Denpasar,Individual
CUST-27529,Denpasar,Corporate
CUST-27530,Yogyakarta,Individual
CUST-27531,Yogyakarta,Individual
CUST-27532,Palembang,Individual
CUST-27533,Makassar,nan
CUST-27534,Surabaya,nan
CUST-27535,Medan,Individual
CUST-27536,Makassar,Individual
CUST-27537,Yogyakarta,Corporate
CUST-27538,Bandung,Individual
CUST-27539,Balikpapan,Individual
CUST-27540,Surabaya,Individual
CUST-27541,Denpasar,Corporate
CUST-27542,Jakarta,Individual
CUST-27543,Denpasar,Individual
CUST-27544,Denpasar,Individual
CUST-27545,Surabaya,Individual
CUST-27546,Palembang,Corporate
CUST-27547,Denpasar,nan
CUST-27548,Denpasar,Individual
CUST-27549,Balikpapan,Individual
CUST-27550,Makassar,nan
CUST-27551,Makassar,Individual
CUST-27552,Surabaya,Individual
CUST-27553,Semarang,Corporate
CUST-27554,Semarang,Individual
CUST-27555,Medan,Corporate
CUST-27556,Palembang,Individual
CUST-27557,Makassar,Corporate
CUST-27558,Semarang,Individual
CUST-27559,Medan,Corporate
CUST-27560,Makassar,Individual
CUST-27561,Bandung,Individual
CUST-27562,Makassar,Individual
CUST-27563,Makassar,Corporate
CUST-27564,Jakarta,Individual
CUST-27565,Balikpapan,Individual
CUST-27566,Denpasar,Individual
CUST-27567,Medan,nan
CUST-27568,Balikpapan,nan
CUST-27569,Jakarta,Corporate
CUST-27570,Semarang,Individual
CUST-27571,Bandung,Individual
CUST-27572,Semarang,nan
CUST-27573,Medan,Corporate
CUST-27574,Palembang,Individual
CUST-27575,Makassar,Individual
CUST-27576,Balikpapan,Individual
CUST-27577,Jakarta,nan
CUST-27578,Yogyakarta,Individual
CUST-27579,Surabaya,Corporate
CUST-27580,Yogyakarta,Corporate
CUST-27581,Denpasar,Corporate
CUST-27582,Medan,Individual
CUST-27583,Yogyakarta,Corporate
CUST-27584,Denpasar,Individual
CUST-27585,Balikpapan,Individual
CUST-27586,Jakarta,Individual
CUST-27587,Jakarta,Individual
CUST-27588,Bandung,Individual
CUST-27589,Jakarta,nan
CUST-27590,Makassar,Individual
CUST-27591,Surabaya,Individual
CUST-27592,Denpasar,nan
CUST-27593,Denpasar,Corporate
CUST-27594,Surabaya,nan
CUST-27595,Medan,Individual
CUST-27596,Makassar,Individual
CUST-27597,Denpasar,Corporate
CUST-27598,Surabaya,Individual
CUST-27599,Yogyakarta,Individual
CUST-27600,Yogyakarta,nan
CUST-27601,Denpasar,Corporate
CUST-27602,Palembang,nan
CUST-27603,Semarang,Corporate
CUST-27604,Semarang,Individual
CUST-27605,Denpasar,Individual
CUST-27606,Denpasar,Corporate
CUST-27607,Makassar,nan
CUST-27608,Yogyakarta,Individual
CUST-27609,Bandung,Individual
CUST-27610,Yogyakarta,Individual
CUST-27611,Palembang,Individual
CUST-27612,Semarang,Corporate
CUST-27613,Semarang,nan
CUST-27614,Yogyakarta,nan
CUST-27615,Makassar,Individual
CUST-27616,Medan,Individual
CUST-27617,Yogyakarta,Individual
CUST-27618,Balikpapan,nan
CUST-27619,Jakarta,Individual
CUST-27620,Yogyakarta,Corporate
CUST-27621,Denpasar,Individual
CUST-27622,Yogyakarta,Individual
CUST-27623,Denpasar,nan
CUST-27624,Medan,Individual
CUST-27625,Palembang,Individual
CUST-27626,Palembang,nan
CUST-27627,Yogyakarta,Individual
CUST-27628,Yogyakarta,Individual
CUST-27629,Bandung,Corporate
CUST-27630,Denpasar,Corporate
CUST-27631,Bandung,Individual
CUST-27632,Jakarta,Individual
CUST-27633,Denpasar,Individual
CUST-27634,Balikpapan,Individual
CUST-27635,Bandung,Corporate
CUST-27636,Yogyakarta,Corporate
CUST-27637,Denpasar,Individual
CUST-27638,Denpasar,Corporate
CUST-27639,Jakarta,Individual
CUST-27640,Makassar,Individual
CUST-27641,Denpasar,nan
CUST-27642,Balikpapan,Individual
CUST-27643,Surabaya,Individual
CUST-27644,Surabaya,Corporate
CUST-27645,Bandung,Individual
CUST-27646,Denpasar,Individual
CUST-27647,Jakarta,Corporate
CUST-27648,Balikpapan,Individual
CUST-27649,Surabaya,Individual
CUST-27650,Makassar,Corporate
CUST-27651,Jakarta,Individual
CUST-27652,Yogyakarta,Individual
CUST-27653,Palembang,Individual
CUST-27654,Yogyakarta,nan
CUST-27655,Denpasar,Individual
CUST-27656,Surabaya,Corporate
CUST-27657,Balikpapan,Individual
CUST-27658,Bandung,Individual
CUST-27659,Bandung,Individual
CUST-27660,Yogyakarta,Individual
CUST-27661,Palembang,Individual
CUST-27662,Bandung,Corporate
CUST-27663,Makassar,Corporate
CUST-27664,Balikpapan,Individual
CUST-27665,Denpasar,Individual
CUST-27666,Surabaya,Corporate
CUST-27667,Medan,Individual
CUST-27668,Jakarta,Individual
CUST-27669,Medan,Individual
CUST-27670,Semarang,Individual
CUST-27671,Surabaya,Individual
CUST-27672,Semarang,Corporate
CUST-27673,Semarang,Individual
CUST-27674,Jakarta,Corporate
CUST-27675,Surabaya,Individual
CUST-27676,Denpasar,Individual
CUST-27677,Medan,nan
CUST-27678,Palembang,nan
CUST-27679,Semarang,Individual
CUST-27680,Semarang,Individual
CUST-27681,Makassar,Individual
CUST-27682,Surabaya,Individual
CUST-27683,Yogyakarta,Individual
CUST-27684,Yogyakarta,Individual
CUST-27685,Semarang,Individual
CUST-27686,Denpasar,Individual
CUST-27687,Medan,nan
CUST-27688,Palembang,Individual
CUST-27689,Palembang,Individual
CUST-27690,Bandung,Individual
CUST-27691,Surabaya,Individual
CUST-27692,Denpasar,Corporate
CUST-27693,Semarang,Individual
CUST-27694,Surabaya,Individual
CUST-27695,Semarang,Individual
CUST-27696,Balikpapan,Individual
CUST-27697,Medan,Individual
CUST-27698,Makassar,Individual
CUST-27699,Bandung,Individual
CUST-27700,Makassar,Individual
CUST-27701,Jakarta,Individual
CUST-27702,Yogyakarta,nan
CUST-27703,Semarang,Individual
CUST-27704,Medan,Corporate
CUST-27705,Palembang,Corporate
CUST-27706,Yogyakarta,Individual
CUST-27707,Balikpapan,Individual
CUST-27708,Bandung,Individual
CUST-27709,Bandung,nan
CUST-27710,Surabaya,Corporate
CUST-27711,Medan,Individual
CUST-27712,Balikpapan,Individual
CUST-27713,Semarang,Individual
CUST-27714,Bandung,Corporate
CUST-27715,Yogyakarta,Individual
CUST-27716,Medan,Individual
CUST-27717,Jakarta,Individual
CUST-27718,Makassar,Corporate
CUST-27719,Denpasar,Corporate
CUST-27720,Semarang,Individual
CUST-27721,Semarang,Individual
CUST-27722,Semarang,Corporate
CUST-27723,Balikpapan,Individual
CUST-27724,Semarang,Individual
CUST-27725,Yogyakarta,Individual
CUST-27726,Semarang,nan
CUST-27727,Semarang,Individual
CUST-27728,Makassar,Corporate
CUST-27729,Semarang,Corporate
CUST-27730,Palembang,Individual
CUST-27731,Surabaya,nan
CUST-27732,Surabaya,Individual
CUST-27733,Palembang,Individual
CUST-27734,Medan,Individual
CUST-27735,Surabaya,Corporate
CUST-27736,Denpasar,Individual
CUST-27737,Surabaya,Individual
CUST-27738,Yogyakarta,Corporate
CUST-27739,Balikpapan,Individual
CUST-27740,Denpasar,Individual
CUST-27741,Jakarta,nan
CUST-27742,Yogyakarta,Corporate
CUST-27743,Jakarta,nan
CUST-27744,Denpasar,Corporate
CUST-27745,Bandung,Individual
CUST-27746,Medan,Corporate
CUST-27747,Semarang,Corporate
CUST-27748,Surabaya,Individual
CUST-27749,Palembang,Corporate
CUST-27750,Medan,Corporate
CUST-27751,Denpasar,Individual
CUST-27752,Surabaya,nan
CUST-27753,Denpasar,Corporate
CUST-27754,Palembang,nan
CUST-27755,Makassar,Individual
CUST-27756,Bandung,nan
CUST-27757,Bandung,Individual
CUST-27758,Denpasar,Corporate
CUST-27759,Semarang,Individual
CUST-27760,Surabaya,Corporate
CUST-27761,Makassar,nan
CUST-27762,Bandung,Individual
CUST-27763,Surabaya,Individual
CUST-27764,Semarang,Corporate
CUST-27765,Jakarta,Individual
CUST-27766,Jakarta,Individual
CUST-27767,Medan,Individual
CUST-27768,Yogyakarta,Individual
CUST-27769,Yogyakarta,Corporate
CUST-27770,Semarang,Individual
CUST-27771,Surabaya,Individual
CUST-27772,Bandung,Corporate
CUST-27773,Yogyakarta,Individual
CUST-27774,Yogyakarta,Individual
CUST-27775,Yogyakarta,Individual
CUST-27776,Yogyakarta,Individual
CUST-27777,Jakarta,Individual
CUST-27778,Surabaya,Individual
CUST-27779,Medan,Individual
CUST-27780,Medan,Individual
CUST-27781,Medan,Corporate
CUST-27782,Makassar,Individual
CUST-27783,Jakarta,Individual
CUST-27784,Jakarta,Individual
CUST-27785,Jakarta,Corporate
CUST-27786,Medan,Individual
CUST-27787,Denpasar,Individual
CUST-27788,Denpasar,Corporate
CUST-27789,Jakarta,Corporate
CUST-27790,Semarang,Individual
CUST-27791,Surabaya,Individual
CUST-27792,Balikpapan,Corporate
CUST-27793,Jakarta,Individual
CUST-27794,Surabaya,Corporate
CUST-27795,Denpasar,Individual
CUST-27796,Medan,Individual
CUST-27797,Denpasar,Corporate
CUST-27798,Denpasar,nan
CUST-27799,Medan,Corporate
CUST-27800,Balikpapan,Individual
CUST-27801,Bandung,Corporate
CUST-27802,Palembang,Individual
CUST-27803,Palembang,nan
CUST-27804,Denpasar,Corporate
CUST-27805,Surabaya,Corporate
CUST-27806,Yogyakarta,Individual
CUST-27807,Surabaya,nan
CUST-27808,Denpasar,Individual
CUST-27809,Medan,Individual
CUST-27810,Palembang,Corporate
CUST-27811,Semarang,Individual
CUST-27812,Surabaya,Individual
CUST-27813,Bandung,nan
CUST-27814,Jakarta,nan
CUST-27815,Surabaya,nan
CUST-27816,Yogyakarta,Individual
CUST-27817,Bandung,nan
CUST-27818,Denpasar,Individual
CUST-27819,Semarang,nan
CUST-27820,Palembang,Individual
CUST-27821,Bandung,Individual
CUST-27822,Denpasar,Individual
CUST-27823,Denpasar,Individual
CUST-27824,Bandung,nan
CUST-27825,Yogyakarta,Individual
CUST-27826,Denpasar,Individual
CUST-27827,Yogyakarta,Individual
CUST-27828,Surabaya,nan
CUST-27829,Bandung,Corporate
CUST-27830,Medan,Corporate
CUST-27831,Bandung,Corporate
CUST-27832,Medan,nan
CUST-27833,Makassar,Individual
CUST-27834,Jakarta,Individual
CUST-27835,Bandung,Corporate
CUST-27836,Semarang,Individual
CUST-27837,Yogyakarta,Individual
CUST-27838,Bandung,Individual
CUST-27839,Balikpapan,Corporate
CUST-27840,Yogyakarta,nan
CUST-27841,Balikpapan,Corporate
CUST-27842,Surabaya,Individual
CUST-27843,Bandung,Individual
CUST-27844,Semarang,Individual
CUST-27845,Jakarta,Individual
CUST-27846,Denpasar,Individual
CUST-27847,Bandung,Individual
CUST-27848,Yogyakarta,Corporate
CUST-27849,Yogyakarta,Individual
CUST-27850,Balikpapan,nan
CUST-27851,Palembang,nan
CUST-27852,Yogyakarta,Corporate
CUST-27853,Palembang,Individual
CUST-27854,Semarang,Individual
CUST-27855,Medan,nan
CUST-27856,Semarang,Corporate
CUST-27857,Balikpapan,Individual
CUST-27858,Palembang,Individual
CUST-27859,Bandung,Individual
CUST-27860,Semarang,Individual
CUST-27861,Medan,nan
CUST-27862,Jakarta,Individual
CUST-27863,Balikpapan,Individual
CUST-27864,Balikpapan,Corporate
CUST-27865,Makassar,nan
CUST-27866,Yogyakarta,Individual
CUST-27867,Jakarta,Individual
CUST-27868,Jakarta,Individual
CUST-27869,Surabaya,Individual
CUST-27870,Makassar,Individual
CUST-27871,Balikpapan,Corporate
CUST-27872,Makassar,Corporate
CUST-27873,Medan,Individual
CUST-27874,Denpasar,Corporate
CUST-27875,Denpasar,Individual
CUST-27876,Denpasar,Individual
CUST-27877,Denpasar,Individual
CUST-27878,Bandung,Individual
CUST-27879,Semarang,Individual
CUST-27880,Palembang,Corporate
CUST-27881,Semarang,Corporate
CUST-27882,Surabaya,Individual
CUST-27883,Makassar,Individual
CUST-27884,Semarang,Individual
CUST-27885,Semarang,Individual
CUST-27886,Medan,Individual
CUST-27887,Denpasar,Corporate
CUST-27888,Palembang,nan
CUST-27889,Makassar,Individual
CUST-27890,Palembang,Individual
CUST-27891,Jakarta,Individual
CUST-27892,Yogyakarta,Corporate
CUST-27893,Jakarta,Corporate
CUST-27894,Denpasar,Individual
CUST-27895,Surabaya,Individual
CUST-27896,Yogyakarta,Individual
CUST-27897,Bandung,Individual
CUST-27898,Makassar,Individual
CUST-27899,Medan,nan
CUST-27900,Palembang,Individual
CUST-27901,Balikpapan,nan
CUST-27902,Jakarta,Individual
CUST-27903,Surabaya,Individual
CUST-27904,Surabaya,nan
CUST-27905,Yogyakarta,nan
CUST-27906,Medan,Corporate
CUST-27907,Palembang,Individual
CUST-27908,Makassar,Corporate
CUST-27909,Palembang,Individual
CUST-27910,Balikpapan,Individual
CUST-27911,Yogyakarta,Corporate
CUST-27912,Denpasar,Corporate
CUST-27913,Semarang,Individual
CUST-27914,Surabaya,Individual
CUST-27915,Makassar,Individual
CUST-27916,Surabaya,Corporate
CUST-27917,Denpasar,Individual
CUST-27918,Yogyakarta,Individual
CUST-27919,Yogyakarta,Individual
CUST-27920,Palembang,Individual
CUST-27921,Bandung,Corporate
CUST-27922,Yogyakarta,Corporate
CUST-27923,Jakarta,Corporate
CUST-27924,Surabaya,Corporate
CUST-27925,Medan,Individual
CUST-27926,Makassar,Individual
CUST-27927,Makassar,Corporate
CUST-27928,Surabaya,Individual
CUST-27929,Yogyakarta,Individual
CUST-27930,Jakarta,Corporate
CUST-27931,Balikpapan,Individual
CUST-27932,Medan,nan
CUST-27933,Palembang,Corporate
CUST-27934,Semarang,Corporate
CUST-27935,Palembang,Corporate
CUST-27936,Jakarta,Corporate
CUST-27937,Medan,Corporate
CUST-27938,Balikpapan,Individual
CUST-27939,Yogyakarta,Individual
CUST-27940,Bandung,Individual
CUST-27941,Balikpapan,Corporate
CUST-27942,Medan,nan
CUST-27943,Palembang,Corporate
CUST-27944,Yogyakarta,nan
CUST-27945,Balikpapan,Individual
CUST-27946,Medan,nan
CUST-27947,Medan,Individual
CUST-27948,Makassar,Individual
CUST-27949,Surabaya,Corporate
CUST-27950,Balikpapan,nan
CUST-27951,Jakarta,Individual
CUST-27952,Makassar,Individual
CUST-27953,Palembang,nan
CUST-27954,Yogyakarta,Corporate
CUST-27955,Denpasar,Individual
CUST-27956,Denpasar,nan
CUST-27957,Semarang,Individual
CUST-27958,Denpasar,nan
CUST-27959,Semarang,Corporate
CUST-27960,Balikpapan,Individual
CUST-27961,Semarang,nan
CUST-27962,Yogyakarta,nan
CUST-27963,Balikpapan,Individual
CUST-27964,Balikpapan,Individual
CUST-27965,Balikpapan,nan
CUST-27966,Yogyakarta,nan
CUST-27967,Balikpapan,Corporate
CUST-27968,Semarang,Individual
CUST-27969,Makassar,Corporate
CUST-27970,Medan,Individual
CUST-27971,Palembang,Individual
CUST-27972,Surabaya,Corporate
CUST-27973,Jakarta,Corporate
CUST-27974,Palembang,nan
CUST-27975,Surabaya,Individual
CUST-27976,Bandung,Corporate
CUST-27977,Yogyakarta,Individual
CUST-27978,Jakarta,Individual
CUST-27979,Surabaya,Individual
CUST-27980,Denpasar,nan
CUST-27981,Surabaya,Individual
CUST-27982,Surabaya,Individual
CUST-27983,Semarang,Corporate
CUST-27984,Yogyakarta,Individual
CUST-27985,Balikpapan,Individual
CUST-27986,Yogyakarta,nan
CUST-27987,Bandung,Individual
CUST-27988,Medan,nan
CUST-27989,Semarang,nan
CUST-27990,Palembang,nan
CUST-27991,Yogyakarta,nan
CUST-27992,Bandung,nan
CUST-27993,Balikpapan,Individual
CUST-27994,Denpasar,Corporate
CUST-27995,Palembang,nan
CUST-27996,Balikpapan,Individual
CUST-27997,Palembang,nan
CUST-27998,Balikpapan,Individual
CUST-27999,Palembang,Individual
CUST-28000,Palembang,nan
CUST-28001,Semarang,Individual
CUST-28002,Medan,Individual
CUST-28003,Makassar,Individual
CUST-28004,Denpasar,Individual
CUST-28005,Medan,Corporate
CUST-28006,Semarang,Corporate
CUST-28007,Semarang,Individual
CUST-28008,Medan,Individual
CUST-28009,Surabaya,Individual
CUST-28010,Yogyakarta,Corporate
CUST-28011,Surabaya,Corporate
CUST-28012,Makassar,Individual
CUST-28013,Palembang,Individual
CUST-28014,Balikpapan,Individual
CUST-28015,Makassar,Corporate
CUST-28016,Denpasar,Individual
CUST-28017,Yogyakarta,Individual
CUST-28018,Yogyakarta,Individual
CUST-28019,Yogyakarta,nan
CUST-28020,Jakarta,Individual
CUST-28021,Jakarta,nan
CUST-28022,Makassar,Individual
CUST-28023,Surabaya,Individual
CUST-28024,Makassar,Corporate
CUST-28025,Semarang,Corporate
CUST-28026,Medan,Corporate
CUST-28027,Medan,Individual
CUST-28028,Jakarta,Individual
CUST-28029,Denpasar,nan
CUST-28030,Surabaya,Individual
CUST-28031,Medan,Individual
CUST-28032,Bandung,Individual
CUST-28033,Denpasar,Individual
CUST-28034,Palembang,Corporate
CUST-28035,Makassar,Individual
CUST-28036,Makassar,Individual
CUST-28037,Denpasar,nan
CUST-28038,Surabaya,nan
CUST-28039,Surabaya,Individual
CUST-28040,Yogyakarta,Individual
CUST-28041,Medan,Individual
CUST-28042,Semarang,nan
CUST-28043,Balikpapan,nan
CUST-28044,Balikpapan,Individual
CUST-28045,Balikpapan,Individual
CUST-28046,Jakarta,Corporate
CUST-28047,Palembang,Individual
CUST-28048,Palembang,Corporate
CUST-28049,Makassar,nan
CUST-28050,Balikpapan,Individual
CUST-28051,Jakarta,Corporate
CUST-28052,Yogyakarta,Individual
CUST-28053,Semarang,Individual
CUST-28054,Balikpapan,Corporate
CUST-28055,Yogyakarta,Individual
CUST-28056,Makassar,Individual
CUST-28057,Yogyakarta,Individual
CUST-28058,Surabaya,Individual
CUST-28059,Palembang,nan
CUST-28060,Semarang,Individual
CUST-28061,Palembang,Corporate
CUST-28062,Bandung,nan
CUST-28063,Surabaya,Individual
CUST-28064,Jakarta,nan
CUST-28065,Denpasar,Individual
CUST-28066,Bandung,Individual
CUST-28067,Jakarta,Corporate
CUST-28068,Medan,Individual
CUST-28069,Semarang,Corporate
CUST-28070,Makassar,Individual
CUST-28071,Medan,nan
CUST-28072,Surabaya,Corporate
CUST-28073,Jakarta,Individual
CUST-28074,Bandung,Individual
CUST-28075,Makassar,Corporate
CUST-28076,Bandung,Individual
CUST-28077,Makassar,Corporate
CUST-28078,Surabaya,Individual
CUST-28079,Balikpapan,Individual
CUST-28080,Jakarta,Individual
CUST-28081,Yogyakarta,Individual
CUST-28082,Yogyakarta,Individual
CUST-28083,Denpasar,nan
CUST-28084,Balikpapan,nan
CUST-28085,Jakarta,Corporate
CUST-28086,Semarang,nan
CUST-28087,Denpasar,Individual
CUST-28088,Balikpapan,nan
CUST-28089,Semarang,nan
CUST-28090,Denpasar,Individual
CUST-28091,Medan,Individual
CUST-28092,Semarang,Corporate
CUST-28093,Makassar,Individual
CUST-28094,Surabaya,nan
CUST-28095,Surabaya,nan
CUST-28096,Surabaya,nan
CUST-28097,Jakarta,Individual
CUST-28098,Bandung,Individual
CUST-28099,Palembang,Individual
CUST-28100,Semarang,Individual
CUST-28101,Bandung,Corporate
CUST-28102,Makassar,Individual
CUST-28103,Palembang,Individual
CUST-28104,Makassar,Individual
CUST-28105,Surabaya,Individual
CUST-28106,Jakarta,Individual
CUST-28107,Makassar,Individual
CUST-28108,Jakarta,Individual
CUST-28109,Jakarta,Individual
CUST-28110,Bandung,Individual
CUST-28111,Jakarta,Individual
CUST-28112,Semarang,nan
CUST-28113,Balikpapan,Individual
CUST-28114,Medan,nan
CUST-28115,Denpasar,nan
CUST-28116,Makassar,Corporate
CUST-28117,Jakarta,Individual
CUST-28118,Semarang,Individual
CUST-28119,Bandung,Corporate
CUST-28120,Denpasar,Individual
CUST-28121,Balikpapan,nan
CUST-28122,Semarang,nan
CUST-28123,Medan,Corporate
CUST-28124,Palembang,Corporate
CUST-28125,Semarang,Individual
CUST-28126,Medan,Individual
CUST-28127,Palembang,Individual
CUST-28128,Semarang,Individual
CUST-28129,Balikpapan,Individual
CUST-28130,Makassar,Individual
CUST-28131,Balikpapan,nan
CUST-28132,Bandung,Individual
CUST-28133,Bandung,nan
CUST-28134,Surabaya,Individual
CUST-28135,Jakarta,Individual
CUST-28136,Bandung,Individual
CUST-28137,Denpasar,Individual
CUST-28138,Semarang,Individual
CUST-28139,Yogyakarta,nan
CUST-28140,Yogyakarta,Individual
CUST-28141,Medan,Individual
CUST-28142,Surabaya,Individual
CUST-28143,Balikpapan,Individual
CUST-28144,Surabaya,Individual
CUST-28145,Yogyakarta,Individual
CUST-28146,Semarang,nan
CUST-28147,Yogyakarta,Individual
CUST-28148,Semarang,Corporate
CUST-28149,Semarang,Individual
CUST-28150,Semarang,Individual
CUST-28151,Makassar,nan
CUST-28152,Balikpapan,Individual
CUST-28153,Makassar,nan
CUST-28154,Jakarta,Corporate
CUST-28155,Yogyakarta,Individual
CUST-28156,Medan,Individual
CUST-28157,Makassar,Individual
CUST-28158,Balikpapan,nan
CUST-28159,Palembang,Individual
CUST-28160,Medan,Corporate
CUST-28161,Surabaya,Individual
CUST-28162,Makassar,Individual
CUST-28163,Palembang,Individual
CUST-28164,Semarang,Individual
CUST-28165,Makassar,Corporate
CUST-28166,Palembang,Corporate
CUST-28167,Surabaya,Individual
CUST-28168,Jakarta,Corporate
CUST-28169,Surabaya,Individual
CUST-28170,Makassar,Individual
CUST-28171,Denpasar,Individual
CUST-28172,Yogyakarta,nan
CUST-28173,Denpasar,Individual
CUST-28174,Denpasar,nan
CUST-28175,Semarang,Corporate
CUST-28176,Palembang,Individual
CUST-28177,Denpasar,Individual
CUST-28178,Semarang,Individual
CUST-28179,Jakarta,Individual
CUST-28180,Balikpapan,Individual
CUST-28181,Bandung,Individual
CUST-28182,Bandung,Individual
CUST-28183,Jakarta,Corporate
CUST-28184,Semarang,Individual
CUST-28185,Denpasar,nan
CUST-28186,Jakarta,Individual
CUST-28187,Balikpapan,Individual
CUST-28188,Balikpapan,Individual
CUST-28189,Surabaya,Corporate
CUST-28190,Surabaya,nan
CUST-28191,Palembang,Individual
CUST-28192,Palembang,Individual
CUST-28193,Palembang,Individual
CUST-28194,Makassar,Corporate
CUST-28195,Yogyakarta,Corporate
CUST-28196,Jakarta,Individual
CUST-28197,Medan,nan
CUST-28198,Yogyakarta,Corporate
CUST-28199,Semarang,Corporate
CUST-28200,Yogyakarta,Individual
CUST-28201,Bandung,Individual
CUST-28202,Makassar,Individual
CUST-28203,Bandung,Individual
CUST-28204,Surabaya,Corporate
CUST-28205,Makassar,Individual
CUST-28206,Palembang,Individual
CUST-28207,Makassar,nan
CUST-28208,Surabaya,nan
CUST-28209,Makassar,nan
CUST-28210,Bandung,Corporate
CUST-28211,Surabaya,Individual
CUST-28212,Balikpapan,Corporate
CUST-28213,Semarang,nan
CUST-28214,Yogyakarta,Individual
CUST-28215,Makassar,Individual
CUST-28216,Makassar,Individual
CUST-28217,Denpasar,nan
CUST-28218,Medan,nan
CUST-28219,Denpasar,Corporate
CUST-28220,Denpasar,Individual
CUST-28221,Denpasar,Corporate
CUST-28222,Balikpapan,nan
CUST-28223,Denpasar,Individual
CUST-28224,Jakarta,Individual
CUST-28225,Jakarta,nan
CUST-28226,Semarang,Individual
CUST-28227,Denpasar,Individual
CUST-28228,Balikpapan,nan
CUST-28229,Jakarta,Individual
CUST-28230,Balikpapan,Individual
CUST-28231,Bandung,Individual
CUST-28232,Palembang,Individual
CUST-28233,Makassar,Individual
CUST-28234,Balikpapan,Individual
CUST-28235,Palembang,Corporate
CUST-28236,Jakarta,Individual
CUST-28237,Surabaya,Individual
CUST-28238,Bandung,nan
CUST-28239,Balikpapan,Individual
CUST-28240,Medan,Individual
CUST-28241,Palembang,Individual
CUST-28242,Balikpapan,nan
CUST-28243,Medan,Individual
CUST-28244,Balikpapan,Individual
CUST-28245,Bandung,Individual
CUST-28246,Surabaya,Individual
CUST-28247,Semarang,Corporate
CUST-28248,Balikpapan,Individual
CUST-28249,Jakarta,nan
CUST-28250,Medan,Individual
CUST-28251,Bandung,Individual
CUST-28252,Yogyakarta,Individual
CUST-28253,Semarang,Individual
CUST-28254,Yogyakarta,nan
CUST-28255,Semarang,Individual
CUST-28256,Makassar,Corporate
CUST-28257,Palembang,Corporate
CUST-28258,Jakarta,Corporate
CUST-28259,Palembang,Individual
CUST-28260,Balikpapan,Corporate
CUST-28261,Medan,nan
CUST-28262,Denpasar,Individual
CUST-28263,Medan,Individual
CUST-28264,Makassar,nan
CUST-28265,Bandung,Individual
CUST-28266,Jakarta,Individual
CUST-28267,Balikpapan,Individual
CUST-28268,Balikpapan,Individual
CUST-28269,Yogyakarta,nan
CUST-28270,Semarang,Individual
CUST-28271,Semarang,Individual
CUST-28272,Balikpapan,Individual
CUST-28273,Balikpapan,Corporate
CUST-28274,Surabaya,nan
CUST-28275,Makassar,Individual
CUST-28276,Medan,Individual
CUST-28277,Yogyakarta,Individual
CUST-28278,Surabaya,Corporate
CUST-28279,Medan,Individual
CUST-28280,Medan,Individual
CUST-28281,Surabaya,Individual
CUST-28282,Bandung,nan
CUST-28283,Medan,Individual
CUST-28284,Palembang,Individual
CUST-28285,Makassar,Individual
CUST-28286,Surabaya,Individual
CUST-28287,Medan,Corporate
CUST-28288,Jakarta,Individual
CUST-28289,Balikpapan,Individual
CUST-28290,Bandung,Individual
CUST-28291,Denpasar,Individual
CUST-28292,Denpasar,Individual
CUST-28293,Palembang,Individual
CUST-28294,Bandung,Individual
CUST-28295,Surabaya,Individual
CUST-28296,Bandung,Individual
CUST-28297,Surabaya,Individual
CUST-28298,Denpasar,Corporate
CUST-28299,Medan,Individual
CUST-28300,Balikpapan,Corporate
CUST-28301,Medan,Individual
CUST-28302,Denpasar,Individual
CUST-28303,Balikpapan,Corporate
CUST-28304,Semarang,Individual
CUST-28305,Surabaya,nan
CUST-28306,Palembang,Individual
CUST-28307,Medan,Corporate
CUST-28308,Surabaya,Individual
CUST-28309,Balikpapan,Corporate
CUST-28310,Bandung,Individual
CUST-28311,Palembang,Individual
CUST-28312,Balikpapan,Individual
CUST-28313,Denpasar,Individual
CUST-28314,Balikpapan,Individual
CUST-28315,Palembang,Corporate
CUST-28316,Semarang,Individual
CUST-28317,Makassar,Individual
CUST-28318,Balikpapan,Individual
CUST-28319,Palembang,Corporate
CUST-28320,Surabaya,Individual
CUST-28321,Makassar,Corporate
CUST-28322,Balikpapan,Individual
CUST-28323,Surabaya,Individual
CUST-28324,Denpasar,nan
CUST-28325,Jakarta,Corporate
CUST-28326,Makassar,Individual
CUST-28327,Bandung,Individual
CUST-28328,Palembang,Individual
CUST-28329,Balikpapan,Corporate
CUST-28330,Denpasar,Individual
CUST-28331,Balikpapan,Individual
CUST-28332,Medan,Corporate
CUST-28333,Surabaya,Individual
CUST-28334,Palembang,Individual
CUST-28335,Denpasar,Individual
CUST-28336,Surabaya,Individual
CUST-28337,Medan,nan
CUST-28338,Yogyakarta,Corporate
CUST-28339,Denpasar,Corporate
CUST-28340,Makassar,Corporate
CUST-28341,Bandung,nan
CUST-28342,Yogyakarta,Individual
CUST-28343,Jakarta,Individual
CUST-28344,Jakarta,Corporate
CUST-28345,Jakarta,nan
CUST-28346,Denpasar,Individual
CUST-28347,Surabaya,Corporate
CUST-28348,Semarang,Individual
CUST-28349,Palembang,Corporate
CUST-28350,Makassar,Individual
CUST-28351,Bandung,nan
CUST-28352,Bandung,Individual
CUST-28353,Jakarta,Individual
CUST-28354,Makassar,Individual
CUST-28355,Surabaya,nan
CUST-28356,Palembang,Individual
CUST-28357,Surabaya,Individual
CUST-28358,Jakarta,Corporate
CUST-28359,Surabaya,Individual
CUST-28360,Bandung,Corporate
CUST-28361,Denpasar,nan
CUST-28362,Jakarta,Individual
CUST-28363,Palembang,nan
CUST-28364,Yogyakarta,Individual
CUST-28365,Bandung,Corporate
CUST-28366,Jakarta,nan
CUST-28367,Palembang,Corporate
CUST-28368,Semarang,Individual
CUST-28369,Palembang,nan
CUST-28370,Denpasar,Individual
CUST-28371,Medan,Individual
CUST-28372,Medan,Corporate
CUST-28373,Denpasar,Corporate
CUST-28374,Semarang,nan
CUST-28375,Bandung,Corporate
CUST-28376,Semarang,Corporate
CUST-28377,Surabaya,nan
CUST-28378,Bandung,Individual
CUST-28379,Palembang,Individual
CUST-28380,Surabaya,Individual
CUST-28381,Semarang,Individual
CUST-28382,Semarang,nan
CUST-28383,Jakarta,Corporate
CUST-28384,Palembang,Corporate
CUST-28385,Denpasar,nan
CUST-28386,Medan,Individual
CUST-28387,Balikpapan,Individual
CUST-28388,Denpasar,Individual
CUST-28389,Medan,nan
CUST-28390,Semarang,Individual
CUST-28391,Yogyakarta,Individual
CUST-28392,Denpasar,Individual
CUST-28393,Palembang,Individual
CUST-28394,Makassar,Individual
CUST-28395,Denpasar,Individual
CUST-28396,Medan,nan
CUST-28397,Makassar,Individual
CUST-28398,Bandung,Individual
CUST-28399,Surabaya,Corporate
CUST-28400,Yogyakarta,Individual
CUST-28401,Semarang,Individual
CUST-28402,Bandung,Individual
CUST-28403,Yogyakarta,Corporate
CUST-28404,Denpasar,Corporate
CUST-28405,Semarang,Individual
CUST-28406,Jakarta,Corporate
CUST-28407,Jakarta,Individual
CUST-28408,Surabaya,Individual
CUST-28409,Palembang,Individual
CUST-28410,Bandung,Corporate
CUST-28411,Semarang,Corporate
CUST-28412,Jakarta,Individual
CUST-28413,Makassar,Corporate
CUST-28414,Semarang,Individual
CUST-28415,Semarang,Individual
CUST-28416,Jakarta,Individual
CUST-28417,Semarang,Individual
CUST-28418,Yogyakarta,Individual
CUST-28419,Palembang,Individual
CUST-28420,Bandung,Individual
CUST-28421,Palembang,Individual
CUST-28422,Semarang,Individual
CUST-28423,Yogyakarta,Individual
CUST-28424,Surabaya,Individual
CUST-28425,Makassar,Individual
CUST-28426,Makassar,nan
CUST-28427,Denpasar,Individual
CUST-28428,Yogyakarta,Individual
CUST-28429,Yogyakarta,Corporate
CUST-28430,Yogyakarta,nan
CUST-28431,Palembang,Individual
CUST-28432,Surabaya,Corporate
CUST-28433,Semarang,Corporate
CUST-28434,Balikpapan,nan
CUST-28435,Makassar,Corporate
CUST-28436,Palembang,Individual
CUST-28437,Surabaya,Individual
CUST-28438,Semarang,Individual
CUST-28439,Denpasar,Corporate
CUST-28440,Bandung,Corporate
CUST-28441,Palembang,nan
CUST-28442,Medan,Corporate
CUST-28443,Surabaya,Corporate
CUST-28444,Semarang,Individual
CUST-28445,Makassar,Individual
CUST-28446,Palembang,Individual
CUST-28447,Bandung,Individual
CUST-28448,Yogyakarta,Individual
CUST-28449,Palembang,Corporate
CUST-28450,Surabaya,Corporate
CUST-28451,Medan,Individual
CUST-28452,Denpasar,Individual
CUST-28453,Yogyakarta,Individual
CUST-28454,Medan,Individual
CUST-28455,Balikpapan,Individual
CUST-28456,Medan,nan
CUST-28457,Denpasar,Individual
CUST-28458,Balikpapan,Individual
CUST-28459,Bandung,Corporate
CUST-28460,Denpasar,Corporate
CUST-28461,Bandung,Individual
CUST-28462,Palembang,Individual
CUST-28463,Bandung,Individual
CUST-28464,Medan,Corporate
CUST-28465,Palembang,Corporate
CUST-28466,Yogyakarta,Individual
CUST-28467,Denpasar,Corporate
CUST-28468,Balikpapan,nan
CUST-28469,Semarang,Individual
CUST-28470,Jakarta,Individual
CUST-28471,Jakarta,Individual
CUST-28472,Makassar,nan
CUST-28473,Bandung,Corporate
CUST-28474,Semarang,Individual
CUST-28475,Semarang,Individual
CUST-28476,Palembang,Individual
CUST-28477,Jakarta,Individual
CUST-28478,Balikpapan,Corporate
CUST-28479,Semarang,Individual
CUST-28480,Balikpapan,Individual
CUST-28481,Medan,Individual
CUST-28482,Balikpapan,Individual
CUST-28483,Jakarta,Corporate
CUST-28484,Yogyakarta,nan
CUST-28485,Bandung,Individual
CUST-28486,Denpasar,Individual
CUST-28487,Makassar,Individual
CUST-28488,Semarang,Corporate
CUST-28489,Jakarta,Individual
CUST-28490,Palembang,Corporate
CUST-28491,Palembang,Individual
CUST-28492,Bandung,Individual
CUST-28493,Makassar,Individual
CUST-28494,Bandung,Corporate
CUST-28495,Semarang,Individual
CUST-28496,Surabaya,Individual
CUST-28497,Jakarta,Individual
CUST-28498,Bandung,Corporate
CUST-28499,Surabaya,Corporate
CUST-28500,Jakarta,Individual
CUST-28501,Bandung,Individual
CUST-28502,Makassar,Individual
CUST-28503,Makassar,Individual
CUST-28504,Balikpapan,Individual
CUST-28505,Makassar,nan
CUST-28506,Surabaya,Corporate
CUST-28507,Jakarta,Individual
CUST-28508,Jakarta,Individual
CUST-28509,Surabaya,Individual
CUST-28510,Denpasar,Individual
CUST-28511,Bandung,Corporate
CUST-28512,Balikpapan,Individual
CUST-28513,Makassar,nan
CUST-28514,Medan,Individual
CUST-28515,Medan,nan
CUST-28516,Semarang,Individual
CUST-28517,Bandung,Individual
CUST-28518,Balikpapan,Individual
CUST-28519,Makassar,Corporate
CUST-28520,Semarang,Individual
CUST-28521,Bandung,Individual
CUST-28522,Surabaya,Individual
CUST-28523,Balikpapan,Individual
CUST-28524,Denpasar,nan
CUST-28525,Denpasar,Individual
CUST-28526,Denpasar,Individual
CUST-28527,Palembang,Individual
CUST-28528,Denpasar,Individual
CUST-28529,Surabaya,Corporate
CUST-28530,Yogyakarta,Individual
CUST-28531,Denpasar,Individual
CUST-28532,Balikpapan,Corporate
CUST-28533,Bandung,Individual
CUST-28534,Makassar,Corporate
CUST-28535,Medan,Individual
CUST-28536,Balikpapan,Corporate
CUST-28537,Semarang,Individual
CUST-28538,Yogyakarta,Individual
CUST-28539,Semarang,Individual
CUST-28540,Makassar,Individual
CUST-28541,Bandung,Individual
CUST-28542,Balikpapan,Individual
CUST-28543,Makassar,Corporate
CUST-28544,Jakarta,Individual
CUST-28545,Surabaya,Individual
CUST-28546,Yogyakarta,Corporate
CUST-28547,Palembang,Corporate
CUST-28548,Medan,Individual
CUST-28549,Denpasar,Corporate
CUST-28550,Balikpapan,Individual
CUST-28551,Makassar,Corporate
CUST-28552,Medan,Corporate
CUST-28553,Surabaya,nan
CUST-28554,Palembang,Individual
CUST-28555,Jakarta,Individual
CUST-28556,Yogyakarta,Individual
CUST-28557,Bandung,nan
CUST-28558,Balikpapan,Individual
CUST-28559,Palembang,Individual
CUST-28560,Denpasar,Individual
CUST-28561,Medan,Individual
CUST-28562,Palembang,Corporate
CUST-28563,Makassar,Individual
CUST-28564,Palembang,nan
CUST-28565,Denpasar,nan
CUST-28566,Medan,nan
CUST-28567,Jakarta,Corporate
CUST-28568,Denpasar,Individual
CUST-28569,Surabaya,Individual
CUST-28570,Semarang,Individual
CUST-28571,Bandung,Individual
CUST-28572,Denpasar,Corporate
CUST-28573,Yogyakarta,Individual
CUST-28574,Semarang,Individual
CUST-28575,Surabaya,nan
CUST-28576,Yogyakarta,Individual
CUST-28577,Bandung,Individual
CUST-28578,Semarang,Individual
CUST-28579,Makassar,Individual
CUST-28580,Makassar,Individual
CUST-28581,Palembang,nan
CUST-28582,Medan,Corporate
CUST-28583,Palembang,Individual
CUST-28584,Medan,Individual
CUST-28585,Yogyakarta,Individual
CUST-28586,Semarang,Corporate
CUST-28587,Jakarta,Individual
CUST-28588,Medan,nan
CUST-28589,Yogyakarta,Individual
CUST-28590,Semarang,Individual
CUST-28591,Balikpapan,Individual
CUST-28592,Denpasar,Corporate
CUST-28593,Surabaya,Individual
CUST-28594,Palembang,Corporate
CUST-28595,Semarang,nan
CUST-28596,Yogyakarta,Individual
CUST-28597,Medan,Individual
CUST-28598,Medan,Individual
CUST-28599,Bandung,Individual
CUST-28600,Semarang,Individual
CUST-28601,Surabaya,Individual
CUST-28602,Denpasar,Individual
CUST-28603,Denpasar,Corporate
CUST-28604,Bandung,Individual
CUST-28605,Yogyakarta,Individual
CUST-28606,Medan,Individual
CUST-28607,Jakarta,nan
CUST-28608,Yogyakarta,nan
CUST-28609,Bandung,nan
CUST-28610,Yogyakarta,Corporate
CUST-28611,Yogyakarta,Individual
CUST-28612,Surabaya,Individual
CUST-28613,Yogyakarta,Individual
CUST-28614,Denpasar,Individual
CUST-28615,Medan,Individual
CUST-28616,Semarang,nan
CUST-28617,Palembang,Corporate
CUST-28618,Denpasar,Individual
CUST-28619,Makassar,Individual
CUST-28620,Jakarta,nan
CUST-28621,Balikpapan,nan
CUST-28622,Surabaya,Corporate
CUST-28623,Balikpapan,Individual
CUST-28624,Balikpapan,nan
CUST-28625,Medan,Individual
CUST-28626,Semarang,Individual
CUST-28627,Balikpapan,nan
CUST-28628,Semarang,Corporate
CUST-28629,Medan,Individual
CUST-28630,Jakarta,Corporate
CUST-28631,Semarang,Individual
CUST-28632,Yogyakarta,Individual
CUST-28633,Surabaya,Individual
CUST-28634,Palembang,Individual
CUST-28635,Balikpapan,Individual
CUST-28636,Medan,Corporate
CUST-28637,Surabaya,nan
CUST-28638,Makassar,Individual
CUST-28639,Palembang,Individual
CUST-28640,Balikpapan,Individual
CUST-28641,Balikpapan,Corporate
CUST-28642,Balikpapan,nan
CUST-28643,Balikpapan,Individual
CUST-28644,Semarang,Individual
CUST-28645,Makassar,nan
CUST-28646,Yogyakarta,Individual
CUST-28647,Jakarta,Individual
CUST-28648,Balikpapan,Individual
CUST-28649,Palembang,Corporate
CUST-28650,Palembang,nan
CUST-28651,Palembang,Corporate
CUST-28652,Denpasar,nan
CUST-28653,Balikpapan,Individual
CUST-28654,Makassar,Individual
CUST-28655,Yogyakarta,Individual
CUST-28656,Makassar,Individual
CUST-28657,Balikpapan,Individual
CUST-28658,Palembang,Individual
CUST-28659,Semarang,Corporate
CUST-28660,Yogyakarta,Corporate
CUST-28661,Denpasar,Corporate
CUST-28662,Makassar,Corporate
CUST-28663,Jakarta,Individual
CUST-28664,Yogyakarta,Corporate
CUST-28665,Makassar,Corporate
CUST-28666,Bandung,nan
CUST-28667,Yogyakarta,Individual
CUST-28668,Yogyakarta,Individual
CUST-28669,Surabaya,Individual
CUST-28670,Semarang,Individual
CUST-28671,Medan,Individual
CUST-28672,Balikpapan,Individual
CUST-28673,Palembang,Individual
CUST-28674,Medan,Corporate
CUST-28675,Semarang,Individual
CUST-28676,Yogyakarta,Individual
CUST-28677,Makassar,Individual
CUST-28678,Makassar,Individual
CUST-28679,Medan,Individual
CUST-28680,Makassar,Individual
CUST-28681,Bandung,Individual
CUST-28682,Balikpapan,Corporate
CUST-28683,Palembang,Individual
CUST-28684,Bandung,Individual
CUST-28685,Medan,nan
CUST-28686,Jakarta,Individual
CUST-28687,Denpasar,Individual
CUST-28688,Semarang,Individual
CUST-28689,Yogyakarta,nan
CUST-28690,Denpasar,Corporate
CUST-28691,Palembang,Individual
CUST-28692,Jakarta,Individual
CUST-28693,Bandung,Individual
CUST-28694,Bandung,Individual
CUST-28695,Balikpapan,nan
CUST-28696,Surabaya,nan
CUST-28697,Balikpapan,Individual
CUST-28698,Makassar,Individual
CUST-28699,Palembang,nan
CUST-28700,Jakarta,Individual
CUST-28701,Palembang,Individual
CUST-28702,Bandung,Individual
CUST-28703,Denpasar,Individual
CUST-28704,Yogyakarta,Individual
CUST-28705,Palembang,Corporate
CUST-28706,Denpasar,Corporate
CUST-28707,Bandung,Individual
CUST-28708,Makassar,Individual
CUST-28709,Palembang,Individual
CUST-28710,Palembang,Corporate
CUST-28711,Jakarta,Corporate
CUST-28712,Palembang,Individual
CUST-28713,Palembang,Corporate
CUST-28714,Semarang,Corporate
CUST-28715,Jakarta,Individual
CUST-28716,Medan,Individual
CUST-28717,Makassar,Individual
CUST-28718,Bandung,Individual
CUST-28719,Balikpapan,Individual
CUST-28720,Medan,Individual
CUST-28721,Medan,Individual
CUST-28722,Jakarta,Corporate
CUST-28723,Denpasar,Corporate
CUST-28724,Medan,Individual
CUST-28725,Jakarta,Individual
CUST-28726,Medan,Individual
CUST-28727,Denpasar,nan
CUST-28728,Medan,nan
CUST-28729,Jakarta,Individual
CUST-28730,Balikpapan,nan
CUST-28731,Surabaya,Individual
CUST-28732,Jakarta,nan
CUST-28733,Bandung,nan
CUST-28734,Makassar,Corporate
CUST-28735,Balikpapan,Individual
CUST-28736,Yogyakarta,Individual
CUST-28737,Palembang,nan
CUST-28738,Balikpapan,Individual
CUST-28739,Balikpapan,Individual
CUST-28740,Denpasar,Individual
CUST-28741,Makassar,Individual
CUST-28742,Denpasar,Corporate
CUST-28743,Medan,nan
CUST-28744,Jakarta,Individual
CUST-28745,Balikpapan,Corporate
CUST-28746,Yogyakarta,nan
CUST-28747,Palembang,Individual
CUST-28748,Bandung,Individual
CUST-28749,Palembang,Corporate
CUST-28750,Denpasar,nan
CUST-28751,Medan,nan
CUST-28752,Bandung,Individual
CUST-28753,Jakarta,Individual
CUST-28754,Yogyakarta,Individual
CUST-28755,Medan,Individual
CUST-28756,Semarang,Corporate
CUST-28757,Balikpapan,nan
CUST-28758,Jakarta,Individual
CUST-28759,Yogyakarta,Individual
CUST-28760,Makassar,nan
CUST-28761,Surabaya,nan
CUST-28762,Makassar,Corporate
CUST-28763,Medan,Individual
CUST-28764,Medan,Corporate
CUST-28765,Balikpapan,Individual
CUST-28766,Jakarta,Individual
CUST-28767,Surabaya,Corporate
CUST-28768,Bandung,Individual
CUST-28769,Medan,Corporate
CUST-28770,Balikpapan,Individual
CUST-28771,Jakarta,Individual
CUST-28772,Makassar,Individual
CUST-28773,Surabaya,Individual
CUST-28774,Denpasar,Individual
CUST-28775,Medan,Corporate
CUST-28776,Balikpapan,nan
CUST-28777,Palembang,Corporate
CUST-28778,Makassar,nan
CUST-28779,Makassar,Corporate
CUST-28780,Denpasar,Individual
CUST-28781,Surabaya,nan
CUST-28782,Medan,Individual
CUST-28783,Bandung,Individual
CUST-28784,Makassar,nan
CUST-28785,Denpasar,nan
CUST-28786,Semarang,Individual
CUST-28787,Surabaya,Corporate
CUST-28788,Makassar,Individual
CUST-28789,Semarang,Individual
CUST-28790,Surabaya,Corporate
CUST-28791,Surabaya,Corporate
CUST-28792,Jakarta,Individual
CUST-28793,Palembang,Individual
CUST-28794,Bandung,Individual
CUST-28795,Semarang,Corporate
CUST-28796,Balikpapan,Individual
CUST-28797,Yogyakarta,Individual
CUST-28798,Medan,Corporate
CUST-28799,Surabaya,Individual
CUST-28800,Palembang,Corporate
CUST-28801,Surabaya,Individual
CUST-28802,Semarang,Corporate
CUST-28803,Palembang,Individual
CUST-28804,Bandung,Individual
CUST-28805,Balikpapan,Individual
CUST-28806,Jakarta,Individual
CUST-28807,Palembang,Corporate
CUST-28808,Palembang,Individual
CUST-28809,Denpasar,Individual
CUST-28810,Jakarta,Individual
CUST-28811,Yogyakarta,Corporate
CUST-28812,Makassar,Individual
CUST-28813,Denpasar,Individual
CUST-28814,Makassar,Corporate
CUST-28815,Semarang,Corporate
CUST-28816,Surabaya,Individual
CUST-28817,Denpasar,Individual
CUST-28818,Palembang,Individual
CUST-28819,Yogyakarta,Individual
CUST-28820,Yogyakarta,Individual
CUST-28821,Surabaya,nan
CUST-28822,Denpasar,Individual
CUST-28823,Makassar,Individual
CUST-28824,Palembang,Individual
CUST-28825,Denpasar,Individual
CUST-28826,Palembang,Individual
CUST-28827,Jakarta,Individual
CUST-28828,Balikpapan,Individual
CUST-28829,Surabaya,Individual
CUST-28830,Balikpapan,Individual
CUST-28831,Bandung,Individual
CUST-28832,Bandung,Individual
CUST-28833,Yogyakarta,Corporate
CUST-28834,Jakarta,Individual
CUST-28835,Jakarta,Individual
CUST-28836,Denpasar,Individual
CUST-28837,Yogyakarta,Individual
CUST-28838,Yogyakarta,Individual
CUST-28839,Palembang,Individual
CUST-28840,Makassar,Individual
CUST-28841,Jakarta,Individual
CUST-28842,Medan,Corporate
CUST-28843,Surabaya,Corporate
CUST-28844,Semarang,nan
CUST-28845,Bandung,Corporate
CUST-28846,Jakarta,Individual
CUST-28847,Balikpapan,nan
CUST-28848,Semarang,Individual
CUST-28849,Yogyakarta,Individual
CUST-28850,Surabaya,Corporate
CUST-28851,Palembang,Individual
CUST-28852,Balikpapan,Individual
CUST-28853,Denpasar,Individual
CUST-28854,Jakarta,Corporate
CUST-28855,Medan,nan
CUST-28856,Denpasar,Individual
CUST-28857,Bandung,Corporate
CUST-28858,Yogyakarta,Individual
CUST-28859,Jakarta,nan
CUST-28860,Makassar,Individual
CUST-28861,Palembang,Individual
CUST-28862,Jakarta,Corporate
CUST-28863,Jakarta,Individual
CUST-28864,Makassar,Individual
CUST-28865,Palembang,Individual
CUST-28866,Surabaya,Individual
CUST-28867,Bandung,Corporate
CUST-28868,Jakarta,Corporate
CUST-28869,Palembang,nan
CUST-28870,Bandung,Individual
CUST-28871,Bandung,Individual
CUST-28872,Makassar,Individual
CUST-28873,Bandung,Individual
CUST-28874,Surabaya,Corporate
CUST-28875,Denpasar,Corporate
CUST-28876,Semarang,nan
CUST-28877,Semarang,Individual
CUST-28878,Medan,nan
CUST-28879,Makassar,Individual
CUST-28880,Balikpapan,Individual
CUST-28881,Makassar,Individual
CUST-28882,Bandung,nan
CUST-28883,Jakarta,Individual
CUST-28884,Denpasar,Individual
CUST-28885,Bandung,Corporate
CUST-28886,Bandung,nan
CUST-28887,Yogyakarta,Corporate
CUST-28888,Medan,Individual
CUST-28889,Jakarta,Corporate
CUST-28890,Denpasar,Individual
CUST-28891,Denpasar,Individual
CUST-28892,Denpasar,Individual
CUST-28893,Makassar,Individual
CUST-28894,Bandung,nan
CUST-28895,Denpasar,Individual
CUST-28896,Denpasar,Individual
CUST-28897,Palembang,Individual
CUST-28898,Makassar,Corporate
CUST-28899,Surabaya,Individual
CUST-28900,Jakarta,Individual
CUST-28901,Palembang,Corporate
CUST-28902,Jakarta,nan
CUST-28903,Palembang,Individual
CUST-28904,Denpasar,Individual
CUST-28905,Medan,Corporate
CUST-28906,Bandung,Individual
CUST-28907,Semarang,Corporate
CUST-28908,Balikpapan,Individual
CUST-28909,Makassar,Individual
CUST-28910,Semarang,Individual
CUST-28911,Makassar,Corporate
CUST-28912,Medan,nan
CUST-28913,Balikpapan,nan
CUST-28914,Bandung,nan
CUST-28915,Medan,Individual
CUST-28916,Semarang,Individual
CUST-28917,Jakarta,Individual
CUST-28918,Jakarta,Individual
CUST-28919,Medan,Individual
CUST-28920,Palembang,Individual
CUST-28921,Surabaya,Individual
CUST-28922,Medan,nan
CUST-28923,Jakarta,Individual
CUST-28924,Denpasar,Individual
CUST-28925,Jakarta,Corporate
CUST-28926,Palembang,Individual
CUST-28927,Makassar,Individual
CUST-28928,Surabaya,Individual
CUST-28929,Makassar,Individual
CUST-28930,Balikpapan,Individual
CUST-28931,Semarang,nan
CUST-28932,Palembang,Individual
CUST-28933,Yogyakarta,Individual
CUST-28934,Jakarta,Individual
CUST-28935,Balikpapan,Individual
CUST-28936,Yogyakarta,Corporate
CUST-28937,Balikpapan,Individual
CUST-28938,Bandung,Individual
CUST-28939,Yogyakarta,Individual
CUST-28940,Semarang,Individual
CUST-28941,Jakarta,Individual
CUST-28942,Bandung,Individual
CUST-28943,Denpasar,Corporate
CUST-28944,Balikpapan,Individual
CUST-28945,Semarang,Individual
CUST-28946,Bandung,Individual
CUST-28947,Bandung,Individual
CUST-28948,Bandung,Corporate
CUST-28949,Jakarta,Individual
CUST-28950,Medan,nan
CUST-28951,Palembang,Corporate
CUST-28952,Balikpapan,nan
CUST-28953,Palembang,nan
CUST-28954,Surabaya,Individual
CUST-28955,Makassar,nan
CUST-28956,Denpasar,Individual
CUST-28957,Makassar,Individual
CUST-28958,Semarang,nan
CUST-28959,Makassar,Corporate
CUST-28960,Palembang,Individual
CUST-28961,Bandung,Individual
CUST-28962,Bandung,Individual
CUST-28963,Balikpapan,nan
CUST-28964,Denpasar,Individual
CUST-28965,Bandung,Corporate
CUST-28966,Yogyakarta,Corporate
CUST-28967,Medan,Corporate
CUST-28968,Bandung,Corporate
CUST-28969,Medan,Individual
CUST-28970,Semarang,Individual
CUST-28971,Balikpapan,nan
CUST-28972,Jakarta,Individual
CUST-28973,Makassar,Individual
CUST-28974,Balikpapan,Corporate
CUST-28975,Jakarta,Individual
CUST-28976,Balikpapan,Individual
CUST-28977,Denpasar,Individual
CUST-28978,Surabaya,Individual
CUST-28979,Jakarta,Individual
CUST-28980,Jakarta,Individual
CUST-28981,Semarang,Individual
CUST-28982,Semarang,Individual
CUST-28983,Yogyakarta,nan
CUST-28984,Semarang,Individual
CUST-28985,Palembang,Individual
CUST-28986,Surabaya,Individual
CUST-28987,Denpasar,Individual
CUST-28988,Yogyakarta,Individual
CUST-28989,Bandung,nan
CUST-28990,Yogyakarta,Corporate
CUST-28991,Medan,Individual
CUST-28992,Balikpapan,Individual
CUST-28993,Makassar,Individual
CUST-28994,Bandung,nan
CUST-28995,Semarang,nan
CUST-28996,Yogyakarta,Individual
CUST-28997,Surabaya,Individual
CUST-28998,Semarang,nan
CUST-28999,Semarang,Corporate
CUST-29000,Medan,nan
CUST-29001,Bandung,nan
CUST-29002,Bandung,Corporate
CUST-29003,Yogyakarta,nan
CUST-29004,Makassar,Individual
CUST-29005,Denpasar,Corporate
CUST-29006,Balikpapan,Corporate
CUST-29007,Makassar,Individual
CUST-29008,Bandung,Corporate
CUST-29009,Surabaya,Individual
CUST-29010,Yogyakarta,Corporate
CUST-29011,Palembang,Individual
CUST-29012,Surabaya,Corporate
CUST-29013,Palembang,Individual
CUST-29014,Yogyakarta,Individual
CUST-29015,Yogyakarta,Corporate
CUST-29016,Surabaya,Individual
CUST-29017,Jakarta,Individual
CUST-29018,Denpasar,Individual
CUST-29019,Semarang,Individual
CUST-29020,Surabaya,Individual
CUST-29021,Makassar,Individual
CUST-29022,Makassar,Individual
CUST-29023,Medan,Individual
CUST-29024,Palembang,Individual
CUST-29025,Yogyakarta,Individual
CUST-29026,Yogyakarta,Individual
CUST-29027,Balikpapan,Individual
CUST-29028,Surabaya,nan
CUST-29029,Jakarta,Individual
CUST-29030,Surabaya,nan
CUST-29031,Surabaya,Individual
CUST-29032,Semarang,nan
CUST-29033,Balikpapan,nan
CUST-29034,Semarang,Individual
CUST-29035,Surabaya,Individual
CUST-29036,Yogyakarta,Individual
CUST-29037,Balikpapan,Corporate
CUST-29038,Jakarta,Individual
CUST-29039,Medan,Corporate
CUST-29040,Makassar,Individual
CUST-29041,Makassar,Individual
CUST-29042,Palembang,Individual
CUST-29043,Surabaya,Individual
CUST-29044,Bandung,Individual
CUST-29045,Semarang,nan
CUST-29046,Palembang,nan
CUST-29047,Makassar,Individual
CUST-29048,Palembang,Individual
CUST-29049,Jakarta,Corporate
CUST-29050,Balikpapan,Individual
CUST-29051,Yogyakarta,Individual
CUST-29052,Palembang,Individual
CUST-29053,Palembang,Corporate
CUST-29054,Yogyakarta,Individual
CUST-29055,Balikpapan,Corporate
CUST-29056,Bandung,Corporate
CUST-29057,Semarang,Corporate
CUST-29058,Semarang,Corporate
CUST-29059,Semarang,nan
CUST-29060,Denpasar,Individual
CUST-29061,Bandung,nan
CUST-29062,Palembang,Individual
CUST-29063,Palembang,nan
CUST-29064,Surabaya,Individual
CUST-29065,Balikpapan,Corporate
CUST-29066,Yogyakarta,Individual
CUST-29067,Medan,Corporate
CUST-29068,Denpasar,Individual
CUST-29069,Semarang,Corporate
CUST-29070,Denpasar,Individual
CUST-29071,Denpasar,Individual
CUST-29072,Palembang,Corporate
CUST-29073,Semarang,nan
CUST-29074,Semarang,Individual
CUST-29075,Medan,nan
CUST-29076,Jakarta,Corporate
CUST-29077,Bandung,nan
CUST-29078,Makassar,Individual
CUST-29079,Medan,nan
CUST-29080,Makassar,Individual
CUST-29081,Denpasar,Individual
CUST-29082,Denpasar,Individual
CUST-29083,Palembang,Corporate
CUST-29084,Makassar,Individual
CUST-29085,Makassar,Individual
CUST-29086,Palembang,Individual
CUST-29087,Jakarta,nan
CUST-29088,Balikpapan,nan
CUST-29089,Surabaya,Individual
CUST-29090,Balikpapan,Individual
CUST-29091,Surabaya,Individual
CUST-29092,Balikpapan,Individual
CUST-29093,Semarang,nan
CUST-29094,Denpasar,Individual
CUST-29095,Jakarta,Individual
CUST-29096,Bandung,Corporate
CUST-29097,Bandung,Corporate
CUST-29098,Balikpapan,Corporate
CUST-29099,Yogyakarta,Individual
CUST-29100,Medan,Corporate
CUST-29101,Balikpapan,Corporate
CUST-29102,Bandung,nan
CUST-29103,Balikpapan,Individual
CUST-29104,Denpasar,Individual
CUST-29105,Semarang,Individual
CUST-29106,Palembang,Individual
CUST-29107,Jakarta,nan
CUST-29108,Medan,Individual
CUST-29109,Yogyakarta,Individual
CUST-29110,Palembang,Individual
CUST-29111,Jakarta,Corporate
CUST-29112,Makassar,Individual
CUST-29113,Medan,Individual
CUST-29114,Medan,Individual
CUST-29115,Balikpapan,Individual
CUST-29116,Denpasar,Individual
CUST-29117,Medan,Individual
CUST-29118,Jakarta,Individual
CUST-29119,Medan,Individual
CUST-29120,Yogyakarta,Individual
CUST-29121,Bandung,Individual
CUST-29122,Jakarta,Individual
CUST-29123,Surabaya,Corporate
CUST-29124,Medan,Individual
CUST-29125,Yogyakarta,Individual
CUST-29126,Yogyakarta,Corporate
CUST-29127,Denpasar,Corporate
CUST-29128,Palembang,Individual
CUST-29129,Surabaya,Individual
CUST-29130,Semarang,Individual
CUST-29131,Makassar,Individual
CUST-29132,Medan,Individual
CUST-29133,Balikpapan,Individual
CUST-29134,Medan,Individual
CUST-29135,Medan,Corporate
CUST-29136,Balikpapan,Individual
CUST-29137,Medan,nan
CUST-29138,Balikpapan,Corporate
CUST-29139,Denpasar,Individual
CUST-29140,Bandung,Individual
CUST-29141,Semarang,Individual
CUST-29142,Balikpapan,Corporate
CUST-29143,Balikpapan,Corporate
CUST-29144,Balikpapan,Corporate
CUST-29145,Makassar,Individual
CUST-29146,Medan,Individual
CUST-29147,Surabaya,nan
CUST-29148,Semarang,Individual
CUST-29149,Jakarta,nan
CUST-29150,Semarang,Individual
CUST-29151,Medan,Corporate
CUST-29152,Makassar,Individual
CUST-29153,Yogyakarta,Corporate
CUST-29154,Surabaya,Corporate
CUST-29155,Bandung,Individual
CUST-29156,Balikpapan,Corporate
CUST-29157,Yogyakarta,Corporate
CUST-29158,Denpasar,Individual
CUST-29159,Makassar,Individual
CUST-29160,Yogyakarta,nan
CUST-29161,Denpasar,Individual
CUST-29162,Makassar,Individual
CUST-29163,Makassar,Individual
CUST-29164,Makassar,Individual
CUST-29165,Semarang,Individual
CUST-29166,Bandung,Individual
CUST-29167,Palembang,Corporate
CUST-29168,Makassar,Individual
CUST-29169,Denpasar,Corporate
CUST-29170,Balikpapan,Corporate
CUST-29171,Makassar,Individual
CUST-29172,Semarang,Individual
CUST-29173,Makassar,Individual
CUST-29174,Balikpapan,Individual
CUST-29175,Balikpapan,nan
CUST-29176,Balikpapan,Individual
CUST-29177,Palembang,Individual
CUST-29178,Yogyakarta,Corporate
CUST-29179,Makassar,Individual
CUST-29180,Surabaya,Individual
CUST-29181,Semarang,Individual
CUST-29182,Palembang,nan
CUST-29183,Medan,Corporate
CUST-29184,Bandung,Individual
CUST-29185,Denpasar,Individual
CUST-29186,Medan,Individual
CUST-29187,Makassar,Corporate
CUST-29188,Bandung,Corporate
CUST-29189,Denpasar,Corporate
CUST-29190,Denpasar,nan
CUST-29191,Surabaya,Individual
CUST-29192,Yogyakarta,Individual
CUST-29193,Semarang,Individual
CUST-29194,Bandung,Individual
CUST-29195,Palembang,Individual
CUST-29196,Jakarta,nan
CUST-29197,Jakarta,Individual
CUST-29198,Yogyakarta,nan
CUST-29199,Semarang,Corporate
CUST-29200,Jakarta,Individual
CUST-29201,Makassar,Corporate
CUST-29202,Bandung,Individual
CUST-29203,Surabaya,Individual
CUST-29204,Makassar,Corporate
CUST-29205,Bandung,Corporate
CUST-29206,Palembang,Individual
CUST-29207,Makassar,nan
CUST-29208,Bandung,Individual
CUST-29209,Yogyakarta,nan
CUST-29210,Palembang,nan
CUST-29211,Yogyakarta,Individual
CUST-29212,Denpasar,Individual
CUST-29213,Denpasar,Corporate
CUST-29214,Bandung,Individual
CUST-29215,Bandung,nan
CUST-29216,Jakarta,Individual
CUST-29217,Jakarta,nan
CUST-29218,Denpasar,Individual
CUST-29219,Medan,Individual
CUST-29220,Surabaya,Corporate
CUST-29221,Surabaya,Individual
CUST-29222,Medan,Individual
CUST-29223,Yogyakarta,Individual
CUST-29224,Makassar,Individual
CUST-29225,Yogyakarta,Individual
CUST-29226,Medan,nan
CUST-29227,Semarang,Individual
CUST-29228,Surabaya,Corporate
CUST-29229,Yogyakarta,Individual
CUST-29230,Palembang,Individual
CUST-29231,Denpasar,Corporate
CUST-29232,Palembang,Individual
CUST-29233,Yogyakarta,Individual
CUST-29234,Semarang,nan
CUST-29235,Balikpapan,Individual
CUST-29236,Semarang,Individual
CUST-29237,Palembang,Individual
CUST-29238,Jakarta,Individual
CUST-29239,Semarang,nan
CUST-29240,Bandung,Individual
CUST-29241,Yogyakarta,nan
CUST-29242,Surabaya,Individual
CUST-29243,Balikpapan,Individual
CUST-29244,Medan,Individual
CUST-29245,Surabaya,Corporate
CUST-29246,Jakarta,Individual
CUST-29247,Surabaya,Corporate
CUST-29248,Yogyakarta,nan
CUST-29249,Surabaya,Corporate
CUST-29250,Yogyakarta,Individual
CUST-29251,Semarang,Individual
CUST-29252,Balikpapan,nan
CUST-29253,Yogyakarta,Individual
CUST-29254,Balikpapan,nan
CUST-29255,Balikpapan,nan
CUST-29256,Yogyakarta,Corporate
CUST-29257,Bandung,Corporate
CUST-29258,Surabaya,nan
CUST-29259,Makassar,Individual
CUST-29260,Bandung,Corporate
CUST-29261,Bandung,Individual
CUST-29262,Semarang,Corporate
CUST-29263,Balikpapan,Individual
CUST-29264,Bandung,Corporate
CUST-29265,Denpasar,Individual
CUST-29266,Medan,nan
CUST-29267,Surabaya,Individual
CUST-29268,Bandung,Individual
CUST-29269,Medan,nan
CUST-29270,Makassar,Corporate
CUST-29271,Jakarta,Individual
CUST-29272,Makassar,Individual
CUST-29273,Makassar,Individual
CUST-29274,Bandung,Individual
CUST-29275,Semarang,Individual
CUST-29276,Denpasar,Corporate
CUST-29277,Surabaya,Corporate
CUST-29278,Jakarta,Individual
CUST-29279,Yogyakarta,Corporate
CUST-29280,Jakarta,Corporate
CUST-29281,Bandung,Individual
CUST-29282,Makassar,Individual
CUST-29283,Yogyakarta,nan
CUST-29284,Surabaya,Individual
CUST-29285,Jakarta,Individual
CUST-29286,Makassar,Corporate
CUST-29287,Makassar,Individual
CUST-29288,Palembang,Individual
CUST-29289,Surabaya,Individual
CUST-29290,Denpasar,nan
CUST-29291,Jakarta,nan
CUST-29292,Denpasar,Individual
CUST-29293,Jakarta,Individual
CUST-29294,Palembang,Individual
CUST-29295,Palembang,Individual
CUST-29296,Surabaya,nan
CUST-29297,Jakarta,Individual
CUST-29298,Medan,Individual
CUST-29299,Medan,Individual
CUST-29300,Balikpapan,Corporate
CUST-29301,Yogyakarta,Individual
CUST-29302,Semarang,Individual
CUST-29303,Makassar,Individual
CUST-29304,Yogyakarta,Corporate
CUST-29305,Denpasar,Individual
CUST-29306,Medan,nan
CUST-29307,Makassar,Individual
CUST-29308,Bandung,Corporate
CUST-29309,Denpasar,Individual
CUST-29310,Jakarta,nan
CUST-29311,Makassar,Individual
CUST-29312,Palembang,Individual
CUST-29313,Makassar,Individual
CUST-29314,Denpasar,Individual
CUST-29315,Denpasar,nan
CUST-29316,Balikpapan,Individual
CUST-29317,Yogyakarta,Corporate
CUST-29318,Denpasar,Individual
CUST-29319,Palembang,Individual
CUST-29320,Makassar,Corporate
CUST-29321,Semarang,Individual
CUST-29322,Semarang,Individual
CUST-29323,Jakarta,Corporate
CUST-29324,Denpasar,Corporate
CUST-29325,Palembang,Individual
CUST-29326,Bandung,Individual
CUST-29327,Bandung,nan
CUST-29328,Medan,Individual
CUST-29329,Palembang,Individual
CUST-29330,Bandung,Corporate
CUST-29331,Palembang,Individual
CUST-29332,Makassar,Individual
CUST-29333,Semarang,Corporate
CUST-29334,Bandung,Individual
CUST-29335,Palembang,Corporate
CUST-29336,Surabaya,Individual
CUST-29337,Bandung,Individual
CUST-29338,Jakarta,nan
CUST-29339,Makassar,nan
CUST-29340,Surabaya,Corporate
CUST-29341,Semarang,nan
CUST-29342,Balikpapan,Individual
CUST-29343,Palembang,Individual
CUST-29344,Palembang,Individual
CUST-29345,Jakarta,nan
CUST-29346,Medan,Corporate
CUST-29347,Denpasar,Corporate
CUST-29348,Surabaya,Individual
CUST-29349,Makassar,Corporate
CUST-29350,Yogyakarta,Corporate
CUST-29351,Semarang,Individual
CUST-29352,Denpasar,Individual
CUST-29353,Yogyakarta,Individual
CUST-29354,Denpasar,Individual
CUST-29355,Bandung,Individual
CUST-29356,Denpasar,nan
CUST-29357,Jakarta,Individual
CUST-29358,Yogyakarta,nan
CUST-29359,Makassar,Individual
CUST-29360,Yogyakarta,Corporate
CUST-29361,Palembang,Individual
CUST-29362,Semarang,Corporate
CUST-29363,Denpasar,Individual
CUST-29364,Semarang,Corporate
CUST-29365,Denpasar,Individual
CUST-29366,Surabaya,Individual
CUST-29367,Jakarta,Corporate
CUST-29368,Yogyakarta,nan
CUST-29369,Jakarta,Individual
CUST-29370,Medan,Corporate
CUST-29371,Jakarta,nan
CUST-29372,Yogyakarta,Corporate
CUST-29373,Bandung,Corporate
CUST-29374,Makassar,Individual
CUST-29375,Jakarta,Individual
CUST-29376,Denpasar,Corporate
CUST-29377,Denpasar,Corporate
CUST-29378,Surabaya,Individual
CUST-29379,Surabaya,Corporate
CUST-29380,Medan,Individual
CUST-29381,Makassar,Individual
CUST-29382,Jakarta,Individual
CUST-29383,Medan,Individual
CUST-29384,Balikpapan,Corporate
CUST-29385,Balikpapan,Corporate
CUST-29386,Jakarta,Corporate
CUST-29387,Medan,Individual
CUST-29388,Balikpapan,Corporate
CUST-29389,Medan,Individual
CUST-29390,Balikpapan,Corporate
CUST-29391,Semarang,Individual
CUST-29392,Medan,Individual
CUST-29393,Palembang,Individual
CUST-29394,Jakarta,Individual
CUST-29395,Surabaya,Individual
CUST-29396,Makassar,Corporate
CUST-29397,Yogyakarta,Individual
CUST-29398,Surabaya,nan
CUST-29399,Jakarta,Corporate
CUST-29400,Balikpapan,Corporate
CUST-29401,Balikpapan,Individual
CUST-29402,Medan,Corporate
CUST-29403,Denpasar,Individual
CUST-29404,Palembang,Individual
CUST-29405,Surabaya,nan
CUST-29406,Medan,nan
CUST-29407,Medan,nan
CUST-29408,Denpasar,Corporate
CUST-29409,Semarang,Individual
CUST-29410,Semarang,Individual
CUST-29411,Semarang,Individual
CUST-29412,Surabaya,Individual
CUST-29413,Yogyakarta,Individual
CUST-29414,Makassar,nan
CUST-29415,Semarang,Individual
CUST-29416,Bandung,Individual
CUST-29417,Semarang,Individual
CUST-29418,Balikpapan,Individual
CUST-29419,Bandung,Individual
CUST-29420,Yogyakarta,Corporate
CUST-29421,Jakarta,nan
CUST-29422,Denpasar,Individual
CUST-29423,Palembang,Individual
CUST-29424,Yogyakarta,Corporate
CUST-29425,Yogyakarta,Individual
CUST-29426,Yogyakarta,Individual
CUST-29427,Surabaya,nan
CUST-29428,Bandung,Individual
CUST-29429,Yogyakarta,Individual
CUST-29430,Bandung,nan
CUST-29431,Palembang,nan
CUST-29432,Surabaya,Individual
CUST-29433,Medan,Individual
CUST-29434,Makassar,Individual
CUST-29435,Makassar,Individual
CUST-29436,Bandung,Individual
CUST-29437,Jakarta,Individual
CUST-29438,Semarang,Individual
CUST-29439,Semarang,Individual
CUST-29440,Makassar,Corporate
CUST-29441,Medan,Individual
CUST-29442,Jakarta,Individual
CUST-29443,Denpasar,Individual
CUST-29444,Medan,Individual
CUST-29445,Balikpapan,Individual
CUST-29446,Denpasar,Individual
CUST-29447,Balikpapan,Corporate
CUST-29448,Bandung,Individual
CUST-29449,Palembang,Corporate
CUST-29450,Medan,Corporate
CUST-29451,Makassar,nan
CUST-29452,Denpasar,Corporate
CUST-29453,Yogyakarta,Corporate
CUST-29454,Palembang,Individual
CUST-29455,Balikpapan,Individual
CUST-29456,Bandung,Individual
CUST-29457,Palembang,Corporate
CUST-29458,Denpasar,nan
CUST-29459,Denpasar,Individual
CUST-29460,Makassar,Corporate
CUST-29461,Makassar,Corporate
CUST-29462,Semarang,Corporate
CUST-29463,Bandung,Individual
CUST-29464,Semarang,Individual
CUST-29465,Surabaya,Individual
CUST-29466,Surabaya,nan
CUST-29467,Semarang,Individual
CUST-29468,Palembang,Individual
CUST-29469,Makassar,Individual
CUST-29470,Jakarta,Corporate
CUST-29471,Bandung,Individual
CUST-29472,Balikpapan,Individual
CUST-29473,Yogyakarta,Individual
CUST-29474,Surabaya,Individual
CUST-29475,Denpasar,Individual
CUST-29476,Medan,Individual
CUST-29477,Makassar,Individual
CUST-29478,Surabaya,nan
CUST-29479,Palembang,nan
CUST-29480,Jakarta,Individual
CUST-29481,Jakarta,Corporate
CUST-29482,Balikpapan,nan
CUST-29483,Palembang,Corporate
CUST-29484,Semarang,Individual
CUST-29485,Yogyakarta,Corporate
CUST-29486,Denpasar,Individual
CUST-29487,Palembang,Corporate
CUST-29488,Palembang,Individual
CUST-29489,Surabaya,Individual
CUST-29490,Semarang,nan
CUST-29491,Medan,Individual
CUST-29492,Denpasar,Corporate
CUST-29493,Yogyakarta,Individual
CUST-29494,Semarang,Individual
CUST-29495,Palembang,Corporate
CUST-29496,Palembang,Corporate
CUST-29497,Balikpapan,Individual
CUST-29498,Makassar,Individual
CUST-29499,Medan,Individual
CUST-29500,Semarang,Individual
CUST-29501,Semarang,Individual
CUST-29502,Surabaya,nan
CUST-29503,Bandung,Individual
CUST-29504,Makassar,Individual
CUST-29505,Denpasar,nan
CUST-29506,Surabaya,Corporate
CUST-29507,Makassar,nan
CUST-29508,Surabaya,Individual
CUST-29509,Jakarta,nan
CUST-29510,Semarang,nan
CUST-29511,Medan,nan
CUST-29512,Makassar,Individual
CUST-29513,Balikpapan,nan
CUST-29514,Palembang,Corporate
CUST-29515,Semarang,Individual
CUST-29516,Makassar,Individual
CUST-29517,Palembang,Individual
CUST-29518,Balikpapan,Individual
CUST-29519,Palembang,Individual
CUST-29520,Yogyakarta,Individual
CUST-29521,Semarang,Individual
CUST-29522,Makassar,Individual
CUST-29523,Surabaya,Corporate
CUST-29524,Semarang,Individual
CUST-29525,Jakarta,Corporate
CUST-29526,Yogyakarta,Individual
CUST-29527,Palembang,Corporate
CUST-29528,Jakarta,Individual
CUST-29529,Palembang,Individual
CUST-29530,Yogyakarta,Corporate
CUST-29531,Denpasar,Individual
CUST-29532,Jakarta,Individual
CUST-29533,Makassar,Individual
CUST-29534,Semarang,nan
CUST-29535,Medan,Corporate
CUST-29536,Makassar,Corporate
CUST-29537,Balikpapan,Individual
CUST-29538,Medan,Individual
CUST-29539,Makassar,Individual
CUST-29540,Balikpapan,Individual
CUST-29541,Semarang,Corporate
CUST-29542,Medan,Individual
CUST-29543,Palembang,Individual
CUST-29544,Balikpapan,nan
CUST-29545,Makassar,Individual
CUST-29546,Balikpapan,Individual
CUST-29547,Bandung,Corporate
CUST-29548,Semarang,Individual
CUST-29549,Surabaya,Corporate
CUST-29550,Yogyakarta,Individual
CUST-29551,Denpasar,nan
CUST-29552,Denpasar,Individual
CUST-29553,Medan,Individual
CUST-29554,Denpasar,Individual
CUST-29555,Medan,Individual
CUST-29556,Denpasar,Individual
CUST-29557,Palembang,Corporate
CUST-29558,Yogyakarta,nan
CUST-29559,Denpasar,nan
CUST-29560,Semarang,Individual
CUST-29561,Palembang,Corporate
CUST-29562,Surabaya,Corporate
CUST-29563,Bandung,Individual
CUST-29564,Surabaya,Individual
CUST-29565,Palembang,nan
CUST-29566,Surabaya,Corporate
CUST-29567,Surabaya,nan
CUST-29568,Yogyakarta,nan
CUST-29569,Medan,Individual
CUST-29570,Medan,Corporate
CUST-29571,Semarang,Corporate
CUST-29572,Palembang,nan
CUST-29573,Bandung,Individual
CUST-29574,Balikpapan,Individual
CUST-29575,Yogyakarta,Individual
CUST-29576,Makassar,Individual
CUST-29577,Makassar,Individual
CUST-29578,Surabaya,Corporate
CUST-29579,Yogyakarta,Corporate
CUST-29580,Denpasar,Individual
CUST-29581,Surabaya,Individual
CUST-29582,Balikpapan,Individual
CUST-29583,Medan,Individual
CUST-29584,Jakarta,Individual
CUST-29585,Bandung,Individual
CUST-29586,Makassar,nan
CUST-29587,Jakarta,Corporate
CUST-29588,Makassar,Individual
CUST-29589,Denpasar,Individual
CUST-29590,Surabaya,Individual
CUST-29591,Jakarta,Individual
CUST-29592,Semarang,Individual
CUST-29593,Balikpapan,Corporate
CUST-29594,Semarang,Individual
CUST-29595,Semarang,Individual
CUST-29596,Jakarta,Individual
CUST-29597,Balikpapan,nan
CUST-29598,Yogyakarta,Individual
CUST-29599,Semarang,nan
CUST-29600,Yogyakarta,Corporate
CUST-29601,Palembang,Corporate
CUST-29602,Jakarta,nan
CUST-29603,Jakarta,Individual
CUST-29604,Medan,Individual
CUST-29605,Denpasar,nan
CUST-29606,Yogyakarta,Individual
CUST-29607,Surabaya,Corporate
CUST-29608,Makassar,Individual
CUST-29609,Jakarta,Individual
CUST-29610,Bandung,Individual
CUST-29611,Surabaya,Individual
CUST-29612,Yogyakarta,Individual
CUST-29613,Surabaya,nan
CUST-29614,Denpasar,Individual
CUST-29615,Surabaya,Individual
CUST-29616,Balikpapan,Corporate
CUST-29617,Palembang,Individual
CUST-29618,Makassar,Individual
CUST-29619,Palembang,Individual
CUST-29620,Palembang,Individual
CUST-29621,Palembang,Individual
CUST-29622,Surabaya,Corporate
CUST-29623,Denpasar,Corporate
CUST-29624,Denpasar,Corporate
CUST-29625,Jakarta,Individual
CUST-29626,Medan,Corporate
CUST-29627,Yogyakarta,Individual
CUST-29628,Yogyakarta,Corporate
CUST-29629,Denpasar,Corporate
CUST-29630,Yogyakarta,Individual
CUST-29631,Semarang,nan
CUST-29632,Semarang,Individual
CUST-29633,Surabaya,nan
CUST-29634,Jakarta,Individual
CUST-29635,Bandung,Individual
CUST-29636,Yogyakarta,Individual
CUST-29637,Makassar,Individual
CUST-29638,Balikpapan,Individual
CUST-29639,Semarang,Individual
CUST-29640,Semarang,Individual
CUST-29641,Denpasar,Individual
CUST-29642,Makassar,Corporate
CUST-29643,Makassar,Individual
CUST-29644,Surabaya,Corporate
CUST-29645,Semarang,Corporate
CUST-29646,Makassar,Corporate
CUST-29647,Palembang,Corporate
CUST-29648,Makassar,Individual
CUST-29649,Medan,Individual
CUST-29650,Jakarta,Corporate
CUST-29651,Semarang,Individual
CUST-29652,Makassar,nan
CUST-29653,Denpasar,Individual
CUST-29654,Balikpapan,Individual
CUST-29655,Palembang,Corporate
CUST-29656,Makassar,Individual
CUST-29657,Bandung,Individual
CUST-29658,Makassar,Individual
CUST-29659,Semarang,Individual
CUST-29660,Surabaya,Individual
CUST-29661,Bandung,Corporate
CUST-29662,Semarang,Individual
CUST-29663,Bandung,Individual
CUST-29664,Bandung,Individual
CUST-29665,Denpasar,Corporate
CUST-29666,Medan,Individual
CUST-29667,Yogyakarta,Individual
CUST-29668,Bandung,Individual
CUST-29669,Denpasar,Individual
CUST-29670,Palembang,Corporate
CUST-29671,Semarang,Corporate
CUST-29672,Semarang,Corporate
CUST-29673,Palembang,Corporate
CUST-29674,Medan,nan
CUST-29675,Makassar,nan
CUST-29676,Balikpapan,Individual
CUST-29677,Yogyakarta,nan
CUST-29678,Bandung,nan
CUST-29679,Medan,Individual
CUST-29680,Palembang,Individual
CUST-29681,Balikpapan,nan
CUST-29682,Medan,Individual
CUST-29683,Semarang,Corporate
CUST-29684,Yogyakarta,Corporate
CUST-29685,Semarang,Individual
CUST-29686,Balikpapan,Individual
CUST-29687,Semarang,Individual
CUST-29688,Denpasar,Corporate
CUST-29689,Yogyakarta,Individual
CUST-29690,Makassar,Corporate
CUST-29691,Medan,Individual
CUST-29692,Surabaya,Individual
CUST-29693,Makassar,Corporate
CUST-29694,Semarang,Individual
CUST-29695,Yogyakarta,Individual
CUST-29696,Palembang,Corporate
CUST-29697,Yogyakarta,Corporate
CUST-29698,Balikpapan,Individual
CUST-29699,Palembang,Corporate
CUST-29700,Denpasar,Individual
CUST-29701,Medan,nan
CUST-29702,Makassar,Individual
CUST-29703,Jakarta,Corporate
CUST-29704,Balikpapan,Individual
CUST-29705,Denpasar,Individual
CUST-29706,Surabaya,Individual
CUST-29707,Palembang,nan
CUST-29708,Palembang,nan
CUST-29709,Denpasar,Individual
CUST-29710,Makassar,Corporate
CUST-29711,Denpasar,Individual
CUST-29712,Medan,Individual
CUST-29713,Bandung,Individual
CUST-29714,Denpasar,Corporate
CUST-29715,Palembang,Individual
CUST-29716,Surabaya,Individual
CUST-29717,Denpasar,Corporate
CUST-29718,Palembang,Individual
CUST-29719,Yogyakarta,Corporate
CUST-29720,Yogyakarta,Individual
CUST-29721,Bandung,Corporate
CUST-29722,Yogyakarta,Corporate
CUST-29723,Semarang,Individual
CUST-29724,Palembang,nan
CUST-29725,Denpasar,Individual
CUST-29726,Makassar,Individual
CUST-29727,Palembang,Corporate
CUST-29728,Yogyakarta,Individual
CUST-29729,Surabaya,Individual
CUST-29730,Surabaya,nan
CUST-29731,Balikpapan,Corporate
CUST-29732,Semarang,Individual
CUST-29733,Denpasar,Corporate
CUST-29734,Surabaya,Individual
CUST-29735,Semarang,Individual
CUST-29736,Balikpapan,Corporate
CUST-29737,Bandung,Individual
CUST-29738,Balikpapan,Individual
CUST-29739,Balikpapan,Individual
CUST-29740,Surabaya,nan
CUST-29741,Palembang,Individual
CUST-29742,Semarang,Corporate
CUST-29743,Surabaya,Individual
CUST-29744,Balikpapan,Individual
CUST-29745,Yogyakarta,Corporate
CUST-29746,Jakarta,Individual
CUST-29747,Jakarta,Individual
CUST-29748,Yogyakarta,Corporate
CUST-29749,Surabaya,Individual
CUST-29750,Balikpapan,Individual
CUST-29751,Denpasar,Individual
CUST-29752,Palembang,Individual
CUST-29753,Bandung,nan
CUST-29754,Palembang,Individual
CUST-29755,Surabaya,Corporate
CUST-29756,Surabaya,Corporate
CUST-29757,Palembang,nan
CUST-29758,Denpasar,Individual
CUST-29759,Surabaya,Individual
CUST-29760,Medan,Individual
CUST-29761,Medan,Individual
CUST-29762,Balikpapan,Individual
CUST-29763,Denpasar,Corporate
CUST-29764,Bandung,nan
CUST-29765,Makassar,Corporate
CUST-29766,Bandung,Individual
CUST-29767,Yogyakarta,Corporate
CUST-29768,Palembang,Individual
CUST-29769,Yogyakarta,Corporate
CUST-29770,Balikpapan,Corporate
CUST-29771,Medan,nan
CUST-29772,Surabaya,Individual
CUST-29773,Surabaya,Individual
CUST-29774,Bandung,Individual
CUST-29775,Bandung,nan
CUST-29776,Yogyakarta,nan
CUST-29777,Jakarta,Corporate
CUST-29778,Bandung,Individual
CUST-29779,Palembang,Individual
CUST-29780,Semarang,Individual
CUST-29781,Balikpapan,Individual
CUST-29782,Denpasar,Individual
CUST-29783,Yogyakarta,Individual
CUST-29784,Yogyakarta,nan
CUST-29785,Makassar,nan
CUST-29786,Palembang,Corporate
CUST-29787,Jakarta,Individual
CUST-29788,Medan,nan
CUST-29789,Surabaya,nan
CUST-29790,Palembang,Individual
CUST-29791,Balikpapan,nan
CUST-29792,Palembang,Individual
CUST-29793,Jakarta,Corporate
CUST-29794,Palembang,Individual
CUST-29795,Surabaya,Individual
CUST-29796,Yogyakarta,Individual
CUST-29797,Semarang,Individual
CUST-29798,Balikpapan,Individual
CUST-29799,Palembang,Corporate
CUST-29800,Surabaya,nan
CUST-29801,Surabaya,Individual
CUST-29802,Palembang,Individual
CUST-29803,Yogyakarta,Individual
CUST-29804,Makassar,nan
CUST-29805,Surabaya,Individual
CUST-29806,Yogyakarta,Individual
CUST-29807,Yogyakarta,Individual
CUST-29808,Makassar,Individual
CUST-29809,Bandung,Individual
CUST-29810,Bandung,nan
CUST-29811,Palembang,nan
CUST-29812,Surabaya,Individual
CUST-29813,Surabaya,Individual
CUST-29814,Semarang,Corporate
CUST-29815,Balikpapan,nan
CUST-29816,Semarang,Individual
CUST-29817,Surabaya,nan
CUST-29818,Surabaya,Individual
CUST-29819,Semarang,Corporate
CUST-29820,Semarang,Individual
CUST-29821,Makassar,Corporate
CUST-29822,Surabaya,Corporate
CUST-29823,Medan,Individual
CUST-29824,Medan,Corporate
CUST-29825,Semarang,Individual
CUST-29826,Medan,Individual
CUST-29827,Makassar,Corporate
CUST-29828,Semarang,Individual
CUST-29829,Jakarta,Individual
CUST-29830,Makassar,Individual
CUST-29831,Medan,Individual
CUST-29832,Medan,Individual
CUST-29833,Palembang,Corporate
CUST-29834,Semarang,Corporate
CUST-29835,Bandung,nan
CUST-29836,Bandung,nan
CUST-29837,Denpasar,Individual
CUST-29838,Yogyakarta,Corporate
CUST-29839,Denpasar,Corporate
CUST-29840,Makassar,Individual
CUST-29841,Denpasar,Individual
CUST-29842,Denpasar,Individual
CUST-29843,Bandung,Individual
CUST-29844,Palembang,Individual
CUST-29845,Yogyakarta,nan
CUST-29846,Jakarta,Individual
CUST-29847,Makassar,Individual
CUST-29848,Surabaya,Individual
CUST-29849,Surabaya,Individual
CUST-29850,Yogyakarta,Individual
CUST-29851,Bandung,Corporate
CUST-29852,Makassar,Individual
CUST-29853,Jakarta,Individual
CUST-29854,Palembang,Individual
CUST-29855,Yogyakarta,Individual
CUST-29856,Medan,Corporate
CUST-29857,Yogyakarta,nan
CUST-29858,Surabaya,nan
CUST-29859,Bandung,Individual
CUST-29860,Jakarta,Individual
CUST-29861,Denpasar,Individual
CUST-29862,Palembang,Individual
CUST-29863,Medan,nan
CUST-29864,Denpasar,Individual
CUST-29865,Semarang,Individual
CUST-29866,Palembang,Individual
CUST-29867,Medan,Corporate
CUST-29868,Balikpapan,Individual
CUST-29869,Balikpapan,Individual
CUST-29870,Yogyakarta,Individual
CUST-29871,Bandung,Individual
CUST-29872,Medan,Corporate
CUST-29873,Makassar,Individual
CUST-29874,Makassar,Individual
CUST-29875,Palembang,nan
CUST-29876,Medan,Individual
CUST-29877,Makassar,Individual
CUST-29878,Bandung,Corporate
CUST-29879,Surabaya,nan
CUST-29880,Yogyakarta,nan
CUST-29881,Makassar,Individual
CUST-29882,Palembang,Corporate
CUST-29883,Surabaya,Corporate
CUST-29884,Surabaya,Individual
CUST-29885,Semarang,nan
CUST-29886,Denpasar,Individual
CUST-29887,Medan,Corporate
CUST-29888,Bandung,Corporate
CUST-29889,Medan,Individual
CUST-29890,Bandung,nan
CUST-29891,Makassar,Individual
CUST-29892,Palembang,Individual
CUST-29893,Semarang,nan
CUST-29894,Semarang,Individual
CUST-29895,Balikpapan,Individual
CUST-29896,Palembang,Individual
CUST-29897,Jakarta,Individual
CUST-29898,Surabaya,Individual
CUST-29899,Semarang,Corporate
CUST-29900,Palembang,Individual
CUST-29901,Surabaya,Individual
CUST-29902,Denpasar,Individual
CUST-29903,Makassar,Individual
CUST-29904,Jakarta,Individual
CUST-29905,Denpasar,nan
CUST-29906,Medan,Corporate
CUST-29907,Jakarta,Individual
CUST-29908,Medan,Corporate
CUST-29909,Jakarta,Individual
CUST-29910,Makassar,Individual
CUST-29911,Jakarta,nan
CUST-29912,Bandung,nan
CUST-29913,Medan,Individual
CUST-29914,Semarang,nan
CUST-29915,Yogyakarta,Corporate
CUST-29916,Balikpapan,Corporate
CUST-29917,Denpasar,Individual
CUST-29918,Palembang,nan
CUST-29919,Jakarta,Corporate
CUST-29920,Jakarta,Individual
CUST-29921,Makassar,Individual
CUST-29922,Balikpapan,nan
CUST-29923,Balikpapan,Individual
CUST-29924,Jakarta,Individual
CUST-29925,Semarang,Individual
CUST-29926,Surabaya,Individual
CUST-29927,Balikpapan,Individual
CUST-29928,Denpasar,Individual
CUST-29929,Semarang,Individual
CUST-29930,Makassar,Individual
CUST-29931,Bandung,Corporate
CUST-29932,Makassar,Individual
CUST-29933,Balikpapan,Individual
CUST-29934,Jakarta,Individual
CUST-29935,Palembang,nan
CUST-29936,Makassar,nan
CUST-29937,Balikpapan,Corporate
CUST-29938,Yogyakarta,nan
CUST-29939,Denpasar,Individual
CUST-29940,Yogyakarta,Individual
CUST-29941,Makassar,Individual
CUST-29942,Yogyakarta,Individual
CUST-29943,Surabaya,Individual
CUST-29944,Balikpapan,Corporate
CUST-29945,Denpasar,Individual
CUST-29946,Palembang,Individual
CUST-29947,Yogyakarta,Individual
CUST-29948,Semarang,Corporate
CUST-29949,Bandung,Individual
CUST-29950,Makassar,Corporate
CUST-29951,Balikpapan,Individual
CUST-29952,Jakarta,Individual
CUST-29953,Yogyakarta,Corporate
CUST-29954,Jakarta,Individual
CUST-29955,Yogyakarta,Corporate
CUST-29956,Denpasar,Corporate
CUST-29957,Yogyakarta,Individual
CUST-29958,Balikpapan,Individual
CUST-29959,Bandung,Individual
CUST-29960,Makassar,nan
CUST-29961,Balikpapan,nan
CUST-29962,Semarang,Corporate
CUST-29963,Surabaya,Individual
CUST-29964,Palembang,Corporate
CUST-29965,Balikpapan,Individual
CUST-29966,Yogyakarta,Individual
CUST-29967,Medan,Individual
CUST-29968,Palembang,Individual
CUST-29969,Semarang,Individual
CUST-29970,Bandung,Corporate
CUST-29971,Makassar,Individual
CUST-29972,Balikpapan,nan
CUST-29973,Denpasar,Individual
CUST-29974,Palembang,nan
CUST-29975,Semarang,Corporate
CUST-29976,Palembang,Individual
CUST-29977,Denpasar,Individual
CUST-29978,Makassar,Individual
CUST-29979,Denpasar,Individual
CUST-29980,Makassar,nan
CUST-29981,Yogyakarta,Corporate
CUST-29982,Balikpapan,Individual
CUST-29983,Medan,Individual
CUST-29984,Semarang,Corporate
CUST-29985,Surabaya,Individual
CUST-29986,Yogyakarta,Individual
CUST-29987,Denpasar,nan
CUST-29988,Jakarta,Corporate
CUST-29989,Denpasar,Individual
CUST-29990,Balikpapan,nan
CUST-29991,Bandung,Individual
CUST-29992,Semarang,Individual
CUST-29993,Semarang,Individual
CUST-29994,Makassar,Individual
CUST-29995,Balikpapan,Individual
CUST-29996,Medan,Individual
CUST-29997,Jakarta,Individual
CUST-29998,Bandung,Individual
CUST-29999,Makassar,nan
CUST-30000,Semarang,Corporate
